reference_id,namespace,source_memberships,object_type,original_id,original_source_nibble,identity_evidence,source_path,source_sha256,source_url
rct1.footpath_surface.road,rct1,rct1;rct2,footpath_surface,,,editor-only compatibility metadata,objects/rct1/footpath_surface/rct1.footpath_surface.road/object.json,27c4bdf4985a115b22e7f27739fff27885fdf9259df5d026fe8c1ac227cf26ad,https://github.com/OpenRCT2/objects/blob/978f596972c1163dc670d853dd6add4766f10dbd/objects/rct1/footpath_surface/rct1.footpath_surface.road/object.json
rct2.audio.base.rct2,rct2,rct2,audio,,,source-marked reconstruction,objects/rct2/audio/rct2.audio.base.rct2.json,3ca5ab8c7de92327619cc1148d873685da7f69effda7e517bd3a7f02a87e22ac,https://github.com/OpenRCT2/objects/blob/978f596972c1163dc670d853dd6add4766f10dbd/objects/rct2/audio/rct2.audio.base.rct2.json
rct2.audio.base.rctc,rct2,rct2,audio,,,source-marked reconstruction,objects/rct2/audio/rct2.audio.base.rctc.json,92c492ff6bfa2dae2d18c31d84b84d64526a7b7363f0a8db0b0a4a5cf8e2ae17,https://github.com/OpenRCT2/objects/blob/978f596972c1163dc670d853dd6add4766f10dbd/objects/rct2/audio/rct2.audio.base.rctc.json
rct2.audio.circus,rct2,rct2,audio,,,source-marked reconstruction,objects/rct2/audio/rct2.audio.circus.json,e984875d05bbb922c856e7f798dfd98b39a2b996f2387ea7a57687e2d7042fb9,https://github.com/OpenRCT2/objects/blob/978f596972c1163dc670d853dd6add4766f10dbd/objects/rct2/audio/rct2.audio.circus.json
rct2.audio.title,rct2,rct2,audio,,,source-marked reconstruction,objects/rct2/audio/rct2.audio.title.json,c6e1a999e54f87cf336a1ee368d9c8aa38a929a1a00156c522c31f1f82082fc8,https://github.com/OpenRCT2/objects/blob/978f596972c1163dc670d853dd6add4766f10dbd/objects/rct2/audio/rct2.audio.title.json
rct2.climate.cold,rct2,rct2;rct1ll,climate,,,source-marked reconstruction,objects/rct2/climate/rct2.climate.cold.json,4f2ee1c52e03467a767264d5aa63437bfd2fec931919748e54320d80ada78b50,https://github.com/OpenRCT2/objects/blob/978f596972c1163dc670d853dd6add4766f10dbd/objects/rct2/climate/rct2.climate.cold.json
rct2.climate.cool_and_wet,rct2,rct2;rct1,climate,,,source-marked reconstruction,objects/rct2/climate/rct2.climate.cool_and_wet.json,72d8314af4056a3a7428a989f28e19d4ed84d3b4594171a57fb30b88d98cdd62,https://github.com/OpenRCT2/objects/blob/978f596972c1163dc670d853dd6add4766f10dbd/objects/rct2/climate/rct2.climate.cool_and_wet.json
rct2.climate.hot_and_dry,rct2,rct2;rct1,climate,,,source-marked reconstruction,objects/rct2/climate/rct2.climate.hot_and_dry.json,272864a5a366585a0292d7bac2fe11f2b01efbb960afa8147d85d7e1b25c764a,https://github.com/OpenRCT2/objects/blob/978f596972c1163dc670d853dd6add4766f10dbd/objects/rct2/climate/rct2.climate.hot_and_dry.json
rct2.climate.warm,rct2,rct2;rct1,climate,,,source-marked reconstruction,objects/rct2/climate/rct2.climate.warm.json,0f270848e50d4ce822e5c310bf19d7fe20bb10468ac4c2d3c3899d21985fa9f8,https://github.com/OpenRCT2/objects/blob/978f596972c1163dc670d853dd6add4766f10dbd/objects/rct2/climate/rct2.climate.warm.json
rct2.footpath_banner.bn1,rct2,rct2;rct1aa,footpath_banner,0A188F84|BN1     |8DA7F8BC,8,legacy identity metadata,objects/rct2/footpath_banner/rct2.footpath_banner.bn1.json,c778b0201d79fa2abe4ab6d7cc18db960b1789c5120e5da627a81387788df22f,https://github.com/OpenRCT2/objects/blob/978f596972c1163dc670d853dd6add4766f10dbd/objects/rct2/footpath_banner/rct2.footpath_banner.bn1.json
rct2.footpath_banner.bn2,rct2,rct2;rct1aa,footpath_banner,0A188F84|BN2     |0E9A9E27,8,legacy identity metadata,objects/rct2/footpath_banner/rct2.footpath_banner.bn2.json,760ea2ae7f63adb3b2a5238d42f961028063884bc40f61101e5393e46b700199,https://github.com/OpenRCT2/objects/blob/978f596972c1163dc670d853dd6add4766f10dbd/objects/rct2/footpath_banner/rct2.footpath_banner.bn2.json
rct2.footpath_banner.bn3,rct2,rct2;rct1aa,footpath_banner,0A188F84|BN3     |19B94BF5,8,legacy identity metadata,objects/rct2/footpath_banner/rct2.footpath_banner.bn3.json,bb4e0b47d66b6e5f91f14d671e55037bb6d84953bb98e226a9eff3bbefee68b7,https://github.com/OpenRCT2/objects/blob/978f596972c1163dc670d853dd6add4766f10dbd/objects/rct2/footpath_banner/rct2.footpath_banner.bn3.json
rct2.footpath_banner.bn4,rct2,rct2;rct1aa,footpath_banner,0A188F84|BN4     |FD7EF62E,8,legacy identity metadata,objects/rct2/footpath_banner/rct2.footpath_banner.bn4.json,34b7787c3658c123e2f1c01d78c38e6df8f00ebfe1ad4e1ee0c314a9d337b1c7,https://github.com/OpenRCT2/objects/blob/978f596972c1163dc670d853dd6add4766f10dbd/objects/rct2/footpath_banner/rct2.footpath_banner.bn4.json
rct2.footpath_banner.bn5,rct2,rct2;rct1aa,footpath_banner,0A188F84|BN5     |E5B28B7D,8,legacy identity metadata,objects/rct2/footpath_banner/rct2.footpath_banner.bn5.json,df9a5d77ecf2519df07f1e738bdfd5425ccd3a5885321df416e6d1c33df05030,https://github.com/OpenRCT2/objects/blob/978f596972c1163dc670d853dd6add4766f10dbd/objects/rct2/footpath_banner/rct2.footpath_banner.bn5.json
rct2.footpath_banner.bn6,rct2,rct2;rct1aa,footpath_banner,0A188F84|BN6     |927AF341,8,legacy identity metadata,objects/rct2/footpath_banner/rct2.footpath_banner.bn6.json,877f78d5ce33c5520603d14984d15d72578b5ea16a9e8f427b6e60ba99a51cf0,https://github.com/OpenRCT2/objects/blob/978f596972c1163dc670d853dd6add4766f10dbd/objects/rct2/footpath_banner/rct2.footpath_banner.bn6.json
rct2.footpath_banner.bn7,rct2,rct2;rct1ll,footpath_banner,0A188F84|BN7     |EC6F693C,8,legacy identity metadata,objects/rct2/footpath_banner/rct2.footpath_banner.bn7.json,2499e0d3e0c54f3eeb373f596dafca8396471c47515b68a327c789b22e05b5db,https://github.com/OpenRCT2/objects/blob/978f596972c1163dc670d853dd6add4766f10dbd/objects/rct2/footpath_banner/rct2.footpath_banner.bn7.json
rct2.footpath_banner.bn8,rct2,rct2;rct1ll,footpath_banner,0A188F84|BN8     |DFE20EFA,8,legacy identity metadata,objects/rct2/footpath_banner/rct2.footpath_banner.bn8.json,ee56d8576abca5292680ee4f44da102c0d44aac9e6133064d4635b013f9b04d0,https://github.com/OpenRCT2/objects/blob/978f596972c1163dc670d853dd6add4766f10dbd/objects/rct2/footpath_banner/rct2.footpath_banner.bn8.json
rct2.footpath_banner.bn9,rct2,rct2;rct1ll,footpath_banner,0A188F84|BN9     |7B2F8CCC,8,legacy identity metadata,objects/rct2/footpath_banner/rct2.footpath_banner.bn9.json,8a1e17acc9af918f29e68a999b4b4503283a88f9ee6be1c0a68934d009ff099d,https://github.com/OpenRCT2/objects/blob/978f596972c1163dc670d853dd6add4766f10dbd/objects/rct2/footpath_banner/rct2.footpath_banner.bn9.json
rct2.footpath_item.bench1,rct2,rct2;rct1,footpath_item,0A188786|BENCH1  |9E0214C3,8,legacy identity metadata,objects/rct2/footpath_item/rct2.footpath_item.bench1.json,56c5ee2702bcfc31c49ac185d0d49ed4880263c6d92877e624e436ae4e5aead2,https://github.com/OpenRCT2/objects/blob/978f596972c1163dc670d853dd6add4766f10dbd/objects/rct2/footpath_item/rct2.footpath_item.bench1.json
rct2.footpath_item.benchlog,rct2,rct2,footpath_item,0A188786|BENCHLOG|DC7ABBD8,8,legacy identity metadata,objects/rct2/footpath_item/rct2.footpath_item.benchlog.json,37aa856251e7e173b0a334db8f7d64d210437cdd5e791b5a5604319e116cf9a0,https://github.com/OpenRCT2/objects/blob/978f596972c1163dc670d853dd6add4766f10dbd/objects/rct2/footpath_item/rct2.footpath_item.benchlog.json
rct2.footpath_item.benchpl,rct2,rct2,footpath_item,0A188786|BENCHPL |8FEEEF49,8,legacy identity metadata,objects/rct2/footpath_item/rct2.footpath_item.benchpl.json,0203da8ce917170d1de448982dfb224e91c731a9a5913ef744af330fff109f69,https://github.com/OpenRCT2/objects/blob/978f596972c1163dc670d853dd6add4766f10dbd/objects/rct2/footpath_item/rct2.footpath_item.benchpl.json
rct2.footpath_item.benchspc,rct2,rct2;rct1ll,footpath_item,0A188786|BENCHSPC|87A1FD97,8,legacy identity metadata,objects/rct2/footpath_item/rct2.footpath_item.benchspc.json,f1b6c14b51ecfc00d3e2b4c12ea3e69d10617c2bf97d91b27dddb4daa8abbd48,https://github.com/OpenRCT2/objects/blob/978f596972c1163dc670d853dd6add4766f10dbd/objects/rct2/footpath_item/rct2.footpath_item.benchspc.json
rct2.footpath_item.benchstn,rct2,rct2;rct1,footpath_item,0A188786|BENCHSTN|9408AFDE,8,legacy identity metadata,objects/rct2/footpath_item/rct2.footpath_item.benchstn.json,3721252ed256dea33d0f01455b23181eeabe08304b6d6260d29ef1603b162ced,https://github.com/OpenRCT2/objects/blob/978f596972c1163dc670d853dd6add4766f10dbd/objects/rct2/footpath_item/rct2.footpath_item.benchstn.json
rct2.footpath_item.jumpfnt1,rct2,rct2;rct1,footpath_item,0A188786|JUMPFNT1|4B2D41C3,8,legacy identity metadata,objects/rct2/footpath_item/rct2.footpath_item.jumpfnt1.json,cd50dfc3658321a3548f28902fd10dcbfa4c62875beb99cfb10aeda8a18397cd,https://github.com/OpenRCT2/objects/blob/978f596972c1163dc670d853dd6add4766f10dbd/objects/rct2/footpath_item/rct2.footpath_item.jumpfnt1.json
rct2.footpath_item.jumpsnw1,rct2,rct2;rct1ll,footpath_item,0A188786|JUMPSNW1|AFE38320,8,legacy identity metadata,objects/rct2/footpath_item/rct2.footpath_item.jumpsnw1.json,aeab314ee3bc2dec28a917e919ef122068d4068cf93fa447b0ef57b814c3ea49,https://github.com/OpenRCT2/objects/blob/978f596972c1163dc670d853dd6add4766f10dbd/objects/rct2/footpath_item/rct2.footpath_item.jumpsnw1.json
rct2.footpath_item.lamp1,rct2,rct2;rct1,footpath_item,0A188786|LAMP1   |E324B613,8,legacy identity metadata,objects/rct2/footpath_item/rct2.footpath_item.lamp1.json,47eccb3d3b5809f7ec08279203d9c76172d8e4f5ff26d2982ffc83ee68b1194f,https://github.com/OpenRCT2/objects/blob/978f596972c1163dc670d853dd6add4766f10dbd/objects/rct2/footpath_item/rct2.footpath_item.lamp1.json
rct2.footpath_item.lamp2,rct2,rct2;rct1,footpath_item,0A188786|LAMP2   |AE61E59F,8,legacy identity metadata,objects/rct2/footpath_item/rct2.footpath_item.lamp2.json,31badc4006096ff4099108dc2854b0f1b500dd529d58df5a5f6a46f407dff49f,https://github.com/OpenRCT2/objects/blob/978f596972c1163dc670d853dd6add4766f10dbd/objects/rct2/footpath_item/rct2.footpath_item.lamp2.json
rct2.footpath_item.lamp3,rct2,rct2;rct1,footpath_item,0A188786|LAMP3   |8E5F682E,8,legacy identity metadata,objects/rct2/footpath_item/rct2.footpath_item.lamp3.json,a994f40a2f5382e3b6231d4ad3f8ac282a2736cbbeeae9363a8394eae9ec39aa,https://github.com/OpenRCT2/objects/blob/978f596972c1163dc670d853dd6add4766f10dbd/objects/rct2/footpath_item/rct2.footpath_item.lamp3.json
rct2.footpath_item.lamp4,rct2,rct2;rct1,footpath_item,0A188786|LAMP4   |B7287F97,8,legacy identity metadata,objects/rct2/footpath_item/rct2.footpath_item.lamp4.json,5dd4a74e0f478648a42dcaf016acb99f4043cdc62d5c3092205636af51ec7f24,https://github.com/OpenRCT2/objects/blob/978f596972c1163dc670d853dd6add4766f10dbd/objects/rct2/footpath_item/rct2.footpath_item.lamp4.json
rct2.footpath_item.lampdsy,rct2,rct2,footpath_item,0A188786|LAMPDSY |761C944D,8,legacy identity metadata,objects/rct2/footpath_item/rct2.footpath_item.lampdsy.json,e6e7893e2628d9acb8e667407c64384496451fac1ce83febb22ef358f7a20a03,https://github.com/OpenRCT2/objects/blob/978f596972c1163dc670d853dd6add4766f10dbd/objects/rct2/footpath_item/rct2.footpath_item.lampdsy.json
rct2.footpath_item.lamppir,rct2,rct2,footpath_item,0A188786|LAMPPIR |D3569701,8,legacy identity metadata,objects/rct2/footpath_item/rct2.footpath_item.lamppir.json,a92c8235f9256ddce58d603ee5ba55d83b99467f4e9e92320433dd7cc53ef76a,https://github.com/OpenRCT2/objects/blob/978f596972c1163dc670d853dd6add4766f10dbd/objects/rct2/footpath_item/rct2.footpath_item.lamppir.json
rct2.footpath_item.litter1,rct2,rct2;rct1,footpath_item,0A188786|LITTER1 |EB15BAD4,8,legacy identity metadata,objects/rct2/footpath_item/rct2.footpath_item.litter1.json,3a1153e0a7f3892cf35fbcda4604ca00ec5e6fcd6f3d1656adf9cfbfecd3467a,https://github.com/OpenRCT2/objects/blob/978f596972c1163dc670d853dd6add4766f10dbd/objects/rct2/footpath_item/rct2.footpath_item.litter1.json
rct2.footpath_item.littermn,rct2,rct2,footpath_item,0A188786|LITTERMN|3EC2B586,8,legacy identity metadata,objects/rct2/footpath_item/rct2.footpath_item.littermn.json,735be1bdc13df47cb1abe1eaea5a02a7a24e9379a0ae5c5de36e804564e1af5f,https://github.com/OpenRCT2/objects/blob/978f596972c1163dc670d853dd6add4766f10dbd/objects/rct2/footpath_item/rct2.footpath_item.littermn.json
rct2.footpath_item.littersp,rct2,rct2;rct1ll,footpath_item,0A188786|LITTERSP|E6D31178,8,legacy identity metadata,objects/rct2/footpath_item/rct2.footpath_item.littersp.json,a0b4143f1d492cb1de113398e5d97c30a89e5d0a6011bd5f4cc0d96c40fc2525,https://github.com/OpenRCT2/objects/blob/978f596972c1163dc670d853dd6add4766f10dbd/objects/rct2/footpath_item/rct2.footpath_item.littersp.json
rct2.footpath_item.litterww,rct2,rct2,footpath_item,0A188786|LITTERWW|29C2589F,8,legacy identity metadata,objects/rct2/footpath_item/rct2.footpath_item.litterww.json,a96dc32420a360acc2edb34091659cbafee978e050d77dc79b629a7b4cb7b186,https://github.com/OpenRCT2/objects/blob/978f596972c1163dc670d853dd6add4766f10dbd/objects/rct2/footpath_item/rct2.footpath_item.litterww.json
rct2.footpath_item.qtv1,rct2,rct2,footpath_item,0A188786|QTV1    |5703406F,8,legacy identity metadata,objects/rct2/footpath_item/rct2.footpath_item.qtv1.json,3fb22187fc25048d00447a3cf3f13b65215f7b1563edc5d395b51ec3ab05260d,https://github.com/OpenRCT2/objects/blob/978f596972c1163dc670d853dd6add4766f10dbd/objects/rct2/footpath_item/rct2.footpath_item.qtv1.json
rct2.footpath_railings.bamboo_black,rct2,rct2,footpath_railings,,,source-marked reconstruction,objects/rct2/footpath_railings/rct2.footpath_railings.bamboo_black/object.json,39efb4c373b8e71a14129e395bc653d2bf5c4e611a9faa2b06d34b2396bb3d0b,https://github.com/OpenRCT2/objects/blob/978f596972c1163dc670d853dd6add4766f10dbd/objects/rct2/footpath_railings/rct2.footpath_railings.bamboo_black/object.json
rct2.footpath_railings.bamboo_brown,rct2,rct2,footpath_railings,,,source-marked reconstruction,objects/rct2/footpath_railings/rct2.footpath_railings.bamboo_brown/object.json,ad710cf774a0fc04f83714674fd86106ca8d83d7dd8fde64da75165584564628,https://github.com/OpenRCT2/objects/blob/978f596972c1163dc670d853dd6add4766f10dbd/objects/rct2/footpath_railings/rct2.footpath_railings.bamboo_brown/object.json
rct2.footpath_railings.concrete,rct2,rct2;rct1ll,footpath_railings,,,source-marked reconstruction,objects/rct2/footpath_railings/rct2.footpath_railings.concrete/object.json,006903a481e70736c9dc31ff620d43ecfd1751af45510d3488d988a5a1d40df5,https://github.com/OpenRCT2/objects/blob/978f596972c1163dc670d853dd6add4766f10dbd/objects/rct2/footpath_railings/rct2.footpath_railings.concrete/object.json
rct2.footpath_railings.concrete_green,rct2,rct2,footpath_railings,,,source-marked reconstruction,objects/rct2/footpath_railings/rct2.footpath_railings.concrete_green/object.json,5194e3933db367694dce7291a110f9e573b70ab8b5c6382074714f2e488af446,https://github.com/OpenRCT2/objects/blob/978f596972c1163dc670d853dd6add4766f10dbd/objects/rct2/footpath_railings/rct2.footpath_railings.concrete_green/object.json
rct2.footpath_railings.space,rct2,rct2,footpath_railings,,,source-marked reconstruction,objects/rct2/footpath_railings/rct2.footpath_railings.space/object.json,4a028ec524ef04efdd5b358276ca26a315d033fbdddcee0befa31af1657320ab,https://github.com/OpenRCT2/objects/blob/978f596972c1163dc670d853dd6add4766f10dbd/objects/rct2/footpath_railings/rct2.footpath_railings.space/object.json
rct2.footpath_railings.wood,rct2,rct2;rct1,footpath_railings,,,source-marked reconstruction,objects/rct2/footpath_railings/rct2.footpath_railings.wood/object.json,3cff62d3924934b96f87deb024aea11d0d3dc8619219ab3869e98aef1c3714fe,https://github.com/OpenRCT2/objects/blob/978f596972c1163dc670d853dd6add4766f10dbd/objects/rct2/footpath_railings/rct2.footpath_railings.wood/object.json
rct2.footpath_surface.ash,rct2,rct2,footpath_surface,,,source-marked reconstruction,objects/rct2/footpath_surface/rct2.footpath_surface.ash/object.json,e30d3ef719f3cca71a8ec2e377df868eaac1a8f875295920d329cbe38f6bc372,https://github.com/OpenRCT2/objects/blob/978f596972c1163dc670d853dd6add4766f10dbd/objects/rct2/footpath_surface/rct2.footpath_surface.ash/object.json
rct2.footpath_surface.crazy_paving,rct2,rct2,footpath_surface,,,source-marked reconstruction,objects/rct2/footpath_surface/rct2.footpath_surface.crazy_paving/object.json,79c5ab775b22a6c72b686d2a43c5cf7449bf9cea5e009003bd0d810e895e75e3,https://github.com/OpenRCT2/objects/blob/978f596972c1163dc670d853dd6add4766f10dbd/objects/rct2/footpath_surface/rct2.footpath_surface.crazy_paving/object.json
rct2.footpath_surface.dirt,rct2,rct2,footpath_surface,,,source-marked reconstruction,objects/rct2/footpath_surface/rct2.footpath_surface.dirt/object.json,f7a6ddeec53b024e3262b022e3056b3ba5c6a96f9bf56101dc0fce3d3570539f,https://github.com/OpenRCT2/objects/blob/978f596972c1163dc670d853dd6add4766f10dbd/objects/rct2/footpath_surface/rct2.footpath_surface.dirt/object.json
rct2.footpath_surface.queue_blue,rct2,rct2,footpath_surface,,,source-marked reconstruction,objects/rct2/footpath_surface/rct2.footpath_surface.queue_blue/object.json,897f385ecc009c536c54735c4c70ab69e42c783e31febfa49155f17ab9a6e0b6,https://github.com/OpenRCT2/objects/blob/978f596972c1163dc670d853dd6add4766f10dbd/objects/rct2/footpath_surface/rct2.footpath_surface.queue_blue/object.json
rct2.footpath_surface.queue_green,rct2,rct2,footpath_surface,,,source-marked reconstruction,objects/rct2/footpath_surface/rct2.footpath_surface.queue_green/object.json,94d09d881a48f1d876f207424cb987dffbc7d98cd75e6954a1b0a2a7733f392c,https://github.com/OpenRCT2/objects/blob/978f596972c1163dc670d853dd6add4766f10dbd/objects/rct2/footpath_surface/rct2.footpath_surface.queue_green/object.json
rct2.footpath_surface.queue_red,rct2,rct2,footpath_surface,,,source-marked reconstruction,objects/rct2/footpath_surface/rct2.footpath_surface.queue_red/object.json,25594f3ff6a4298c726d26fabce5d77552cb81ce761027bd2b95f1d73b2412ca,https://github.com/OpenRCT2/objects/blob/978f596972c1163dc670d853dd6add4766f10dbd/objects/rct2/footpath_surface/rct2.footpath_surface.queue_red/object.json
rct2.footpath_surface.queue_yellow,rct2,rct2,footpath_surface,,,source-marked reconstruction,objects/rct2/footpath_surface/rct2.footpath_surface.queue_yellow/object.json,593c769020723d48c130d06d7a0a72ad6cd4b939bf1f3cb57b28eef7a76c59e7,https://github.com/OpenRCT2/objects/blob/978f596972c1163dc670d853dd6add4766f10dbd/objects/rct2/footpath_surface/rct2.footpath_surface.queue_yellow/object.json
rct2.footpath_surface.road,rct2,rct2,footpath_surface,,,editor-only compatibility metadata,objects/rct2/footpath_surface/rct2.footpath_surface.road/object.json,a01d0d09aff0dfd7a9bf5fd147162f02ed25f3271632bbd2f6093388d51ea69a,https://github.com/OpenRCT2/objects/blob/978f596972c1163dc670d853dd6add4766f10dbd/objects/rct2/footpath_surface/rct2.footpath_surface.road/object.json
rct2.footpath_surface.tarmac,rct2,rct2,footpath_surface,,,source-marked reconstruction,objects/rct2/footpath_surface/rct2.footpath_surface.tarmac/object.json,e508cdba4e10899981b725e9f940fff87c946af1b57ad13c9681245caed2ff43,https://github.com/OpenRCT2/objects/blob/978f596972c1163dc670d853dd6add4766f10dbd/objects/rct2/footpath_surface/rct2.footpath_surface.tarmac/object.json
rct2.footpath_surface.tarmac_brown,rct2,rct2,footpath_surface,,,source-marked reconstruction,objects/rct2/footpath_surface/rct2.footpath_surface.tarmac_brown/object.json,207d711ed6d68a7c622a44fa23660b3dc2c27f88aaf80e8bd674cfe5f79264ed,https://github.com/OpenRCT2/objects/blob/978f596972c1163dc670d853dd6add4766f10dbd/objects/rct2/footpath_surface/rct2.footpath_surface.tarmac_brown/object.json
rct2.footpath_surface.tarmac_green,rct2,rct2,footpath_surface,,,source-marked reconstruction,objects/rct2/footpath_surface/rct2.footpath_surface.tarmac_green/object.json,9a750a842d654fc70af508c4e4d7fcd248982e17318a021d7b3da534d9f11ce7,https://github.com/OpenRCT2/objects/blob/978f596972c1163dc670d853dd6add4766f10dbd/objects/rct2/footpath_surface/rct2.footpath_surface.tarmac_green/object.json
rct2.footpath_surface.tarmac_red,rct2,rct2,footpath_surface,,,source-marked reconstruction,objects/rct2/footpath_surface/rct2.footpath_surface.tarmac_red/object.json,2b2fc321d1ac51b3f1647967bb45fa46f0fba1138ff2ebdb7b092fa6964e440e,https://github.com/OpenRCT2/objects/blob/978f596972c1163dc670d853dd6add4766f10dbd/objects/rct2/footpath_surface/rct2.footpath_surface.tarmac_red/object.json
rct2.music.candy,rct2,rct2,music,0000008E|#MUSIC32|00000000,8,synthetic built-in identity,objects/rct2/music/rct2.music.candy.json,159df3255d2193811645657a9ea3db491fb9120262b8daa4101804d0df534ff6,https://github.com/OpenRCT2/objects/blob/978f596972c1163dc670d853dd6add4766f10dbd/objects/rct2/music/rct2.music.candy.json
rct2.music.custom1,rct2,rct2;rct1ll,music,0000008E|#MUSIC23|00000000,8,synthetic built-in identity,objects/rct2/music/rct2.music.custom1.json,9e8c0269d4f0b57db49b6a7b8fdc158c7d6f6a4b439629af501fc6326f0551f4,https://github.com/OpenRCT2/objects/blob/978f596972c1163dc670d853dd6add4766f10dbd/objects/rct2/music/rct2.music.custom1.json
rct2.music.custom2,rct2,rct2;rct1ll,music,0000008E|#MUSIC24|00000000,8,synthetic built-in identity,objects/rct2/music/rct2.music.custom2.json,af31c10b295a2fd6e7ae7b29893ae8456b80fd48cb132f125a92981bcddbde88,https://github.com/OpenRCT2/objects/blob/978f596972c1163dc670d853dd6add4766f10dbd/objects/rct2/music/rct2.music.custom2.json
rct2.music.dodgems,rct2,rct2;rct1,music,0000008E|#MUSIC00|00000000,8,synthetic built-in identity,objects/rct2/music/rct2.music.dodgems.json,5f2b4cf6c2b755b4a3cb89cd200520f8b7227c7bc369564c2f7777654e41ddb3,https://github.com/OpenRCT2/objects/blob/978f596972c1163dc670d853dd6add4766f10dbd/objects/rct2/music/rct2.music.dodgems.json
rct2.music.egyptian,rct2,rct2;rct1aa,music,0000008E|#MUSIC06|00000000,8,synthetic built-in identity,objects/rct2/music/rct2.music.egyptian.json,756839553460af768e2af28cf7f8aa9432515a3a556f6a62d8bec19311b96678,https://github.com/OpenRCT2/objects/blob/978f596972c1163dc670d853dd6add4766f10dbd/objects/rct2/music/rct2.music.egyptian.json
rct2.music.fairground,rct2,rct2;rct1,music,0000008E|#MUSIC01|00000000,8,synthetic built-in identity,objects/rct2/music/rct2.music.fairground.json,5856a3b71d682605169ccaeda2402b4d04e5c8314643df52f6236829d7ce6a3b,https://github.com/OpenRCT2/objects/blob/978f596972c1163dc670d853dd6add4766f10dbd/objects/rct2/music/rct2.music.fairground.json
rct2.music.fantasy,rct2,rct2;rct1aa,music,0000008E|#MUSIC19|00000000,8,synthetic built-in identity,objects/rct2/music/rct2.music.fantasy.json,c7c5d4258a87eec985fd8df040c0e3e66f21a8114a3b9115036b0dfd2ac2d905,https://github.com/OpenRCT2/objects/blob/978f596972c1163dc670d853dd6add4766f10dbd/objects/rct2/music/rct2.music.fantasy.json
rct2.music.gentle,rct2,rct2;rct1aa,music,0000008E|#MUSIC12|00000000,8,synthetic built-in identity,objects/rct2/music/rct2.music.gentle.json,0cf07e37c38e45e536ec25099df29caa5f2cc8e3ee865ac630214c566abead41,https://github.com/OpenRCT2/objects/blob/978f596972c1163dc670d853dd6add4766f10dbd/objects/rct2/music/rct2.music.gentle.json
rct2.music.horror,rct2,rct2;rct1aa,music,0000008E|#MUSIC10|00000000,8,synthetic built-in identity,objects/rct2/music/rct2.music.horror.json,143e5013b139310c55c4b3e7385151027475ae41556772ece2a9b75d33951a63,https://github.com/OpenRCT2/objects/blob/978f596972c1163dc670d853dd6add4766f10dbd/objects/rct2/music/rct2.music.horror.json
rct2.music.ice,rct2,rct2;rct1ll,music,0000008E|#MUSIC21|00000000,8,synthetic built-in identity,objects/rct2/music/rct2.music.ice.json,dccb58357cc10d57e4cfb79eaffd9449edbe164de927546b63886d0c771f34f8,https://github.com/OpenRCT2/objects/blob/978f596972c1163dc670d853dd6add4766f10dbd/objects/rct2/music/rct2.music.ice.json
rct2.music.jungle,rct2,rct2;rct1aa,music,0000008E|#MUSIC05|00000000,8,synthetic built-in identity,objects/rct2/music/rct2.music.jungle.json,2907cc3510be894d8f70af7da83c6a2aa50b9ae14c1dd575ff5d8ac98b929daa,https://github.com/OpenRCT2/objects/blob/978f596972c1163dc670d853dd6add4766f10dbd/objects/rct2/music/rct2.music.jungle.json
rct2.music.jurassic,rct2,rct2;rct1aa,music,0000008E|#MUSIC16|00000000,8,synthetic built-in identity,objects/rct2/music/rct2.music.jurassic.json,1670b4057c1c8fe5ea187c0e09236b71887cbbb77716f432d0a0a11d10637f0f,https://github.com/OpenRCT2/objects/blob/978f596972c1163dc670d853dd6add4766f10dbd/objects/rct2/music/rct2.music.jurassic.json
rct2.music.martian,rct2,rct2;rct1aa,music,0000008E|#MUSIC04|00000000,8,synthetic built-in identity,objects/rct2/music/rct2.music.martian.json,ce8816aaa5f487b8e198dfe787028a1b511b93eac61c820422eea79fbcc9fc48,https://github.com/OpenRCT2/objects/blob/978f596972c1163dc670d853dd6add4766f10dbd/objects/rct2/music/rct2.music.martian.json
rct2.music.mechanical,rct2,rct2,music,0000008E|#MUSIC28|00000000,8,synthetic built-in identity,objects/rct2/music/rct2.music.mechanical.json,0fcb3086496d6258d96674c55ecad00dbdb6165657ca4958ed67790d56230a65,https://github.com/OpenRCT2/objects/blob/978f596972c1163dc670d853dd6add4766f10dbd/objects/rct2/music/rct2.music.mechanical.json
rct2.music.medieval,rct2,rct2;rct1ll,music,0000008E|#MUSIC25|00000000,8,synthetic built-in identity,objects/rct2/music/rct2.music.medieval.json,93721f0d82ef6193b6d07f25da53e627d612c5523e2c0c75cfc8487e84453370,https://github.com/OpenRCT2/objects/blob/978f596972c1163dc670d853dd6add4766f10dbd/objects/rct2/music/rct2.music.medieval.json
rct2.music.modern,rct2,rct2,music,0000008E|#MUSIC29|00000000,8,synthetic built-in identity,objects/rct2/music/rct2.music.modern.json,bad0a67ea888d0a8214d659cf92e14a0f4af951067bfed4b456ee27168d06146,https://github.com/OpenRCT2/objects/blob/978f596972c1163dc670d853dd6add4766f10dbd/objects/rct2/music/rct2.music.modern.json
rct2.music.organ,rct2,rct2,music,0000008E|#MUSIC27|00000000,8,synthetic built-in identity,objects/rct2/music/rct2.music.organ.json,6e38dfe0c0ef2935031561077c6049bbda562bbceb91dd64c7a90d8574d2aa17,https://github.com/OpenRCT2/objects/blob/978f596972c1163dc670d853dd6add4766f10dbd/objects/rct2/music/rct2.music.organ.json
rct2.music.oriental,rct2,rct2;rct1aa,music,0000008E|#MUSIC03|00000000,8,synthetic built-in identity,objects/rct2/music/rct2.music.oriental.json,c82ac094429b45c65e8a8a21e0bd8af5e2cab37c767a5317586c22100bb2ac91,https://github.com/OpenRCT2/objects/blob/978f596972c1163dc670d853dd6add4766f10dbd/objects/rct2/music/rct2.music.oriental.json
rct2.music.pirate,rct2,rct2,music,0000008E|#MUSIC30|00000000,8,synthetic built-in identity,objects/rct2/music/rct2.music.pirate.json,428cb3375724f5d9c69c4eb182567fc88c9df96423246fed373de037dfaeebc4,https://github.com/OpenRCT2/objects/blob/978f596972c1163dc670d853dd6add4766f10dbd/objects/rct2/music/rct2.music.pirate.json
rct2.music.ragtime,rct2,rct2;rct1aa,music,0000008E|#MUSIC18|00000000,8,synthetic built-in identity,objects/rct2/music/rct2.music.ragtime.json,d18018ab81c8d2987968a1b733d17be39dbebbc0e6dd8c165bded089726513a4,https://github.com/OpenRCT2/objects/blob/978f596972c1163dc670d853dd6add4766f10dbd/objects/rct2/music/rct2.music.ragtime.json
rct2.music.rock1,rct2,rct2;rct1aa,music,0000008E|#MUSIC17|00000000,8,synthetic built-in identity,objects/rct2/music/rct2.music.rock1.json,75f726fb299c3570c22ee00d79e7ea201019d932e54a754d99da6efa8e055d30,https://github.com/OpenRCT2/objects/blob/978f596972c1163dc670d853dd6add4766f10dbd/objects/rct2/music/rct2.music.rock1.json
rct2.music.rock2,rct2,rct2;rct1ll,music,0000008E|#MUSIC20|00000000,8,synthetic built-in identity,objects/rct2/music/rct2.music.rock2.json,e735d88e175f61e34a9a60f2cf5345f9870ddbb57182a7dd9e6a1d2d13362133,https://github.com/OpenRCT2/objects/blob/978f596972c1163dc670d853dd6add4766f10dbd/objects/rct2/music/rct2.music.rock2.json
rct2.music.rock3,rct2,rct2,music,0000008E|#MUSIC31|00000000,8,synthetic built-in identity,objects/rct2/music/rct2.music.rock3.json,e8f4263f6e929c628e516d3bdec0c9d1bd23781aa8337308f7d1988c0be852a0,https://github.com/OpenRCT2/objects/blob/978f596972c1163dc670d853dd6add4766f10dbd/objects/rct2/music/rct2.music.rock3.json
rct2.music.roman,rct2,rct2;rct1aa,music,0000008E|#MUSIC02|00000000,8,synthetic built-in identity,objects/rct2/music/rct2.music.roman.json,4c50a892d8436cdae3cb416132e8a66235e35b4a1e23af78b0df4eaf66542f32,https://github.com/OpenRCT2/objects/blob/978f596972c1163dc670d853dd6add4766f10dbd/objects/rct2/music/rct2.music.roman.json
rct2.music.snow,rct2,rct2;rct1ll,music,0000008E|#MUSIC22|00000000,8,synthetic built-in identity,objects/rct2/music/rct2.music.snow.json,821650cb006037e28157c48f05029e904cbda509034e8c3c2853afdee0ebe0da,https://github.com/OpenRCT2/objects/blob/978f596972c1163dc670d853dd6add4766f10dbd/objects/rct2/music/rct2.music.snow.json
rct2.music.space,rct2,rct2;rct1aa,music,0000008E|#MUSIC09|00000000,8,synthetic built-in identity,objects/rct2/music/rct2.music.space.json,5cf9a04da592d942b483b1d580ebcdab46b6c9df30f555184d2be528966b85cb,https://github.com/OpenRCT2/objects/blob/978f596972c1163dc670d853dd6add4766f10dbd/objects/rct2/music/rct2.music.space.json
rct2.music.summer,rct2,rct2;rct1aa,music,0000008E|#MUSIC13|00000000,8,synthetic built-in identity,objects/rct2/music/rct2.music.summer.json,7bb67542b6a95dc7bfa36e70977f26975fadcf370c142b1e18bf9c098aa55c99,https://github.com/OpenRCT2/objects/blob/978f596972c1163dc670d853dd6add4766f10dbd/objects/rct2/music/rct2.music.summer.json
rct2.music.techno,rct2,rct2;rct1aa,music,0000008E|#MUSIC11|00000000,8,synthetic built-in identity,objects/rct2/music/rct2.music.techno.json,3463c081a2202ab5e4780349706fc33848446887c793b0e6e316465bdbc1335c,https://github.com/OpenRCT2/objects/blob/978f596972c1163dc670d853dd6add4766f10dbd/objects/rct2/music/rct2.music.techno.json
rct2.music.toyland,rct2,rct2;rct1aa,music,0000008E|#MUSIC07|00000000,8,synthetic built-in identity,objects/rct2/music/rct2.music.toyland.json,d11ff700e6e8aa070eff4cd4eb50947ceb740117d37809b6b9ebd9273cfe2faa,https://github.com/OpenRCT2/objects/blob/978f596972c1163dc670d853dd6add4766f10dbd/objects/rct2/music/rct2.music.toyland.json
rct2.music.urban,rct2,rct2;rct1ll,music,0000008E|#MUSIC26|00000000,8,synthetic built-in identity,objects/rct2/music/rct2.music.urban.json,d5cee3520dbcaebc3cb5745847d19393f1f71a00e64dcebb919e63d80c0b3991,https://github.com/OpenRCT2/objects/blob/978f596972c1163dc670d853dd6add4766f10dbd/objects/rct2/music/rct2.music.urban.json
rct2.music.water,rct2,rct2;rct1aa,music,0000008E|#MUSIC14|00000000,8,synthetic built-in identity,objects/rct2/music/rct2.music.water.json,28ad3d1b3ae58d86149e3d6d26cb186ef7a96d5f257c92f36fb3376e724fbf5e,https://github.com/OpenRCT2/objects/blob/978f596972c1163dc670d853dd6add4766f10dbd/objects/rct2/music/rct2.music.water.json
rct2.music.wildwest,rct2,rct2;rct1aa,music,0000008E|#MUSIC15|00000000,8,synthetic built-in identity,objects/rct2/music/rct2.music.wildwest.json,ec596d4b3cc8a9ba916201c26bec62d78a3bdd4d7507b2fef6aa51845b8b26a4,https://github.com/OpenRCT2/objects/blob/978f596972c1163dc670d853dd6add4766f10dbd/objects/rct2/music/rct2.music.wildwest.json
rct2.park_entrance.pkemm,rct2,rct2,park_entrance,0A188088|PKEMM   |EBF07219,8,legacy identity metadata,objects/rct2/park_entrance/rct2.park_entrance.pkemm.json,dfe57625ea77540681a37aeec55cd8e8be3bead488066e6aa13610ead1abdf36,https://github.com/OpenRCT2/objects/blob/978f596972c1163dc670d853dd6add4766f10dbd/objects/rct2/park_entrance/rct2.park_entrance.pkemm.json
rct2.park_entrance.pkent1,rct2,rct2;rct1,park_entrance,0A188088|PKENT1  |E3FB2B4B,8,legacy identity metadata,objects/rct2/park_entrance/rct2.park_entrance.pkent1.json,14fe3c1048f71b6c916031f85b30c23eefd3284533d0252e6a60828c994585d3,https://github.com/OpenRCT2/objects/blob/978f596972c1163dc670d853dd6add4766f10dbd/objects/rct2/park_entrance/rct2.park_entrance.pkent1.json
rct2.park_entrance.pkesfh,rct2,rct2,park_entrance,0A188088|PKESFH  |EA422021,8,legacy identity metadata,objects/rct2/park_entrance/rct2.park_entrance.pkesfh.json,1e150b8e64b758894da47dbf89f4668cb83ccae0d183f41d1169d2106f4d94d1,https://github.com/OpenRCT2/objects/blob/978f596972c1163dc670d853dd6add4766f10dbd/objects/rct2/park_entrance/rct2.park_entrance.pkesfh.json
rct2.peep_animations.entertainer_astronaut,rct2,rct2;rct1ll,peep_animations,,,source-marked reconstruction,objects/rct2/peep_animations/rct2.peep_animations.entertainer_astronaut.json,c876ecb704d77f6eacf2d21017ab467b4903f1e5dcf6c322a37077c84882dcca,https://github.com/OpenRCT2/objects/blob/978f596972c1163dc670d853dd6add4766f10dbd/objects/rct2/peep_animations/rct2.peep_animations.entertainer_astronaut.json
rct2.peep_animations.entertainer_bandit,rct2,rct2,peep_animations,,,source-marked reconstruction,objects/rct2/peep_animations/rct2.peep_animations.entertainer_bandit.json,f2a80c0dc425c3cb1f8bd4e4676e3d0b35a49c65bac1cca5a0dc993472af3a0a,https://github.com/OpenRCT2/objects/blob/978f596972c1163dc670d853dd6add4766f10dbd/objects/rct2/peep_animations/rct2.peep_animations.entertainer_bandit.json
rct2.peep_animations.entertainer_elephant,rct2,rct2;rct1,peep_animations,,,source-marked reconstruction,objects/rct2/peep_animations/rct2.peep_animations.entertainer_elephant.json,f463c9924ab71ec9b5d3faf70e08175d6bd91ac01fded2187a61f8cc55635960,https://github.com/OpenRCT2/objects/blob/978f596972c1163dc670d853dd6add4766f10dbd/objects/rct2/peep_animations/rct2.peep_animations.entertainer_elephant.json
rct2.peep_animations.entertainer_gorilla,rct2,rct2;rct1aa,peep_animations,,,source-marked reconstruction,objects/rct2/peep_animations/rct2.peep_animations.entertainer_gorilla.json,f03adb02f2c5a2e8a57df058e77091c3303a7bcc0255b04898e60e5c6d88d821,https://github.com/OpenRCT2/objects/blob/978f596972c1163dc670d853dd6add4766f10dbd/objects/rct2/peep_animations/rct2.peep_animations.entertainer_gorilla.json
rct2.peep_animations.entertainer_knight,rct2,rct2;rct1ll,peep_animations,,,source-marked reconstruction,objects/rct2/peep_animations/rct2.peep_animations.entertainer_knight.json,dcbfd0a3fb9e026927ac673fbf338740c8f4952b66507d82def812f19aad3170,https://github.com/OpenRCT2/objects/blob/978f596972c1163dc670d853dd6add4766f10dbd/objects/rct2/peep_animations/rct2.peep_animations.entertainer_knight.json
rct2.peep_animations.entertainer_panda,rct2,rct2;rct1,peep_animations,,,source-marked reconstruction,objects/rct2/peep_animations/rct2.peep_animations.entertainer_panda.json,49f2d85c1a4837a5475fd6b5b81d57e2f71defdd7d88fceddb4aca82e228dfdd,https://github.com/OpenRCT2/objects/blob/978f596972c1163dc670d853dd6add4766f10dbd/objects/rct2/peep_animations/rct2.peep_animations.entertainer_panda.json
rct2.peep_animations.entertainer_pirate,rct2,rct2,peep_animations,,,source-marked reconstruction,objects/rct2/peep_animations/rct2.peep_animations.entertainer_pirate.json,4438f42d898700dce38527be6103dd70246240f9eef2e356d66faaa4ea6f20e5,https://github.com/OpenRCT2/objects/blob/978f596972c1163dc670d853dd6add4766f10dbd/objects/rct2/peep_animations/rct2.peep_animations.entertainer_pirate.json
rct2.peep_animations.entertainer_roman,rct2,rct2;rct1aa,peep_animations,,,source-marked reconstruction,objects/rct2/peep_animations/rct2.peep_animations.entertainer_roman.json,e9eb8c7a68398443c86208dbd39d672b3dbe93b7b2dc9a8fe2ad49ba23597d1d,https://github.com/OpenRCT2/objects/blob/978f596972c1163dc670d853dd6add4766f10dbd/objects/rct2/peep_animations/rct2.peep_animations.entertainer_roman.json
rct2.peep_animations.entertainer_sheriff,rct2,rct2,peep_animations,,,source-marked reconstruction,objects/rct2/peep_animations/rct2.peep_animations.entertainer_sheriff.json,5974648ee14a27d31ae76c34f13c9388da6a86940634768fa4e4c177dd3d6217,https://github.com/OpenRCT2/objects/blob/978f596972c1163dc670d853dd6add4766f10dbd/objects/rct2/peep_animations/rct2.peep_animations.entertainer_sheriff.json
rct2.peep_animations.entertainer_snowman,rct2,rct2;rct1ll,peep_animations,,,source-marked reconstruction,objects/rct2/peep_animations/rct2.peep_animations.entertainer_snowman.json,795c9119e5e02125436eafca85b2987ad993de479f1ebc25f6691f81bf69f28b,https://github.com/OpenRCT2/objects/blob/978f596972c1163dc670d853dd6add4766f10dbd/objects/rct2/peep_animations/rct2.peep_animations.entertainer_snowman.json
rct2.peep_animations.entertainer_tiger,rct2,rct2;rct1,peep_animations,,,source-marked reconstruction,objects/rct2/peep_animations/rct2.peep_animations.entertainer_tiger.json,07820bac8280dee6af67c827e3377d629e7641216ee8d9815a82245ededced14,https://github.com/OpenRCT2/objects/blob/978f596972c1163dc670d853dd6add4766f10dbd/objects/rct2/peep_animations/rct2.peep_animations.entertainer_tiger.json
rct2.peep_animations.guest,rct2,rct2;rct1,peep_animations,,,source-marked reconstruction,objects/rct2/peep_animations/rct2.peep_animations.guest.json,10d2eb53266db8be7467cba7f346278cf34732779e96a9a09860e89bc66ab9b1,https://github.com/OpenRCT2/objects/blob/978f596972c1163dc670d853dd6add4766f10dbd/objects/rct2/peep_animations/rct2.peep_animations.guest.json
rct2.peep_animations.handyman,rct2,rct2;rct1,peep_animations,,,source-marked reconstruction,objects/rct2/peep_animations/rct2.peep_animations.handyman.json,9d4f6afd651fbf15b8a724e709402346949d2a293a64624641ade713ab191e66,https://github.com/OpenRCT2/objects/blob/978f596972c1163dc670d853dd6add4766f10dbd/objects/rct2/peep_animations/rct2.peep_animations.handyman.json
rct2.peep_animations.mechanic,rct2,rct2;rct1,peep_animations,,,source-marked reconstruction,objects/rct2/peep_animations/rct2.peep_animations.mechanic.json,22616b078c73c5cf011d449f9a4842ecd92ca29c960801e3c291a471b866c834,https://github.com/OpenRCT2/objects/blob/978f596972c1163dc670d853dd6add4766f10dbd/objects/rct2/peep_animations/rct2.peep_animations.mechanic.json
rct2.peep_animations.security,rct2,rct2;rct1,peep_animations,,,source-marked reconstruction,objects/rct2/peep_animations/rct2.peep_animations.security.json,a3343c5cead2065541a75dbe2a0040095184756c074d3e1940d0c5d39980dc21,https://github.com/OpenRCT2/objects/blob/978f596972c1163dc670d853dd6add4766f10dbd/objects/rct2/peep_animations/rct2.peep_animations.security.json
rct2.peep_names.original,rct2,rct2;rct1aa,peep_names,,,source-marked reconstruction,objects/rct2/peep_names/rct2.peep_names.original.json,38cfe256e47ef239ed1a6f2aadeac21774bf5423bc310ad0fe08ffd43428180b,https://github.com/OpenRCT2/objects/blob/978f596972c1163dc670d853dd6add4766f10dbd/objects/rct2/peep_names/rct2.peep_names.original.json
rct2.ride.4x4,rct2,rct2,ride,0A188A80|4X4     |0DB8676C,8,legacy identity metadata,objects/rct2/ride/rct2.ride.4x4.json,b2646c270c111f96fe4d40326ffa2f1d26871c87410c51c1b65efe5118763645,https://github.com/OpenRCT2/objects/blob/978f596972c1163dc670d853dd6add4766f10dbd/objects/rct2/ride/rct2.ride.4x4.json
rct2.ride.aml1,rct2,rct2;rct1ll,ride,0A188A80|AML1    |4FA82E87,8,legacy identity metadata,objects/rct2/ride/rct2.ride.aml1.json,74997db0adc6002d017585da9302f6be456f1cf2a7aef6fb804903cbae2741ca,https://github.com/OpenRCT2/objects/blob/978f596972c1163dc670d853dd6add4766f10dbd/objects/rct2/ride/rct2.ride.aml1.json
rct2.ride.amt1,rct2,rct2;rct1,ride,0A188A80|AMT1    |53A59CAC,8,legacy identity metadata,objects/rct2/ride/rct2.ride.amt1.json,d2649df0682b6c4a46fb7404df8db9ec5fa4621ad9394ae81b875b3028f644d2,https://github.com/OpenRCT2/objects/blob/978f596972c1163dc670d853dd6add4766f10dbd/objects/rct2/ride/rct2.ride.amt1.json
rct2.ride.arrsw1,rct2,rct2;rct1,ride,0A188A80|ARRSW1  |0861F5A7,8,legacy identity metadata,objects/rct2/ride/rct2.ride.arrsw1.json,12279a9a1a04c327656c00b435e071a868bf59b88276282d3bba0b0a645f0cb4,https://github.com/OpenRCT2/objects/blob/978f596972c1163dc670d853dd6add4766f10dbd/objects/rct2/ride/rct2.ride.arrsw1.json
rct2.ride.arrsw2,rct2,rct2;rct1,ride,0A188A80|ARRSW2  |7F202742,8,legacy identity metadata,objects/rct2/ride/rct2.ride.arrsw2.json,65ae022dcd5801b1eac3b989374e7c047a3ec84b9fd5395c8b8a14a379b2f260,https://github.com/OpenRCT2/objects/blob/978f596972c1163dc670d853dd6add4766f10dbd/objects/rct2/ride/rct2.ride.arrsw2.json
rct2.ride.arrt1,rct2,rct2,ride,0A188A80|ARRT1   |6EAF6062,8,legacy identity metadata,objects/rct2/ride/rct2.ride.arrt1.json,ba1af43a559abd9e29006ad4d63d2ed32b51832d3f4754ee6a24d54c2e8e99c3,https://github.com/OpenRCT2/objects/blob/978f596972c1163dc670d853dd6add4766f10dbd/objects/rct2/ride/rct2.ride.arrt1.json
rct2.ride.arrt2,rct2,rct2;rct1ll,ride,0A188A80|ARRT2   |9A9CBE22,8,legacy identity metadata,objects/rct2/ride/rct2.ride.arrt2.json,e96a94be10a2efcaf8bdda49d7f228527530f7bf7d6874f7c0d42195dd866531,https://github.com/OpenRCT2/objects/blob/978f596972c1163dc670d853dd6add4766f10dbd/objects/rct2/ride/rct2.ride.arrt2.json
rct2.ride.arrx,rct2,rct2,ride,0A188A80|ARRX    |9BA47335,8,legacy identity metadata,objects/rct2/ride/rct2.ride.arrx.json,a9f535ac983d780458db7e4a30f4a80b47b4dc7b09e7709d38edfabd3ed6e974,https://github.com/OpenRCT2/objects/blob/978f596972c1163dc670d853dd6add4766f10dbd/objects/rct2/ride/rct2.ride.arrx.json
rct2.ride.atm1,rct2,rct2,ride,0A188A80|ATM1    |BBDCC13A,8,legacy identity metadata,objects/rct2/ride/rct2.ride.atm1.json,80b6264104e86980f5935660eaeb532c893b67a2cbc75823c439683747bdfe78,https://github.com/OpenRCT2/objects/blob/978f596972c1163dc670d853dd6add4766f10dbd/objects/rct2/ride/rct2.ride.atm1.json
rct2.ride.balln,rct2,rct2;rct1,ride,0A188A80|BALLN   |765799AF,8,legacy identity metadata,objects/rct2/ride/rct2.ride.balln.json,5a0026385910c09023caba5d8656849a746948a1b1f50518f627f7f1ef0d275f,https://github.com/OpenRCT2/objects/blob/978f596972c1163dc670d853dd6add4766f10dbd/objects/rct2/ride/rct2.ride.balln.json
rct2.ride.batfl,rct2,rct2,ride,0A188A80|BATFL   |95108819,8,legacy identity metadata,objects/rct2/ride/rct2.ride.batfl.json,a4c78ac010b6cdb5c7c49fb41d192f3ce9228408a0f19ea4fea9f20349df3f91,https://github.com/OpenRCT2/objects/blob/978f596972c1163dc670d853dd6add4766f10dbd/objects/rct2/ride/rct2.ride.batfl.json
rct2.ride.bboat,rct2,rct2;rct1,ride,0A188A80|BBOAT   |732C7635,8,legacy identity metadata,objects/rct2/ride/rct2.ride.bboat.json,e9b2224be69d10ebbe799482eee516666d5ffd8ea00b2a6652df50fc5c700902,https://github.com/OpenRCT2/objects/blob/978f596972c1163dc670d853dd6add4766f10dbd/objects/rct2/ride/rct2.ride.bboat.json
rct2.ride.bmair,rct2,rct2,ride,0A188A80|BMAIR   |28DE8ACD,8,legacy identity metadata,objects/rct2/ride/rct2.ride.bmair.json,051bf713c011985873ae8675291bdfc6bafc1e3f6bedbf6a19871877c03ee310,https://github.com/OpenRCT2/objects/blob/978f596972c1163dc670d853dd6add4766f10dbd/objects/rct2/ride/rct2.ride.bmair.json
rct2.ride.bmfl,rct2,rct2;rct1aa,ride,0A188A80|BMFL    |F6F209D9,8,legacy identity metadata,objects/rct2/ride/rct2.ride.bmfl.json,c20d3a963d7d6aef95bdf7b02a41fa6f3b42cd43783ba2bce6b7128a8bb8f8d2,https://github.com/OpenRCT2/objects/blob/978f596972c1163dc670d853dd6add4766f10dbd/objects/rct2/ride/rct2.ride.bmfl.json
rct2.ride.bmrb,rct2,rct2;rct1aa,ride,0A188A80|BMRB    |DFE3E54D,8,legacy identity metadata,objects/rct2/ride/rct2.ride.bmrb.json,a111056dd2292c6b835d61316ad27fd086e435bb7cfdedf6e51e95d1d9d775e1,https://github.com/OpenRCT2/objects/blob/978f596972c1163dc670d853dd6add4766f10dbd/objects/rct2/ride/rct2.ride.bmrb.json
rct2.ride.bmsd,rct2,rct2;rct1aa,ride,0A188A80|BMSD    |E64D1747,8,legacy identity metadata,objects/rct2/ride/rct2.ride.bmsd.json,2c9304a1ef882ed28651c48e9b7697c029b4d88353d42c5e882d507901dcfc7f,https://github.com/OpenRCT2/objects/blob/978f596972c1163dc670d853dd6add4766f10dbd/objects/rct2/ride/rct2.ride.bmsd.json
rct2.ride.bmsu,rct2,rct2;rct1aa,ride,0A188A80|BMSU    |53DA160D,8,legacy identity metadata,objects/rct2/ride/rct2.ride.bmsu.json,615f0e19dd1418cb372fc848c35b17a9cd09c59f303985a992563be896882442,https://github.com/OpenRCT2/objects/blob/978f596972c1163dc670d853dd6add4766f10dbd/objects/rct2/ride/rct2.ride.bmsu.json
rct2.ride.bmvd,rct2,rct2;rct1,ride,0A188A80|BMVD    |2652B6A8,8,legacy identity metadata,objects/rct2/ride/rct2.ride.bmvd.json,3003bfe16009838bf82edfe6fd010e149dbf3b40d19596736b8fa19a93b571dd,https://github.com/OpenRCT2/objects/blob/978f596972c1163dc670d853dd6add4766f10dbd/objects/rct2/ride/rct2.ride.bmvd.json
rct2.ride.bnoodles,rct2,rct2,ride,0A188A80|BNOODLES|D51D649F,8,legacy identity metadata,objects/rct2/ride/rct2.ride.bnoodles.json,1219303caa9603efaeeebd9f4783f1a760a990099ac77fb4ffb5fab1aeeb9f63,https://github.com/OpenRCT2/objects/blob/978f596972c1163dc670d853dd6add4766f10dbd/objects/rct2/ride/rct2.ride.bnoodles.json
rct2.ride.bob1,rct2,rct2;rct1,ride,0A188A80|BOB1    |2A8F112F,8,legacy identity metadata,objects/rct2/ride/rct2.ride.bob1.json,3885bf344499379e51d4011b53c66823592540e4d2729655ea8f8dcfc159447f,https://github.com/OpenRCT2/objects/blob/978f596972c1163dc670d853dd6add4766f10dbd/objects/rct2/ride/rct2.ride.bob1.json
rct2.ride.burgb,rct2,rct2;rct1,ride,0A188A80|BURGB   |2BBB59E4,8,legacy identity metadata,objects/rct2/ride/rct2.ride.burgb.json,219c285fe81658b3ec195fd65b4d455977a6666d9448c2c68e3b336ba2de190c,https://github.com/OpenRCT2/objects/blob/978f596972c1163dc670d853dd6add4766f10dbd/objects/rct2/ride/rct2.ride.burgb.json
rct2.ride.c3d,rct2,rct2;rct1,ride,0A188A80|C3D     |CF02AAF7,8,legacy identity metadata,objects/rct2/ride/rct2.ride.c3d.json,47055433f81ab00204eb5c39417f2a29eda8a0a5b18acbfabae9ed73be9ad273,https://github.com/OpenRCT2/objects/blob/978f596972c1163dc670d853dd6add4766f10dbd/objects/rct2/ride/rct2.ride.c3d.json
rct2.ride.cboat,rct2,rct2;rct1,ride,0A188A80|CBOAT   |7E79535C,8,legacy identity metadata,objects/rct2/ride/rct2.ride.cboat.json,0df6bf030a0cf217f21d62446dfec2512bffa481a92a53e2de83c3ca7061ce58,https://github.com/OpenRCT2/objects/blob/978f596972c1163dc670d853dd6add4766f10dbd/objects/rct2/ride/rct2.ride.cboat.json
rct2.ride.chbuild,rct2,rct2;rct1aa,ride,0A188A80|CHBUILD |B3C76043,8,legacy identity metadata,objects/rct2/ride/rct2.ride.chbuild.json,0e37e383f59a9f36aec6197386ccee8510fa121c88953e00c94ae472695236f9,https://github.com/OpenRCT2/objects/blob/978f596972c1163dc670d853dd6add4766f10dbd/objects/rct2/ride/rct2.ride.chbuild.json
rct2.ride.chcks,rct2,rct2;rct1ll,ride,0A188A80|CHCKS   |307F0F41,8,legacy identity metadata,objects/rct2/ride/rct2.ride.chcks.json,a0057e823c2b7b135fb5305f868d259d10ef43a52a7ed46b4a738c54bba0e6a0,https://github.com/OpenRCT2/objects/blob/978f596972c1163dc670d853dd6add4766f10dbd/objects/rct2/ride/rct2.ride.chcks.json
rct2.ride.chknug,rct2,rct2,ride,0A188A80|CHKNUG  |FB824A39,8,legacy identity metadata,objects/rct2/ride/rct2.ride.chknug.json,9088d366b87dc954f64fd72bf93ddaf2f9774612248319fe3f0d5513177d7dc3,https://github.com/OpenRCT2/objects/blob/978f596972c1163dc670d853dd6add4766f10dbd/objects/rct2/ride/rct2.ride.chknug.json
rct2.ride.chpsh,rct2,rct2;rct1,ride,0A188A80|CHPSH   |7A476E0A,8,legacy identity metadata,objects/rct2/ride/rct2.ride.chpsh.json,59a5556bff004040365c6cb5839de4623069b7913b5ac7075f46662990e6c182,https://github.com/OpenRCT2/objects/blob/978f596972c1163dc670d853dd6add4766f10dbd/objects/rct2/ride/rct2.ride.chpsh.json
rct2.ride.chpsh2,rct2,rct2,ride,0A188A80|CHPSH2  |080C4E7D,8,legacy identity metadata,objects/rct2/ride/rct2.ride.chpsh2.json,11511ee25172eb91d1edd1963e20a1fb072972fc93ad47fcd6e4701fdfd4efa1,https://github.com/OpenRCT2/objects/blob/978f596972c1163dc670d853dd6add4766f10dbd/objects/rct2/ride/rct2.ride.chpsh2.json
rct2.ride.cindr,rct2,rct2,ride,0A188A80|CINDR   |E62108E8,8,legacy identity metadata,objects/rct2/ride/rct2.ride.cindr.json,e145b8840dc4106df6cfdc98876bf2cab090d842066e0e2a45d788827382dd9e,https://github.com/OpenRCT2/objects/blob/978f596972c1163dc670d853dd6add4766f10dbd/objects/rct2/ride/rct2.ride.cindr.json
rct2.ride.circus1,rct2,rct2;rct1aa,ride,0A188A80|CIRCUS1 |2BCEECE3,8,legacy identity metadata,objects/rct2/ride/rct2.ride.circus1.json,c4e3d55a9a6a737f40458f1e3f0d65785ea68321f8ceb690f4438f378a24a745,https://github.com/OpenRCT2/objects/blob/978f596972c1163dc670d853dd6add4766f10dbd/objects/rct2/ride/rct2.ride.circus1.json
rct2.ride.clift1,rct2,rct2;rct1,ride,0A188A80|CLIFT1  |A87D4055,8,legacy identity metadata,objects/rct2/ride/rct2.ride.clift1.json,90589a5c00f22a38df48139a88bb94b783bec851665cf698ba4bf33b187d1f3d,https://github.com/OpenRCT2/objects/blob/978f596972c1163dc670d853dd6add4766f10dbd/objects/rct2/ride/rct2.ride.clift1.json
rct2.ride.clift2,rct2,rct2;rct1aa,ride,0A188A80|CLIFT2  |16FD5E5E,8,legacy identity metadata,objects/rct2/ride/rct2.ride.clift2.json,0cc8981f427002943013b66b84fbb977698d8607ecbd3de92bde8f7ac93f1d67,https://github.com/OpenRCT2/objects/blob/978f596972c1163dc670d853dd6add4766f10dbd/objects/rct2/ride/rct2.ride.clift2.json
rct2.ride.cndyf,rct2,rct2;rct1,ride,0A188A80|CNDYF   |FFE03AB6,8,legacy identity metadata,objects/rct2/ride/rct2.ride.cndyf.json,5cf855bc7b39da31d7a0159a3686214188b0656f96cf5a157cc852a417bb26ef,https://github.com/OpenRCT2/objects/blob/978f596972c1163dc670d853dd6add4766f10dbd/objects/rct2/ride/rct2.ride.cndyf.json
rct2.ride.coffs,rct2,rct2;rct1ll,ride,0A188A80|COFFS   |10FA5768,8,legacy identity metadata,objects/rct2/ride/rct2.ride.coffs.json,c52ef18ffdcddfe885d5c0d81fa916fce670be385428926315bb790d6b00ad9e,https://github.com/OpenRCT2/objects/blob/978f596972c1163dc670d853dd6add4766f10dbd/objects/rct2/ride/rct2.ride.coffs.json
rct2.ride.cookst,rct2,rct2,ride,0A188A80|COOKST  |15E3B0F2,8,legacy identity metadata,objects/rct2/ride/rct2.ride.cookst.json,99b072fe87f1e639bff865280ca8e2dd4bc93979a0c905b1fca3237a347e9212,https://github.com/OpenRCT2/objects/blob/978f596972c1163dc670d853dd6add4766f10dbd/objects/rct2/ride/rct2.ride.cookst.json
rct2.ride.cstboat,rct2,rct2;rct1ll,ride,0A188A80|CSTBOAT |4B7F9741,8,legacy identity metadata,objects/rct2/ride/rct2.ride.cstboat.json,7f47db099811afa892e67247dd51855298dd5ca3ead809bf65f938c984dbcc59,https://github.com/OpenRCT2/objects/blob/978f596972c1163dc670d853dd6add4766f10dbd/objects/rct2/ride/rct2.ride.cstboat.json
rct2.ride.ctcar,rct2,rct2;rct1,ride,0A188A80|CTCAR   |2082E6E1,8,legacy identity metadata,objects/rct2/ride/rct2.ride.ctcar.json,499754638714deda26984d9771c9a4769a15bfe562dca0b7d9c4ac5a67e9fe28,https://github.com/OpenRCT2/objects/blob/978f596972c1163dc670d853dd6add4766f10dbd/objects/rct2/ride/rct2.ride.ctcar.json
rct2.ride.ding1,rct2,rct2;rct1,ride,0A188A80|DING1   |7EB3E178,8,legacy identity metadata,objects/rct2/ride/rct2.ride.ding1.json,b058b55951e54f196a5e818330173bca43a043ea763f619b8c57e335addeed85,https://github.com/OpenRCT2/objects/blob/978f596972c1163dc670d853dd6add4766f10dbd/objects/rct2/ride/rct2.ride.ding1.json
rct2.ride.dodg1,rct2,rct2;rct1,ride,0A188A80|DODG1   |202805C0,8,legacy identity metadata,objects/rct2/ride/rct2.ride.dodg1.json,b825cd7b0c04c44490b4182dcff6a76c01a9f96fa48aee2662379a43f33cc8b0,https://github.com/OpenRCT2/objects/blob/978f596972c1163dc670d853dd6add4766f10dbd/objects/rct2/ride/rct2.ride.dodg1.json
rct2.ride.dough,rct2,rct2;rct1ll,ride,0A188A80|DOUGH   |197EC555,8,legacy identity metadata,objects/rct2/ride/rct2.ride.dough.json,f54a307c85c2691e0b258cb7c6d50af539302bdad10530dc0da2285a196382c8,https://github.com/OpenRCT2/objects/blob/978f596972c1163dc670d853dd6add4766f10dbd/objects/rct2/ride/rct2.ride.dough.json
rct2.ride.drnks,rct2,rct2;rct1,ride,0A188A80|DRNKS   |CF2608E1,8,legacy identity metadata,objects/rct2/ride/rct2.ride.drnks.json,a48f1a9ad5f22104e28da7f9796d45c1b8e79f44371989e6346bf092e2831713,https://github.com/OpenRCT2/objects/blob/978f596972c1163dc670d853dd6add4766f10dbd/objects/rct2/ride/rct2.ride.drnks.json
rct2.ride.enterp,rct2,rct2;rct1ll,ride,0A188A80|ENTERP  |CAD5290B,8,legacy identity metadata,objects/rct2/ride/rct2.ride.enterp.json,15fde25b9cafc09460ab600fed369dc9b42fd75c2a737c0d5cb109cc38e8a76b,https://github.com/OpenRCT2/objects/blob/978f596972c1163dc670d853dd6add4766f10dbd/objects/rct2/ride/rct2.ride.enterp.json
rct2.ride.faid1,rct2,rct2,ride,0A188A80|FAID1   |F5BF5D9E,8,legacy identity metadata,objects/rct2/ride/rct2.ride.faid1.json,2b2cde75d3ff6bf8a59e546bfeab7ddb61347dc9dff7f1984658d6ecb4c6cb84,https://github.com/OpenRCT2/objects/blob/978f596972c1163dc670d853dd6add4766f10dbd/objects/rct2/ride/rct2.ride.faid1.json
rct2.ride.frnood,rct2,rct2,ride,0A188A80|FRNOOD  |8CCC386A,8,legacy identity metadata,objects/rct2/ride/rct2.ride.frnood.json,58b16c4e34a8b16d6f84c8c356954f2d2b8865b90a0aa6d5cf6b30228a894092,https://github.com/OpenRCT2/objects/blob/978f596972c1163dc670d853dd6add4766f10dbd/objects/rct2/ride/rct2.ride.frnood.json
rct2.ride.fsauc,rct2,rct2;rct1aa,ride,0A188A80|FSAUC   |286B8633,8,legacy identity metadata,objects/rct2/ride/rct2.ride.fsauc.json,f6ce96acc5b8a7d16176802b7ae2b13bc3d8e23132734dc7334b35ff0dbff258,https://github.com/OpenRCT2/objects/blob/978f596972c1163dc670d853dd6add4766f10dbd/objects/rct2/ride/rct2.ride.fsauc.json
rct2.ride.funcake,rct2,rct2,ride,0A188A80|FUNCAKE |042CE30B,8,legacy identity metadata,objects/rct2/ride/rct2.ride.funcake.json,9bca763e7f62e0c3e280353a680a00882e7a420794ce1d07867dccd532f3b073,https://github.com/OpenRCT2/objects/blob/978f596972c1163dc670d853dd6add4766f10dbd/objects/rct2/ride/rct2.ride.funcake.json
rct2.ride.fwh1,rct2,rct2;rct1,ride,0A188A80|FWH1    |BE0E9ADE,8,legacy identity metadata,objects/rct2/ride/rct2.ride.fwh1.json,c5dc70e4ebccc89c09b1a1b0080bb3417700940023c431cf572744b499522e2d,https://github.com/OpenRCT2/objects/blob/978f596972c1163dc670d853dd6add4766f10dbd/objects/rct2/ride/rct2.ride.fwh1.json
rct2.ride.gdrop1,rct2,rct2;rct1aa,ride,0A188A80|GDROP1  |CFBA20A5,8,legacy identity metadata,objects/rct2/ride/rct2.ride.gdrop1.json,0bce7c4301078c6d131ce6aa965b8d3968612d23247bb9d0c1fb3fc36fae112f,https://github.com/OpenRCT2/objects/blob/978f596972c1163dc670d853dd6add4766f10dbd/objects/rct2/ride/rct2.ride.gdrop1.json
rct2.ride.golf1,rct2,rct2;rct1aa,ride,0A188A80|GOLF1   |FD380E73,8,legacy identity metadata,objects/rct2/ride/rct2.ride.golf1.json,2cd90b1bb40561edaad17e0d2ad308c6196e7fb2190caa9f92806a567cdfe2d9,https://github.com/OpenRCT2/objects/blob/978f596972c1163dc670d853dd6add4766f10dbd/objects/rct2/ride/rct2.ride.golf1.json
rct2.ride.goltr,rct2,rct2,ride,0A188A80|GOLTR   |F03D99BC,8,legacy identity metadata,objects/rct2/ride/rct2.ride.goltr.json,47bd88e9558bbd7317c727b87d816638ac4e239a451d388f28156a3bf3b29705,https://github.com/OpenRCT2/objects/blob/978f596972c1163dc670d853dd6add4766f10dbd/objects/rct2/ride/rct2.ride.goltr.json
rct2.ride.gtc,rct2,rct2;rct1aa,ride,0A188A80|GTC     |9F6FE3B5,8,legacy identity metadata,objects/rct2/ride/rct2.ride.gtc.json,e8e61c9f2b1a561f89b3d281cddab24a9503c777bb5805b50c51aef7182fbfa8,https://github.com/OpenRCT2/objects/blob/978f596972c1163dc670d853dd6add4766f10dbd/objects/rct2/ride/rct2.ride.gtc.json
rct2.ride.hatst,rct2,rct2;rct1aa,ride,0A188A80|HATST   |DAE9D00C,8,legacy identity metadata,objects/rct2/ride/rct2.ride.hatst.json,7bbaa8188e765f83d7dae7081ca5292d5817580b258f15df248046d9c673ea62,https://github.com/OpenRCT2/objects/blob/978f596972c1163dc670d853dd6add4766f10dbd/objects/rct2/ride/rct2.ride.hatst.json
rct2.ride.hchoc,rct2,rct2,ride,0A188A80|HCHOC   |41EF07E7,8,legacy identity metadata,objects/rct2/ride/rct2.ride.hchoc.json,5cf969068eb7d274930d5e2ded4ee614fd5e402d232aedde5df9ebafd741d2f9,https://github.com/OpenRCT2/objects/blob/978f596972c1163dc670d853dd6add4766f10dbd/objects/rct2/ride/rct2.ride.hchoc.json
rct2.ride.helicar,rct2,rct2;rct1aa,ride,0A188A80|HELICAR |A4EBEE6C,8,legacy identity metadata,objects/rct2/ride/rct2.ride.helicar.json,696c99c9ab28cea12f159d8ea217e6de602fc5f1443619fa1e32334f241b9a5c,https://github.com/OpenRCT2/objects/blob/978f596972c1163dc670d853dd6add4766f10dbd/objects/rct2/ride/rct2.ride.helicar.json
rct2.ride.hhbuild,rct2,rct2;rct1,ride,0A188A80|HHBUILD |36C99378,8,legacy identity metadata,objects/rct2/ride/rct2.ride.hhbuild.json,c8155d2291dbdda9c42f32d99ccaa11438337d8aac7ab4391b5be3df214c029f,https://github.com/OpenRCT2/objects/blob/978f596972c1163dc670d853dd6add4766f10dbd/objects/rct2/ride/rct2.ride.hhbuild.json
rct2.ride.hmaze,rct2,rct2;rct1,ride,0A188A80|HMAZE   |5BD31A4B,8,legacy identity metadata,objects/rct2/ride/rct2.ride.hmaze.json,dc287d119e4c800d9206e42c159b0ae719e6c8da39fe2330903ee2508f09f1cb,https://github.com/OpenRCT2/objects/blob/978f596972c1163dc670d853dd6add4766f10dbd/objects/rct2/ride/rct2.ride.hmaze.json
rct2.ride.hmcar,rct2,rct2,ride,0A188A80|HMCAR   |A151BA28,8,legacy identity metadata,objects/rct2/ride/rct2.ride.hmcar.json,d9f9189bec72d3133bbe516cc7455542a14781faa5d8f8ad13d26d3436162821,https://github.com/OpenRCT2/objects/blob/978f596972c1163dc670d853dd6add4766f10dbd/objects/rct2/ride/rct2.ride.hmcar.json
rct2.ride.hotds,rct2,rct2;rct1aa,ride,0A188A80|HOTDS   |248F70CD,8,legacy identity metadata,objects/rct2/ride/rct2.ride.hotds.json,32a60eae5997f007f4346413a8f81a6799411f02a395c3067fb99e71811ca463,https://github.com/OpenRCT2/objects/blob/978f596972c1163dc670d853dd6add4766f10dbd/objects/rct2/ride/rct2.ride.hotds.json
rct2.ride.hskelt,rct2,rct2;rct1,ride,0A188A80|HSKELT  |3380F9BF,8,legacy identity metadata,objects/rct2/ride/rct2.ride.hskelt.json,7fdce7a5cb19ae28997f25b5afefb16cd4995bafe6106a6f3bb73353a55668e2,https://github.com/OpenRCT2/objects/blob/978f596972c1163dc670d853dd6add4766f10dbd/objects/rct2/ride/rct2.ride.hskelt.json
rct2.ride.icecr1,rct2,rct2;rct1,ride,0A188A80|ICECR1  |E3CF92CE,8,legacy identity metadata,objects/rct2/ride/rct2.ride.icecr1/object.json,9274a8ca3e45931003e0369f1d8e972a5c994ae127da10fdad8d31eafbd82734,https://github.com/OpenRCT2/objects/blob/978f596972c1163dc670d853dd6add4766f10dbd/objects/rct2/ride/rct2.ride.icecr1/object.json
rct2.ride.icecr2,rct2,rct2,ride,0A188A80|ICECR2  |3D5E0792,8,legacy identity metadata,objects/rct2/ride/rct2.ride.icecr2.json,1f2bc698894602e57c80e38ed42a56c79f1ae31f4a4492305c5253142f042da8,https://github.com/OpenRCT2/objects/blob/978f596972c1163dc670d853dd6add4766f10dbd/objects/rct2/ride/rct2.ride.icecr2.json
rct2.ride.icetst,rct2,rct2,ride,0A188A80|ICETST  |4550D0CE,8,legacy identity metadata,objects/rct2/ride/rct2.ride.icetst.json,33cad728c553e664341b8eeb00466669b82ca4f58c6dfb17259d794a70369a26,https://github.com/OpenRCT2/objects/blob/978f596972c1163dc670d853dd6add4766f10dbd/objects/rct2/ride/rct2.ride.icetst.json
rct2.ride.infok,rct2,rct2;rct1,ride,0A188A80|INFOK   |6888ED73,8,legacy identity metadata,objects/rct2/ride/rct2.ride.infok.json,0981b0e506f650c40862d99682d91f78dd0df2993b7603557a71056b04d92595,https://github.com/OpenRCT2/objects/blob/978f596972c1163dc670d853dd6add4766f10dbd/objects/rct2/ride/rct2.ride.infok.json
rct2.ride.intbob,rct2,rct2,ride,0A188A80|INTBOB  |499CD9EA,8,legacy identity metadata,objects/rct2/ride/rct2.ride.intbob.json,10534509c3688e06719f0454d9e45956670cfb407d4c021834dc00f06051f008,https://github.com/OpenRCT2/objects/blob/978f596972c1163dc670d853dd6add4766f10dbd/objects/rct2/ride/rct2.ride.intbob.json
rct2.ride.intinv,rct2,rct2,ride,0A188A80|INTINV  |695D7C15,8,legacy identity metadata,objects/rct2/ride/rct2.ride.intinv.json,dba135451c0fc1f34717808f6f8484566ad6aff019e68ed7c9c6eea245c2e3a4,https://github.com/OpenRCT2/objects/blob/978f596972c1163dc670d853dd6add4766f10dbd/objects/rct2/ride/rct2.ride.intinv.json
rct2.ride.intst,rct2,rct2,ride,0A188A80|INTST   |59F1CF92,8,legacy identity metadata,objects/rct2/ride/rct2.ride.intst.json,3d09e392d1beacb723d21364eae4162d4332ceb8d60b09b278cfca59e115051d,https://github.com/OpenRCT2/objects/blob/978f596972c1163dc670d853dd6add4766f10dbd/objects/rct2/ride/rct2.ride.intst.json
rct2.ride.ivmc1,rct2,rct2;rct1ll,ride,0A188A80|IVMC1   |18AC17FC,8,legacy identity metadata,objects/rct2/ride/rct2.ride.ivmc1.json,0ce278a161c8a8647d70de4721bd8219849d90acae885f9cbdb8dff33475896f,https://github.com/OpenRCT2/objects/blob/978f596972c1163dc670d853dd6add4766f10dbd/objects/rct2/ride/rct2.ride.ivmc1.json
rct2.ride.jski,rct2,rct2;rct1ll,ride,0A188A80|JSKI    |E08C3F3A,8,legacy identity metadata,objects/rct2/ride/rct2.ride.jski.json,b1774f4a0af92f0bd7e703cf6a529a35bf89271d77b26aa2a3a1813e40e9a25f,https://github.com/OpenRCT2/objects/blob/978f596972c1163dc670d853dd6add4766f10dbd/objects/rct2/ride/rct2.ride.jski.json
rct2.ride.jstar1,rct2,rct2,ride,0A188B80|JSTAR1  |5885991E,8,legacy identity metadata,objects/rct2/ride/rct2.ride.jstar1.json,9b55ec4764942f703a1f0e0e0c1c429a4b3392320d3f75f6c136f13426ed7711,https://github.com/OpenRCT2/objects/blob/978f596972c1163dc670d853dd6add4766f10dbd/objects/rct2/ride/rct2.ride.jstar1.json
rct2.ride.kart1,rct2,rct2,ride,0A188B80|KART1   |56DFF5D7,8,legacy identity metadata,objects/rct2/ride/rct2.ride.kart1.json,6943e2ab6d81e6f6a3904c5ed8c0d71539b61d704c05fe4356ea52680f4197ad,https://github.com/OpenRCT2/objects/blob/978f596972c1163dc670d853dd6add4766f10dbd/objects/rct2/ride/rct2.ride.kart1.json
rct2.ride.lemst,rct2,rct2;rct1ll,ride,0A188B80|LEMST   |B20D8919,8,legacy identity metadata,objects/rct2/ride/rct2.ride.lemst.json,b1bafcb28a5819060d0830916c55c67f3b6d12de3ffd059b28b5faebe5699d62,https://github.com/OpenRCT2/objects/blob/978f596972c1163dc670d853dd6add4766f10dbd/objects/rct2/ride/rct2.ride.lemst.json
rct2.ride.lfb1,rct2,rct2;rct1,ride,0A188B80|LFB1    |202DF350,8,legacy identity metadata,objects/rct2/ride/rct2.ride.lfb1.json,ecd0192857b6e87c78ac8f16d4d92fa9ab07b95796126d06f5571dad261dd5a4,https://github.com/OpenRCT2/objects/blob/978f596972c1163dc670d853dd6add4766f10dbd/objects/rct2/ride/rct2.ride.lfb1.json
rct2.ride.lift1,rct2,rct2,ride,0A188B80|LIFT1   |F43C91B2,8,legacy identity metadata,objects/rct2/ride/rct2.ride.lift1.json,3ee0f92e5bc38269a584e5101db1bda91575359b7d47abc7d81037fadd79de22,https://github.com/OpenRCT2/objects/blob/978f596972c1163dc670d853dd6add4766f10dbd/objects/rct2/ride/rct2.ride.lift1.json
rct2.ride.mbsoup,rct2,rct2,ride,0A188B80|MBSOUP  |16744215,8,legacy identity metadata,objects/rct2/ride/rct2.ride.mbsoup.json,7b7dc94403f289f83f3d8f2ddc1e70f5f25153fc17bb67e9271947de357b9cdf,https://github.com/OpenRCT2/objects/blob/978f596972c1163dc670d853dd6add4766f10dbd/objects/rct2/ride/rct2.ride.mbsoup.json
rct2.ride.mcarpet1,rct2,rct2,ride,0A188B80|MCARPET1|073E5C11,8,legacy identity metadata,objects/rct2/ride/rct2.ride.mcarpet1.json,74ac03eef4d8dff0254bb23150b86ffe7fc84a4ccf2577c304ce93bdeac7dbf8,https://github.com/OpenRCT2/objects/blob/978f596972c1163dc670d853dd6add4766f10dbd/objects/rct2/ride/rct2.ride.mcarpet1.json
rct2.ride.mft,rct2,rct2,ride,0A188B80|MFT     |52488B03,8,legacy identity metadata,objects/rct2/ride/rct2.ride.mft.json,ed0070d48ea17851c580d393e9dc6a496ef24fd9c1a8eafb60fd60a9972f0626,https://github.com/OpenRCT2/objects/blob/978f596972c1163dc670d853dd6add4766f10dbd/objects/rct2/ride/rct2.ride.mft.json
rct2.ride.mgr1,rct2,rct2;rct1,ride,0A188B80|MGR1    |ADDC8D24,8,legacy identity metadata,objects/rct2/ride/rct2.ride.mgr1.json,6477fcee3d6f20f8084c79ca5718cbd9123056119a444431a185399a72680373,https://github.com/OpenRCT2/objects/blob/978f596972c1163dc670d853dd6add4766f10dbd/objects/rct2/ride/rct2.ride.mgr1.json
rct2.ride.monbk,rct2,rct2;rct1aa,ride,0A188B80|MONBK   |8078AB77,8,legacy identity metadata,objects/rct2/ride/rct2.ride.monbk.json,8f5bee507ae266e2348e087bf58b6ae20f8cc65b1ce24c970a1ac641d9fbd53d,https://github.com/OpenRCT2/objects/blob/978f596972c1163dc670d853dd6add4766f10dbd/objects/rct2/ride/rct2.ride.monbk.json
rct2.ride.mono1,rct2,rct2;rct1,ride,0A188B80|MONO1   |6DF225FF,8,legacy identity metadata,objects/rct2/ride/rct2.ride.mono1.json,274635336cc52ba6e4026f4e71a29355f55ae3f1d264fcbb3f92823549986a93,https://github.com/OpenRCT2/objects/blob/978f596972c1163dc670d853dd6add4766f10dbd/objects/rct2/ride/rct2.ride.mono1.json
rct2.ride.mono2,rct2,rct2;rct1,ride,0A188B80|MONO2   |4353CF22,8,legacy identity metadata,objects/rct2/ride/rct2.ride.mono2.json,981dc414e0f515505737023cac370742c6706e63ac9203c913eed749ba458446,https://github.com/OpenRCT2/objects/blob/978f596972c1163dc670d853dd6add4766f10dbd/objects/rct2/ride/rct2.ride.mono2.json
rct2.ride.mono3,rct2,rct2,ride,0A188B80|MONO3   |E6D0B3B8,8,legacy identity metadata,objects/rct2/ride/rct2.ride.mono3.json,19503e4781026a36f55a33cb2e6976cbbd5adf5cdb0de74e62886063ce2a1bfa,https://github.com/OpenRCT2/objects/blob/978f596972c1163dc670d853dd6add4766f10dbd/objects/rct2/ride/rct2.ride.mono3.json
rct2.ride.nemt,rct2,rct2;rct1ll,ride,0A188B80|NEMT    |65343930,8,legacy identity metadata,objects/rct2/ride/rct2.ride.nemt.json,3d687e2496496baf396054c7bdfcf4e412f865af41faa9ca2a122936c85b1d64,https://github.com/OpenRCT2/objects/blob/978f596972c1163dc670d853dd6add4766f10dbd/objects/rct2/ride/rct2.ride.nemt.json
rct2.ride.nrl,rct2,rct2;rct1,ride,0A188B80|NRL     |EB8FF03D,8,legacy identity metadata,objects/rct2/ride/rct2.ride.nrl.json,aecced7b000e8547cbf83789783c5d074f84f8c925eb562d90930ccc7e4d251e,https://github.com/OpenRCT2/objects/blob/978f596972c1163dc670d853dd6add4766f10dbd/objects/rct2/ride/rct2.ride.nrl.json
rct2.ride.nrl2,rct2,rct2;rct1aa,ride,0A188B80|NRL2    |0365419D,8,legacy identity metadata,objects/rct2/ride/rct2.ride.nrl2.json,88631443e31dc64163aef41a5d03ebd26b035633b5ed8243d4b2e6d41114f86e,https://github.com/OpenRCT2/objects/blob/978f596972c1163dc670d853dd6add4766f10dbd/objects/rct2/ride/rct2.ride.nrl2.json
rct2.ride.obs1,rct2,rct2;rct1,ride,0A188B80|OBS1    |D59D67B3,8,legacy identity metadata,objects/rct2/ride/rct2.ride.obs1.json,76e5aadf371a850e95f3d42818afad9bc28ccc75eb3e8bfbf2e808197df71ba1,https://github.com/OpenRCT2/objects/blob/978f596972c1163dc670d853dd6add4766f10dbd/objects/rct2/ride/rct2.ride.obs1.json
rct2.ride.obs2,rct2,rct2,ride,0A188B80|OBS2    |E9506DED,8,legacy identity metadata,objects/rct2/ride/rct2.ride.obs2.json,3a225b7e054747a2f6e1322ee9cec7c75f0e8af192e120a01fc52e70dd7db781,https://github.com/OpenRCT2/objects/blob/978f596972c1163dc670d853dd6add4766f10dbd/objects/rct2/ride/rct2.ride.obs2.json
rct2.ride.pizzs,rct2,rct2;rct1,ride,0A188B80|PIZZS   |68C42EB5,8,legacy identity metadata,objects/rct2/ride/rct2.ride.pizzs.json,f976ca95686b1a17e7d2ba82d0586420fd4c7e09c7f8a02b1ac61e6564f4b69e,https://github.com/OpenRCT2/objects/blob/978f596972c1163dc670d853dd6add4766f10dbd/objects/rct2/ride/rct2.ride.pizzs.json
rct2.ride.pmt1,rct2,rct2,ride,0A188B80|PMT1    |F8FD41B4,8,legacy identity metadata,objects/rct2/ride/rct2.ride.pmt1.json,bd31c33ad17232cda813a2d67f2c1c48f47781710e9fd07ad524f9c16aad65a7,https://github.com/OpenRCT2/objects/blob/978f596972c1163dc670d853dd6add4766f10dbd/objects/rct2/ride/rct2.ride.pmt1.json
rct2.ride.popcs,rct2,rct2;rct1,ride,0A188B80|POPCS   |36E12446,8,legacy identity metadata,objects/rct2/ride/rct2.ride.popcs.json,97e71783b976e01f4c247bc920f5614cd01efb5ddc0f1a0260577cb8c9ce2deb,https://github.com/OpenRCT2/objects/blob/978f596972c1163dc670d853dd6add4766f10dbd/objects/rct2/ride/rct2.ride.popcs.json
rct2.ride.premt1,rct2,rct2,ride,0A188B80|PREMT1  |6E69293A,8,legacy identity metadata,objects/rct2/ride/rct2.ride.premt1.json,8626f9ca4a89253abdcbacaa6357f63cda0100fa886cd9b2c0e650f7a39e206e,https://github.com/OpenRCT2/objects/blob/978f596972c1163dc670d853dd6add4766f10dbd/objects/rct2/ride/rct2.ride.premt1.json
rct2.ride.pretst,rct2,rct2,ride,0A188B80|PRETST  |C65F6B89,8,legacy identity metadata,objects/rct2/ride/rct2.ride.pretst.json,487af7ec34aa795789bb19d394afca94982c749fd9f03d9fc8163ba1b718f9fa,https://github.com/OpenRCT2/objects/blob/978f596972c1163dc670d853dd6add4766f10dbd/objects/rct2/ride/rct2.ride.pretst.json
rct2.ride.ptct1,rct2,rct2,ride,0A188B80|PTCT1   |A6A5C09F,8,legacy identity metadata,objects/rct2/ride/rct2.ride.ptct1.json,511cf8bb26d21e33766266ed4143d18bf4f27ac88adfa76699d50812077b16c8,https://github.com/OpenRCT2/objects/blob/978f596972c1163dc670d853dd6add4766f10dbd/objects/rct2/ride/rct2.ride.ptct1.json
rct2.ride.ptct2,rct2,rct2,ride,0A188B80|PTCT2   |064CCE3B,8,legacy identity metadata,objects/rct2/ride/rct2.ride.ptct2.json,f2b10fa648e7a89237a6883f13524250a60d8692a57c26b08289b523db0171d4,https://github.com/OpenRCT2/objects/blob/978f596972c1163dc670d853dd6add4766f10dbd/objects/rct2/ride/rct2.ride.ptct2.json
rct2.ride.ptct2r,rct2,rct2,ride,0A188B80|PTCT2R  |4433BD4C,8,legacy identity metadata,objects/rct2/ride/rct2.ride.ptct2r.json,061f18cb2cfb43fcef498fa08d9a84c605865dccc9c3dbc2a998a24a64ac36ac,https://github.com/OpenRCT2/objects/blob/978f596972c1163dc670d853dd6add4766f10dbd/objects/rct2/ride/rct2.ride.ptct2r.json
rct2.ride.rapboat,rct2,rct2;rct1,ride,0A188B80|RAPBOAT |2271B2DD,8,legacy identity metadata,objects/rct2/ride/rct2.ride.rapboat.json,a2c1c9dc7060e807263b8a43536c9fc81b8b456a395230b2b4f3a005caa0fe6c,https://github.com/OpenRCT2/objects/blob/978f596972c1163dc670d853dd6add4766f10dbd/objects/rct2/ride/rct2.ride.rapboat.json
rct2.ride.rboat,rct2,rct2;rct1,ride,0A188B80|RBOAT   |E952C72A,8,legacy identity metadata,objects/rct2/ride/rct2.ride.rboat.json,5582f3bfbe1d672607c88e17c5daa5c0772f6643c9eaa19cadbeed0b28ba9ada,https://github.com/OpenRCT2/objects/blob/978f596972c1163dc670d853dd6add4766f10dbd/objects/rct2/ride/rct2.ride.rboat.json
rct2.ride.rckc,rct2,rct2,ride,0A188B80|RCKC    |546E3576,8,legacy identity metadata,objects/rct2/ride/rct2.ride.rckc.json,dc761f183dce63c08d4270435c2c30df6749c25f43a56db3f7a7ee306f978a4a,https://github.com/OpenRCT2/objects/blob/978f596972c1163dc670d853dd6add4766f10dbd/objects/rct2/ride/rct2.ride.rckc.json
rct2.ride.rcr,rct2,rct2;rct1,ride,0A188B80|RCR     |14407591,8,legacy identity metadata,objects/rct2/ride/rct2.ride.rcr.json,269edde1c06c964fb7913f8eececa5880f3e03c7962d425627564011db133957,https://github.com/OpenRCT2/objects/blob/978f596972c1163dc670d853dd6add4766f10dbd/objects/rct2/ride/rct2.ride.rcr.json
rct2.ride.revcar,rct2,rct2;rct1aa,ride,0A188B80|REVCAR  |50718182,8,legacy identity metadata,objects/rct2/ride/rct2.ride.revcar.json,52f9a923fad7539ffb774137e192849716128d07ea160e23ad8a850c7c5ffe20,https://github.com/OpenRCT2/objects/blob/978f596972c1163dc670d853dd6add4766f10dbd/objects/rct2/ride/rct2.ride.revcar.json
rct2.ride.revf1,rct2,rct2;rct1,ride,0A188B80|REVF1   |BB21F3B6,8,legacy identity metadata,objects/rct2/ride/rct2.ride.revf1.json,f0aacdc9c405f7fafb2751dd2accc5b8f4845f48e662fd77a416a85435491184,https://github.com/OpenRCT2/objects/blob/978f596972c1163dc670d853dd6add4766f10dbd/objects/rct2/ride/rct2.ride.revf1.json
rct2.ride.rftboat,rct2,rct2;rct1ll,ride,0A188B80|RFTBOAT |9C39AB46,8,legacy identity metadata,objects/rct2/ride/rct2.ride.rftboat.json,db6fa39781cff57e38fe56d84195f026140dd494746dc5a40e3327611cf04ce7,https://github.com/OpenRCT2/objects/blob/978f596972c1163dc670d853dd6add4766f10dbd/objects/rct2/ride/rct2.ride.rftboat.json
rct2.ride.rsaus,rct2,rct2,ride,0A188B80|RSAUS   |33756690,8,legacy identity metadata,objects/rct2/ride/rct2.ride.rsaus.json,e906faaa66f13d976da4487fee53ff0d960f8dd22dea18a52963b138bfd8b959,https://github.com/OpenRCT2/objects/blob/978f596972c1163dc670d853dd6add4766f10dbd/objects/rct2/ride/rct2.ride.rsaus.json
rct2.ride.sbox,rct2,rct2,ride,0A188B80|SBOX    |E2B4D8AB,8,legacy identity metadata,objects/rct2/ride/rct2.ride.sbox.json,9a117bd5f295f4c7a93a99f5fa3b38cb6a30b07f088d1dfdd2188a74080f1828,https://github.com/OpenRCT2/objects/blob/978f596972c1163dc670d853dd6add4766f10dbd/objects/rct2/ride/rct2.ride.sbox.json
rct2.ride.scht1,rct2,rct2,ride,0A188B80|SCHT1   |4862FCC8,8,legacy identity metadata,objects/rct2/ride/rct2.ride.scht1.json,67b42d7b8f9b451d64952dd5f3b6f2d931599ee7e47b39d68e8a9ca80dff6f81,https://github.com/OpenRCT2/objects/blob/978f596972c1163dc670d853dd6add4766f10dbd/objects/rct2/ride/rct2.ride.scht1.json
rct2.ride.sfric1,rct2,rct2;rct1aa,ride,0A188B80|SFRIC1  |9880CB23,8,legacy identity metadata,objects/rct2/ride/rct2.ride.sfric1.json,ecbcaa1c0622a3567390a5232311488d08f2950104d6499dd6cb307eeb09e493,https://github.com/OpenRCT2/objects/blob/978f596972c1163dc670d853dd6add4766f10dbd/objects/rct2/ride/rct2.ride.sfric1.json
rct2.ride.simpod,rct2,rct2;rct1,ride,0A1F0280|SIMPOD  |7D9318C3,8,legacy identity metadata,objects/rct2/ride/rct2.ride.simpod.json,3af93fd98295f5fdff096da483f71c12424e8cf17332740d1dc7b164d9dd65ef,https://github.com/OpenRCT2/objects/blob/978f596972c1163dc670d853dd6add4766f10dbd/objects/rct2/ride/rct2.ride.simpod.json
rct2.ride.skytr,rct2,rct2;rct1,ride,0A188B80|SKYTR   |AB64B391,8,legacy identity metadata,objects/rct2/ride/rct2.ride.skytr.json,dd0f9d781f70a0bc0ded1502815d418dfe68321c3abf552c1b037f9dd6328270,https://github.com/OpenRCT2/objects/blob/978f596972c1163dc670d853dd6add4766f10dbd/objects/rct2/ride/rct2.ride.skytr.json
rct2.ride.slcfo,rct2,rct2;rct1ll,ride,0A188B80|SLCFO   |7E0B210A,8,legacy identity metadata,objects/rct2/ride/rct2.ride.slcfo.json,14c4a6734fa8d3116ed6bda998d823bb518caa36fe2f765a36ebc49d759bae69,https://github.com/OpenRCT2/objects/blob/978f596972c1163dc670d853dd6add4766f10dbd/objects/rct2/ride/rct2.ride.slcfo.json
rct2.ride.slct,rct2,rct2,ride,0A188B80|SLCT    |702E2F19,8,legacy identity metadata,objects/rct2/ride/rct2.ride.slct.json,924771dd54e7c44927b3ba1f158fe7087161197b26857933fd0b703e94ba1721,https://github.com/OpenRCT2/objects/blob/978f596972c1163dc670d853dd6add4766f10dbd/objects/rct2/ride/rct2.ride.slct.json
rct2.ride.smc1,rct2,rct2;rct1aa,ride,0A188B80|SMC1    |4B7812BB,8,legacy identity metadata,objects/rct2/ride/rct2.ride.smc1.json,a5b7b278732545a42dc930f07790e30e3719a75b6067b67d1c0d5c7643362b42,https://github.com/OpenRCT2/objects/blob/978f596972c1163dc670d853dd6add4766f10dbd/objects/rct2/ride/rct2.ride.smc1.json
rct2.ride.smc2,rct2,rct2,ride,0A188B80|SMC2    |8A13DDE5,8,legacy identity metadata,objects/rct2/ride/rct2.ride.smc2.json,ea604beeacd2952bf94ebbaac08e411203206689a654e95daa5b9e0ec485793e,https://github.com/OpenRCT2/objects/blob/978f596972c1163dc670d853dd6add4766f10dbd/objects/rct2/ride/rct2.ride.smc2.json
rct2.ride.smono,rct2,rct2;rct1aa,ride,0A188B80|SMONO   |31FC6615,8,legacy identity metadata,objects/rct2/ride/rct2.ride.smono.json,66ce4b46e6a07a268c64f44f242be6982e5b579d95d5886e94d062819e2ec12f,https://github.com/OpenRCT2/objects/blob/978f596972c1163dc670d853dd6add4766f10dbd/objects/rct2/ride/rct2.ride.smono.json
rct2.ride.souvs,rct2,rct2;rct1,ride,0A188B80|SOUVS   |CDADB499,8,legacy identity metadata,objects/rct2/ride/rct2.ride.souvs.json,4cc48f98e4ee4cd4df930f726151150cc797772128e0ba4e1f78d9a2b16712ce,https://github.com/OpenRCT2/objects/blob/978f596972c1163dc670d853dd6add4766f10dbd/objects/rct2/ride/rct2.ride.souvs.json
rct2.ride.soybean,rct2,rct2,ride,0A188B80|SOYBEAN |C4B8AF32,8,legacy identity metadata,objects/rct2/ride/rct2.ride.soybean.json,15c1de0678deedeca4d74dd91c845ad4c5c090461a681ae38a5870889e39a0ff,https://github.com/OpenRCT2/objects/blob/978f596972c1163dc670d853dd6add4766f10dbd/objects/rct2/ride/rct2.ride.soybean.json
rct2.ride.spboat,rct2,rct2;rct1aa,ride,0A188B80|SPBOAT  |1057649F,8,legacy identity metadata,objects/rct2/ride/rct2.ride.spboat.json,60dd688825b91fc4072cce165210af7251ec82820a123d5f9fa16bcbd1dae610,https://github.com/OpenRCT2/objects/blob/978f596972c1163dc670d853dd6add4766f10dbd/objects/rct2/ride/rct2.ride.spboat.json
rct2.ride.spcar,rct2,rct2;rct1,ride,0A188B80|SPCAR   |69F23BC4,8,legacy identity metadata,objects/rct2/ride/rct2.ride.spcar.json,9e82ba31c54b21b2cbb84bd58241590bf9f49290046f0f48859a0dcacf37208c,https://github.com/OpenRCT2/objects/blob/978f596972c1163dc670d853dd6add4766f10dbd/objects/rct2/ride/rct2.ride.spcar.json
rct2.ride.spdrcr,rct2,rct2,ride,0A188B80|SPDRCR  |82355DA3,8,legacy identity metadata,objects/rct2/ride/rct2.ride.spdrcr.json,8935c42db5a920ed1cc5df75b7769830dc1d49efb3f84943c948e274a1dde30d,https://github.com/OpenRCT2/objects/blob/978f596972c1163dc670d853dd6add4766f10dbd/objects/rct2/ride/rct2.ride.spdrcr.json
rct2.ride.sqdst,rct2,rct2;rct1aa,ride,0A188B80|SQDST   |D85DF877,8,legacy identity metadata,objects/rct2/ride/rct2.ride.sqdst.json,48eb86c45e34180691000bfb7c68f4dde92a11d72c9d7fe34fdb05b8a8510f0f,https://github.com/OpenRCT2/objects/blob/978f596972c1163dc670d853dd6add4766f10dbd/objects/rct2/ride/rct2.ride.sqdst.json
rct2.ride.srings,rct2,rct2;rct1,ride,0A188B80|SRINGS  |BB605CD7,8,legacy identity metadata,objects/rct2/ride/rct2.ride.srings.json,ef61e42d96235733a5a69859bcc219756b273630e2e8b280ec4049848a99ee01,https://github.com/OpenRCT2/objects/blob/978f596972c1163dc670d853dd6add4766f10dbd/objects/rct2/ride/rct2.ride.srings.json
rct2.ride.ssc1,rct2,rct2;rct1,ride,0A188B80|SSC1    |582A63A3,8,legacy identity metadata,objects/rct2/ride/rct2.ride.ssc1.json,afe67b3c41785348a45b52bf669bf4a36d99584b0a30901fcdf81c1c831cb059,https://github.com/OpenRCT2/objects/blob/978f596972c1163dc670d853dd6add4766f10dbd/objects/rct2/ride/rct2.ride.ssc1.json
rct2.ride.starfrdr,rct2,rct2,ride,0A188B80|STARFRDR|2FB4B79C,8,legacy identity metadata,objects/rct2/ride/rct2.ride.starfrdr.json,5a9ca5223a8bde16823b154239e7ec181ff80e9f037dfa5e3a28c6bb27de1728,https://github.com/OpenRCT2/objects/blob/978f596972c1163dc670d853dd6add4766f10dbd/objects/rct2/ride/rct2.ride.starfrdr.json
rct2.ride.steep1,rct2,rct2;rct1,ride,0A188B80|STEEP1  |68721AAF,8,legacy identity metadata,objects/rct2/ride/rct2.ride.steep1.json,dfd16538244d00419ed59f47cfbabfb6849d6fff68fd9c87cd8777e1612353df,https://github.com/OpenRCT2/objects/blob/978f596972c1163dc670d853dd6add4766f10dbd/objects/rct2/ride/rct2.ride.steep1.json
rct2.ride.steep2,rct2,rct2;rct1,ride,0A188B80|STEEP2  |773C635C,8,legacy identity metadata,objects/rct2/ride/rct2.ride.steep2.json,87394ae77ca64a06757dbe84af14fdd9d1c4f32fb182fd10f001ae981b1fb475,https://github.com/OpenRCT2/objects/blob/978f596972c1163dc670d853dd6add4766f10dbd/objects/rct2/ride/rct2.ride.steep2.json
rct2.ride.submar,rct2,rct2,ride,0A188B80|SUBMAR  |EE311547,8,legacy identity metadata,objects/rct2/ride/rct2.ride.submar.json,47e83c9e6eb618b096565e2632211dc8b6449e5220a36b40fc61a9cc133c4d76,https://github.com/OpenRCT2/objects/blob/978f596972c1163dc670d853dd6add4766f10dbd/objects/rct2/ride/rct2.ride.submar.json
rct2.ride.substl,rct2,rct2,ride,0A188B80|SUBSTL  |F016C58A,8,legacy identity metadata,objects/rct2/ride/rct2.ride.substl.json,5e19fdb713778a2bfc2691e0257a181be1214a59f7cd4e8984a549c5b7ba75aa,https://github.com/OpenRCT2/objects/blob/978f596972c1163dc670d853dd6add4766f10dbd/objects/rct2/ride/rct2.ride.substl.json
rct2.ride.sungst,rct2,rct2,ride,0A188B80|SUNGST  |33E79400,8,legacy identity metadata,objects/rct2/ride/rct2.ride.sungst.json,37ce45fa32ab28bac64356202e448bb2b94db5ba4c5bac4110366c9fb7994ba1,https://github.com/OpenRCT2/objects/blob/978f596972c1163dc670d853dd6add4766f10dbd/objects/rct2/ride/rct2.ride.sungst.json
rct2.ride.swans,rct2,rct2;rct1,ride,0A188B80|SWANS   |EF4071FD,8,legacy identity metadata,objects/rct2/ride/rct2.ride.swans.json,6c8fd6c63aa2013e51197e14b627a2daf1ec73408701a5122f28255888f263ac,https://github.com/OpenRCT2/objects/blob/978f596972c1163dc670d853dd6add4766f10dbd/objects/rct2/ride/rct2.ride.swans.json
rct2.ride.swsh1,rct2,rct2;rct1,ride,0A188B80|SWSH1   |3119CB85,8,legacy identity metadata,objects/rct2/ride/rct2.ride.swsh1.json,6d85f9e7fb1d13ce3460669179e0ecc353caf89127721f180a133919e5ad5208,https://github.com/OpenRCT2/objects/blob/978f596972c1163dc670d853dd6add4766f10dbd/objects/rct2/ride/rct2.ride.swsh1.json
rct2.ride.swsh2,rct2,rct2;rct1,ride,0A188B80|SWSH2   |53CA2501,8,legacy identity metadata,objects/rct2/ride/rct2.ride.swsh2.json,1d9e471263e7afd3f8979771c027a0f2ab30cdf549f6ca2cf1c1ec3c94522477,https://github.com/OpenRCT2/objects/blob/978f596972c1163dc670d853dd6add4766f10dbd/objects/rct2/ride/rct2.ride.swsh2.json
rct2.ride.thcar,rct2,rct2;rct1ll,ride,0A188B80|THCAR   |45DFCE16,8,legacy identity metadata,objects/rct2/ride/rct2.ride.thcar.json,8212f16fae01df5a3ef54b50f9f31f4416c299bae8d556a913210b297ecb9116,https://github.com/OpenRCT2/objects/blob/978f596972c1163dc670d853dd6add4766f10dbd/objects/rct2/ride/rct2.ride.thcar.json
rct2.ride.tlt1,rct2,rct2,ride,0A188B80|TLT1    |D53148B1,8,legacy identity metadata,objects/rct2/ride/rct2.ride.tlt1.json,4938d9b2eb0e2a4634c0a1ceca7e5f3b0e23506a14a2a0eadb88ab70168c60de,https://github.com/OpenRCT2/objects/blob/978f596972c1163dc670d853dd6add4766f10dbd/objects/rct2/ride/rct2.ride.tlt1.json
rct2.ride.tlt2,rct2,rct2,ride,0A188B80|TLT2    |BC739425,8,legacy identity metadata,objects/rct2/ride/rct2.ride.tlt2.json,b49e2f0b9beabcf81524c49e84dc779cd5c811f37abc5073f3767f66d5e0a50b,https://github.com/OpenRCT2/objects/blob/978f596972c1163dc670d853dd6add4766f10dbd/objects/rct2/ride/rct2.ride.tlt2.json
rct2.ride.toffs,rct2,rct2;rct1aa,ride,0A188B80|TOFFS   |2CDB7139,8,legacy identity metadata,objects/rct2/ride/rct2.ride.toffs.json,33589adeed2a042d47457313d23e4ee84cc8f7bbd3d964fab47d7173af4862be,https://github.com/OpenRCT2/objects/blob/978f596972c1163dc670d853dd6add4766f10dbd/objects/rct2/ride/rct2.ride.toffs.json
rct2.ride.togst,rct2,rct2,ride,0A188B80|TOGST   |48100195,8,legacy identity metadata,objects/rct2/ride/rct2.ride.togst.json,4368cddde9e4bec5d3dd280d415270d8d5f78c2a70ebe568015c114a3f084e19,https://github.com/OpenRCT2/objects/blob/978f596972c1163dc670d853dd6add4766f10dbd/objects/rct2/ride/rct2.ride.togst.json
rct2.ride.topsp1,rct2,rct2;rct1,ride,0A188B80|TOPSP1  |99EDA9D5,8,legacy identity metadata,objects/rct2/ride/rct2.ride.topsp1.json,dbce6b6a71b5ea2c7a827fbadda5c06b2886e6f49efcc848e870a259f83ddc97,https://github.com/OpenRCT2/objects/blob/978f596972c1163dc670d853dd6add4766f10dbd/objects/rct2/ride/rct2.ride.topsp1.json
rct2.ride.tram1,rct2,rct2,ride,0A188B80|TRAM1   |B16BC043,8,legacy identity metadata,objects/rct2/ride/rct2.ride.tram1.json,8f9d6d50b6c72bb860e39587c3e83427d66d7f75e3b35126463de623d37669c0,https://github.com/OpenRCT2/objects/blob/978f596972c1163dc670d853dd6add4766f10dbd/objects/rct2/ride/rct2.ride.tram1.json
rct2.ride.trike,rct2,rct2;rct1,ride,0A188B80|TRIKE   |BBC25972,8,legacy identity metadata,objects/rct2/ride/rct2.ride.trike.json,b1e1db84b49ca0de72e6bf329f43437770ec0e759799b667631a2fb8b0e2ade9,https://github.com/OpenRCT2/objects/blob/978f596972c1163dc670d853dd6add4766f10dbd/objects/rct2/ride/rct2.ride.trike.json
rct2.ride.truck1,rct2,rct2;rct1,ride,0A188B80|TRUCK1  |58B728C5,8,legacy identity metadata,objects/rct2/ride/rct2.ride.truck1.json,71f1e89aef9c447d3945862acd2dc30b8c0d04cd820d7d08b5e3e5c566bcae1d,https://github.com/OpenRCT2/objects/blob/978f596972c1163dc670d853dd6add4766f10dbd/objects/rct2/ride/rct2.ride.truck1.json
rct2.ride.tshrt,rct2,rct2;rct1ll,ride,0A188B80|TSHRT   |A497AD40,8,legacy identity metadata,objects/rct2/ride/rct2.ride.tshrt.json,f089fd21480ed79cc20ad93e51e01be189ee9ebfaf7046cfc398a3870af393db,https://github.com/OpenRCT2/objects/blob/978f596972c1163dc670d853dd6add4766f10dbd/objects/rct2/ride/rct2.ride.tshrt.json
rct2.ride.twist1,rct2,rct2;rct1,ride,0A188B80|TWIST1  |A8EA6B47,8,legacy identity metadata,objects/rct2/ride/rct2.ride.twist1.json,10a7779071e5dd43a9cca3911e1b5d2ba4db0ed92e9722027ab71f18484e0759,https://github.com/OpenRCT2/objects/blob/978f596972c1163dc670d853dd6add4766f10dbd/objects/rct2/ride/rct2.ride.twist1.json
rct2.ride.twist2,rct2,rct2,ride,0A188B80|TWIST2  |028354E6,8,legacy identity metadata,objects/rct2/ride/rct2.ride.twist2.json,c4d845fbe2464f6ac12dcb20ba33817597f30edcfdb6e8f3d58d21acb8361943,https://github.com/OpenRCT2/objects/blob/978f596972c1163dc670d853dd6add4766f10dbd/objects/rct2/ride/rct2.ride.twist2.json
rct2.ride.utcar,rct2,rct2;rct1aa,ride,0A188B80|UTCAR   |3E35239B,8,legacy identity metadata,objects/rct2/ride/rct2.ride.utcar.json,f5c9d43b63488b74a924baec57557b989b420a9d552376452b4f203e240fe95e,https://github.com/OpenRCT2/objects/blob/978f596972c1163dc670d853dd6add4766f10dbd/objects/rct2/ride/rct2.ride.utcar.json
rct2.ride.utcarr,rct2,rct2;rct1aa,ride,0A188C80|UTCARR  |A91D1013,8,legacy identity metadata,objects/rct2/ride/rct2.ride.utcarr.json,8e1b5fa15c9d389a65000a2a3ed3b9f98d362da2fb1510553aff05677219ad4f,https://github.com/OpenRCT2/objects/blob/978f596972c1163dc670d853dd6add4766f10dbd/objects/rct2/ride/rct2.ride.utcarr.json
rct2.ride.vcr,rct2,rct2;rct1aa,ride,0A188C80|VCR     |04C462E7,8,legacy identity metadata,objects/rct2/ride/rct2.ride.vcr.json,b3ca5ccfc435fd87da5e4758d0e44f496157dc43f08ffd351b3005ca8d5f9fff,https://github.com/OpenRCT2/objects/blob/978f596972c1163dc670d853dd6add4766f10dbd/objects/rct2/ride/rct2.ride.vcr.json
rct2.ride.vekdv,rct2,rct2,ride,0A188C80|VEKDV   |F1CEB26E,8,legacy identity metadata,objects/rct2/ride/rct2.ride.vekdv.json,4b6742d5f86df65148ce3c0e613bce175fe993f07aeb789db6b01b07ad174e4b,https://github.com/OpenRCT2/objects/blob/978f596972c1163dc670d853dd6add4766f10dbd/objects/rct2/ride/rct2.ride.vekdv.json
rct2.ride.vekst,rct2,rct2;rct1aa,ride,0A188C80|VEKST   |4F5F2BAE,8,legacy identity metadata,objects/rct2/ride/rct2.ride.vekst.json,7745eb8de2960b0156f200f39804dcc52de00249681d8ff78600f5be5c01ffec,https://github.com/OpenRCT2/objects/blob/978f596972c1163dc670d853dd6add4766f10dbd/objects/rct2/ride/rct2.ride.vekst.json
rct2.ride.vekvamp,rct2,rct2,ride,0A188C80|VEKVAMP |9EEE264F,8,legacy identity metadata,objects/rct2/ride/rct2.ride.vekvamp.json,0b63eae0a413be82c18bcdc446b5b6f1034acdf832c07166f2db795bda5ba0b4,https://github.com/OpenRCT2/objects/blob/978f596972c1163dc670d853dd6add4766f10dbd/objects/rct2/ride/rct2.ride.vekvamp.json
rct2.ride.vreel,rct2,rct2;rct1aa,ride,0A188C80|VREEL   |5E89C4A1,8,legacy identity metadata,objects/rct2/ride/rct2.ride.vreel.json,01dcb126b5bab1226eb65906033b302f2998dc4bc2f92b6bb7719e8a5c5bc819,https://github.com/OpenRCT2/objects/blob/978f596972c1163dc670d853dd6add4766f10dbd/objects/rct2/ride/rct2.ride.vreel.json
rct2.ride.wcatc,rct2,rct2,ride,0A188C80|WCATC   |31EA2D13,8,legacy identity metadata,objects/rct2/ride/rct2.ride.wcatc.json,6cd4f5cedc6ea4fa3a63797f9a9ce32ce08317c2489a85912f9a07f8c33206da,https://github.com/OpenRCT2/objects/blob/978f596972c1163dc670d853dd6add4766f10dbd/objects/rct2/ride/rct2.ride.wcatc.json
rct2.ride.wmmine,rct2,rct2;rct1,ride,0A188C80|WMMINE  |F15E8338,8,legacy identity metadata,objects/rct2/ride/rct2.ride.wmmine.json,0e637ab240cdb87049a4d654ba06daa441fcf1d5da5c07fbeef5cb4ef0a15634,https://github.com/OpenRCT2/objects/blob/978f596972c1163dc670d853dd6add4766f10dbd/objects/rct2/ride/rct2.ride.wmmine.json
rct2.ride.wmouse,rct2,rct2;rct1,ride,0A188C80|WMOUSE  |32C36628,8,legacy identity metadata,objects/rct2/ride/rct2.ride.wmouse.json,8ec2efc8cec1d9076a34088e23bf17ff5aa437b73772e0da5e054a4151810ad5,https://github.com/OpenRCT2/objects/blob/978f596972c1163dc670d853dd6add4766f10dbd/objects/rct2/ride/rct2.ride.wmouse.json
rct2.ride.wmspin,rct2,rct2,ride,0A188C80|WMSPIN  |0E117B71,8,legacy identity metadata,objects/rct2/ride/rct2.ride.wmspin.json,5cfc0133930afa382456bca624b000997323291f44af2fc43d8b4d36487c8a24,https://github.com/OpenRCT2/objects/blob/978f596972c1163dc670d853dd6add4766f10dbd/objects/rct2/ride/rct2.ride.wmspin.json
rct2.ride.wonton,rct2,rct2,ride,0A188C80|WONTON  |81A2D3DE,8,legacy identity metadata,objects/rct2/ride/rct2.ride.wonton.json,ca110fd4972eef22b1b8abb92fb832442dd0502a0b583b60d9e4dfca63deae1e,https://github.com/OpenRCT2/objects/blob/978f596972c1163dc670d853dd6add4766f10dbd/objects/rct2/ride/rct2.ride.wonton.json
rct2.ride.zldb,rct2,rct2,ride,0A188C80|ZLDB    |42D2D111,8,legacy identity metadata,objects/rct2/ride/rct2.ride.zldb.json,e28da83127b675b9f5756f30912cf1e36c2f16b2c4d987b31ee81a21f718739a,https://github.com/OpenRCT2/objects/blob/978f596972c1163dc670d853dd6add4766f10dbd/objects/rct2/ride/rct2.ride.zldb.json
rct2.ride.zlog,rct2,rct2,ride,0A188C80|ZLOG    |EB0041B6,8,legacy identity metadata,objects/rct2/ride/rct2.ride.zlog.json,e52533f234483459a818c49df01ae278480ee6a898a21e13436d4795cd4467a0,https://github.com/OpenRCT2/objects/blob/978f596972c1163dc670d853dd6add4766f10dbd/objects/rct2/ride/rct2.ride.zlog.json
rct2.scenario_meta.alpine_adventures,rct2,rct2,scenario_meta,0A18808A|STEX17  |FEDC63A4,8,legacy identity metadata,objects/rct2/scenario_meta/rct2.scenario_meta.alpine_adventures/object.json,fd6b82066c1ba72ca02e4f1b4a4b00fe06f2f1cc5726ae89069e5720f715f93e,https://github.com/OpenRCT2/objects/blob/978f596972c1163dc670d853dd6add4766f10dbd/objects/rct2/scenario_meta/rct2.scenario_meta.alpine_adventures/object.json
rct2.scenario_meta.amity_airfield,rct2,rct2,scenario_meta,0A18818A|STEX6   |CDA20197,8,legacy identity metadata,objects/rct2/scenario_meta/rct2.scenario_meta.amity_airfield/object.json,6105cd59af15560d63435ec08d1da09f584caeaaa942711b2e67913368f2218d,https://github.com/OpenRCT2/objects/blob/978f596972c1163dc670d853dd6add4766f10dbd/objects/rct2/scenario_meta/rct2.scenario_meta.amity_airfield/object.json
rct2.scenario_meta.botany_breakers,rct2,rct2,scenario_meta,0A18818A|STEX9   |3A3DB548,8,legacy identity metadata,objects/rct2/scenario_meta/rct2.scenario_meta.botany_breakers/object.json,b8c471fe3926cafa6448be2c62521d6723bf54938f140e598e3dc01ddeb488f4,https://github.com/OpenRCT2/objects/blob/978f596972c1163dc670d853dd6add4766f10dbd/objects/rct2/scenario_meta/rct2.scenario_meta.botany_breakers/object.json
rct2.scenario_meta.build_your_own_six_flags_belgium,rct2,rct2,scenario_meta,0A18818A|STEX38  |37D6BC38,8,legacy identity metadata,objects/rct2/scenario_meta/rct2.scenario_meta.build_your_own_six_flags_belgium/object.json,4f471358be61fc3a64e1b63c04b865dbd30b693c7caf05b57f7beace90b3795a,https://github.com/OpenRCT2/objects/blob/978f596972c1163dc670d853dd6add4766f10dbd/objects/rct2/scenario_meta/rct2.scenario_meta.build_your_own_six_flags_belgium/object.json
rct2.scenario_meta.build_your_own_six_flags_great_adventure,rct2,rct2,scenario_meta,0A18818A|STEX35  |223F302C,8,legacy identity metadata,objects/rct2/scenario_meta/rct2.scenario_meta.build_your_own_six_flags_great_adventure/object.json,b75f8ee8ce3e40af5e0512419bf1cf0a58718c61f1c6fd085e2c333b210c47b7,https://github.com/OpenRCT2/objects/blob/978f596972c1163dc670d853dd6add4766f10dbd/objects/rct2/scenario_meta/rct2.scenario_meta.build_your_own_six_flags_great_adventure/object.json
rct2.scenario_meta.build_your_own_six_flags_holland,rct2,rct2,scenario_meta,0A18818A|STEX37  |3A33C1F6,8,legacy identity metadata,objects/rct2/scenario_meta/rct2.scenario_meta.build_your_own_six_flags_holland/object.json,8c3f7012bd638ae1a80c4a4ebdd5e7ace5b8bd820c1848c7ec79934961380f7c,https://github.com/OpenRCT2/objects/blob/978f596972c1163dc670d853dd6add4766f10dbd/objects/rct2/scenario_meta/rct2.scenario_meta.build_your_own_six_flags_holland/object.json
rct2.scenario_meta.build_your_own_six_flags_magic_mountain,rct2,rct2,scenario_meta,0A18818A|STEX34  |56A5E10A,8,legacy identity metadata,objects/rct2/scenario_meta/rct2.scenario_meta.build_your_own_six_flags_magic_mountain/object.json,390227e1b4a6cdfd09689c90ffb9597e7d6a5f0b846b13eae419e010bee1ca17,https://github.com/OpenRCT2/objects/blob/978f596972c1163dc670d853dd6add4766f10dbd/objects/rct2/scenario_meta/rct2.scenario_meta.build_your_own_six_flags_magic_mountain/object.json
rct2.scenario_meta.build_your_own_six_flags_over_texas,rct2,rct2,scenario_meta,0A18818A|STEX36  |70FD5CEA,8,legacy identity metadata,objects/rct2/scenario_meta/rct2.scenario_meta.build_your_own_six_flags_over_texas/object.json,4842d4c2350bd6bcd965cc0500644a739dd86d8dd02d505ef815cfd3999dbde4,https://github.com/OpenRCT2/objects/blob/978f596972c1163dc670d853dd6add4766f10dbd/objects/rct2/scenario_meta/rct2.scenario_meta.build_your_own_six_flags_over_texas/object.json
rct2.scenario_meta.build_your_own_six_flags_park,rct2,rct2,scenario_meta,0A18808A|STEX2   |04FC5740,8,legacy identity metadata,objects/rct2/scenario_meta/rct2.scenario_meta.build_your_own_six_flags_park/object.json,c0b415393f4580b34cc2d713db22dc173bb8628ef604bf78c0832149b64ad24a,https://github.com/OpenRCT2/objects/blob/978f596972c1163dc670d853dd6add4766f10dbd/objects/rct2/scenario_meta/rct2.scenario_meta.build_your_own_six_flags_park/object.json
rct2.scenario_meta.bumbly_bazaar,rct2,rct2,scenario_meta,0A18808A|STEX28  |EECDFA00,8,legacy identity metadata,objects/rct2/scenario_meta/rct2.scenario_meta.bumbly_bazaar/object.json,8b88048935c682518fd03f3d4d3d7b46139e1c6dd9a742d059c3c169b13dae93,https://github.com/OpenRCT2/objects/blob/978f596972c1163dc670d853dd6add4766f10dbd/objects/rct2/scenario_meta/rct2.scenario_meta.bumbly_bazaar/object.json
rct2.scenario_meta.crazy_castle,rct2,rct2,scenario_meta,0A18818A|STEX7   |BCB5B8FE,8,legacy identity metadata,objects/rct2/scenario_meta/rct2.scenario_meta.crazy_castle/object.json,15590b1b86356784ab9801a6932bba039f305f7b68079ddd965ca59673ffee38,https://github.com/OpenRCT2/objects/blob/978f596972c1163dc670d853dd6add4766f10dbd/objects/rct2/scenario_meta/rct2.scenario_meta.crazy_castle/object.json
rct2.scenario_meta.dusty_greens,rct2,rct2,scenario_meta,0A18808A|STEX22  |C4B067A4,8,legacy identity metadata,objects/rct2/scenario_meta/rct2.scenario_meta.dusty_greens/object.json,58b0420d2850f6ad6e572f86575fb7f2d4777db53ef3540da378f214475f3ffc,https://github.com/OpenRCT2/objects/blob/978f596972c1163dc670d853dd6add4766f10dbd/objects/rct2/scenario_meta/rct2.scenario_meta.dusty_greens/object.json
rct2.scenario_meta.electric_fields,rct2,rct2,scenario_meta,0A18808A|STEX12  |65A25FD2,8,legacy identity metadata,objects/rct2/scenario_meta/rct2.scenario_meta.electric_fields/object.json,445c94c821f826035060b94ece583cf06062fc3a93663b4681602c7f3281be06,https://github.com/OpenRCT2/objects/blob/978f596972c1163dc670d853dd6add4766f10dbd/objects/rct2/scenario_meta/rct2.scenario_meta.electric_fields/object.json
rct2.scenario_meta.extreme_heights,rct2,rct2,scenario_meta,0A18808A|STEX26  |783275E1,8,legacy identity metadata,objects/rct2/scenario_meta/rct2.scenario_meta.extreme_heights/object.json,aad722ebff43f8a48956f0d59c9ba4e7a3bd9cfb5d203e6c36ad49fda582fddb,https://github.com/OpenRCT2/objects/blob/978f596972c1163dc670d853dd6add4766f10dbd/objects/rct2/scenario_meta/rct2.scenario_meta.extreme_heights/object.json
rct2.scenario_meta.factory_capers,rct2,rct2,scenario_meta,0A18808A|STEX16  |763305DB,8,legacy identity metadata,objects/rct2/scenario_meta/rct2.scenario_meta.factory_capers/object.json,25ad7be01c89d5e075b5b661e528ff7ba41363e094504d898e2fe8d6b32c9401,https://github.com/OpenRCT2/objects/blob/978f596972c1163dc670d853dd6add4766f10dbd/objects/rct2/scenario_meta/rct2.scenario_meta.factory_capers/object.json
rct2.scenario_meta.fungus_woods,rct2,rct2,scenario_meta,0A18808A|STEX23  |A99C72B4,8,legacy identity metadata,objects/rct2/scenario_meta/rct2.scenario_meta.fungus_woods/object.json,72f96fc749edf3d1eef8134717ac979367f8628c4208e817cc92a97b6b5c6f26,https://github.com/OpenRCT2/objects/blob/978f596972c1163dc670d853dd6add4766f10dbd/objects/rct2/scenario_meta/rct2.scenario_meta.fungus_woods/object.json
rct2.scenario_meta.ghost_town,rct2,rct2,scenario_meta,0A18808A|STEX15  |DA4D9B7D,8,legacy identity metadata,objects/rct2/scenario_meta/rct2.scenario_meta.ghost_town/object.json,765a56cf051dc6714b9c11562630ed0bccc229ef039c21da83055f45129f320d,https://github.com/OpenRCT2/objects/blob/978f596972c1163dc670d853dd6add4766f10dbd/objects/rct2/scenario_meta/rct2.scenario_meta.ghost_town/object.json
rct2.scenario_meta.gravity_gardens,rct2,rct2,scenario_meta,0A18808A|STEX13  |B5EBBA89,8,legacy identity metadata,objects/rct2/scenario_meta/rct2.scenario_meta.gravity_gardens/object.json,812e959f329bc4ce347c15373b77a2a60794974748ae3022fc37d78f09049713,https://github.com/OpenRCT2/objects/blob/978f596972c1163dc670d853dd6add4766f10dbd/objects/rct2/scenario_meta/rct2.scenario_meta.gravity_gardens/object.json
rct2.scenario_meta.infernal_views,rct2,rct2,scenario_meta,0A18808A|STEX10  |E3BA58A0,8,legacy identity metadata,objects/rct2/scenario_meta/rct2.scenario_meta.infernal_views/object.json,c91aa9fd2bcf017bda677ab52ad27d87499c92edec2acc51e1e4196bf889055b,https://github.com/OpenRCT2/objects/blob/978f596972c1163dc670d853dd6add4766f10dbd/objects/rct2/scenario_meta/rct2.scenario_meta.infernal_views/object.json
rct2.scenario_meta.lucky_lake,rct2,rct2,scenario_meta,0A18808A|STEX14  |C67B9380,8,legacy identity metadata,objects/rct2/scenario_meta/rct2.scenario_meta.lucky_lake/object.json,c5ff7dee2fd1cd5db49210de9b4668dd157c42818b136dbdb48109f5fadb2aaf,https://github.com/OpenRCT2/objects/blob/978f596972c1163dc670d853dd6add4766f10dbd/objects/rct2/scenario_meta/rct2.scenario_meta.lucky_lake/object.json
rct2.scenario_meta.rainbow_summit,rct2,rct2,scenario_meta,0A18818A|STEX5   |EC433BAD,8,legacy identity metadata,objects/rct2/scenario_meta/rct2.scenario_meta.rainbow_summit/object.json,b17a2481744d6004aa8b9b385916391710ece144ef721ef7f973bab82cc95387,https://github.com/OpenRCT2/objects/blob/978f596972c1163dc670d853dd6add4766f10dbd/objects/rct2/scenario_meta/rct2.scenario_meta.rainbow_summit/object.json
rct2.scenario_meta.six_flags_belgium,rct2,rct2,scenario_meta,0A18808A|STEX33  |A4C70F19,8,legacy identity metadata,objects/rct2/scenario_meta/rct2.scenario_meta.six_flags_belgium/object.json,5e0ee68bddf44b22d3923b34471f4dabbf3b0464e1b2d4654bcc91ab05c24adb,https://github.com/OpenRCT2/objects/blob/978f596972c1163dc670d853dd6add4766f10dbd/objects/rct2/scenario_meta/rct2.scenario_meta.six_flags_belgium/object.json
rct2.scenario_meta.six_flags_great_adventure,rct2,rct2,scenario_meta,0A18808A|STEX3   |E6DF00B3,8,legacy identity metadata,objects/rct2/scenario_meta/rct2.scenario_meta.six_flags_great_adventure/object.json,5ff1cee47dc6a3949f240f356ed761d5efc8714f9ab8d0ef7c1b58e0afedc2b3,https://github.com/OpenRCT2/objects/blob/978f596972c1163dc670d853dd6add4766f10dbd/objects/rct2/scenario_meta/rct2.scenario_meta.six_flags_great_adventure/object.json
rct2.scenario_meta.six_flags_holland,rct2,rct2,scenario_meta,0A18808A|STEX32  |32E8921F,8,legacy identity metadata,objects/rct2/scenario_meta/rct2.scenario_meta.six_flags_holland/object.json,5d47fb89483060b15bc862cca6aacf820dd89905f19a24624949d4a1c7b7b7a9,https://github.com/OpenRCT2/objects/blob/978f596972c1163dc670d853dd6add4766f10dbd/objects/rct2/scenario_meta/rct2.scenario_meta.six_flags_holland/object.json
rct2.scenario_meta.six_flags_magic_mountain,rct2,rct2,scenario_meta,0A18808A|STEX1   |A82D7905,8,legacy identity metadata,objects/rct2/scenario_meta/rct2.scenario_meta.six_flags_magic_mountain/object.json,d6ba658e52c55769a44ccfbcf18d764a40ba18a26e29654d5b38beae6c2aa3dd,https://github.com/OpenRCT2/objects/blob/978f596972c1163dc670d853dd6add4766f10dbd/objects/rct2/scenario_meta/rct2.scenario_meta.six_flags_magic_mountain/object.json
rct2.scenario_meta.six_flags_over_texas,rct2,rct2,scenario_meta,0A18818A|STEX4   |27C5103F,8,legacy identity metadata,objects/rct2/scenario_meta/rct2.scenario_meta.six_flags_over_texas/object.json,77f59dfb1b1c9ee49981d3579ced6d80e5e800b19ca504613ab5d0454bebc5e1,https://github.com/OpenRCT2/objects/blob/978f596972c1163dc670d853dd6add4766f10dbd/objects/rct2/scenario_meta/rct2.scenario_meta.six_flags_over_texas/object.json
rct2.scenario_meta.tycoon_park,rct2,rct2,scenario_meta,,,launch membership unresolved,objects/rct2/scenario_meta/rct2.scenario_meta.tycoon_park/object.json,4714edc7e968991deccffc089844f43f96876c1a8bdd7621aa9d99f0477ee4cd,https://github.com/OpenRCT2/objects/blob/978f596972c1163dc670d853dd6add4766f10dbd/objects/rct2/scenario_meta/rct2.scenario_meta.tycoon_park/object.json
rct2.scenery_group.scgabstr,rct2,rct2;rct1aa,scenery_group,0A188F87|SCGABSTR|FC2ADB99,8,legacy identity metadata,objects/rct2/scenery_group/rct2.scenery_group.scgabstr.json,d0e0e49b2959d7cb73714bca30390de86c79b8dfc3492f59d0de2850e398feb5,https://github.com/OpenRCT2/objects/blob/978f596972c1163dc670d853dd6add4766f10dbd/objects/rct2/scenery_group/rct2.scenery_group.scgabstr.json
rct2.scenery_group.scgcandy,rct2,rct2,scenery_group,0A188F87|SCGCANDY|C645A8BC,8,legacy identity metadata,objects/rct2/scenery_group/rct2.scenery_group.scgcandy.json,310b906af494caa9a1d5719968edfe3c56603c54372f0efeecb869614d75f8ce,https://github.com/OpenRCT2/objects/blob/978f596972c1163dc670d853dd6add4766f10dbd/objects/rct2/scenery_group/rct2.scenery_group.scgcandy.json
rct2.scenery_group.scgclass,rct2,rct2;rct1,scenery_group,0A188F87|SCGCLASS|6B93200F,8,legacy identity metadata,objects/rct2/scenery_group/rct2.scenery_group.scgclass.json,d59c26636e47efaaff1985b31aa179bfb993cd0c5dc4026eb437a544fdd1f89e,https://github.com/OpenRCT2/objects/blob/978f596972c1163dc670d853dd6add4766f10dbd/objects/rct2/scenery_group/rct2.scenery_group.scgclass.json
rct2.scenery_group.scgegypt,rct2,rct2;rct1,scenery_group,0A188F87|SCGEGYPT|020ADF77,8,legacy identity metadata,objects/rct2/scenery_group/rct2.scenery_group.scgegypt.json,59dd176222d2a70cd4b958129860c24f822cd9f01a52cfec0117ca618996db39,https://github.com/OpenRCT2/objects/blob/978f596972c1163dc670d853dd6add4766f10dbd/objects/rct2/scenery_group/rct2.scenery_group.scgegypt.json
rct2.scenery_group.scgfence,rct2,rct2;rct1,scenery_group,0A188F87|SCGFENCE|AD30FA67,8,legacy identity metadata,objects/rct2/scenery_group/rct2.scenery_group.scgfence.json,aa1512e3809c5509af26d2847ef99e97495ad1ef25c42ec303e2fe8bc8ac3ab7,https://github.com/OpenRCT2/objects/blob/978f596972c1163dc670d853dd6add4766f10dbd/objects/rct2/scenery_group/rct2.scenery_group.scgfence.json
rct2.scenery_group.scggardn,rct2,rct2;rct1,scenery_group,0A188F87|SCGGARDN|ABF34676,8,legacy identity metadata,objects/rct2/scenery_group/rct2.scenery_group.scggardn.json,5ecd5f73737fb77a08af9b9212d9812bb539f6b005e4014b9168a9658adbb862,https://github.com/OpenRCT2/objects/blob/978f596972c1163dc670d853dd6add4766f10dbd/objects/rct2/scenery_group/rct2.scenery_group.scggardn.json
rct2.scenery_group.scggiant,rct2,rct2,scenery_group,0A188F87|SCGGIANT|B50C9606,8,legacy identity metadata,objects/rct2/scenery_group/rct2.scenery_group.scggiant.json,3500ec069f52d48e51f957387bb25a03645dc1d4acb5b1ec503f3bc0ffdd33e4,https://github.com/OpenRCT2/objects/blob/978f596972c1163dc670d853dd6add4766f10dbd/objects/rct2/scenery_group/rct2.scenery_group.scggiant.json
rct2.scenery_group.scghallo,rct2,rct2;rct1ll,scenery_group,0A188F87|SCGHALLO|749D76D8,8,legacy identity metadata,objects/rct2/scenery_group/rct2.scenery_group.scghallo.json,b0265bf7d8645e4da112180b1bf8e7f46f264fab5231691711595a4c5d66c30b,https://github.com/OpenRCT2/objects/blob/978f596972c1163dc670d853dd6add4766f10dbd/objects/rct2/scenery_group/rct2.scenery_group.scghallo.json
rct2.scenery_group.scgindus,rct2,rct2,scenery_group,0A188F87|SCGINDUS|AF56998E,8,legacy identity metadata,objects/rct2/scenery_group/rct2.scenery_group.scgindus.json,c22363f0d35f4db7b67c9b3e5163c036c714a218ade70226d24237eed5be33a8,https://github.com/OpenRCT2/objects/blob/978f596972c1163dc670d853dd6add4766f10dbd/objects/rct2/scenery_group/rct2.scenery_group.scgindus.json
rct2.scenery_group.scgjungl,rct2,rct2;rct1aa,scenery_group,0A188F87|SCGJUNGL|D133B62D,8,legacy identity metadata,objects/rct2/scenery_group/rct2.scenery_group.scgjungl.json,4f16a436320ec60434a3725e9b9b30cb523b3e5c62bf54df2bd5c9d99866b2ab,https://github.com/OpenRCT2/objects/blob/978f596972c1163dc670d853dd6add4766f10dbd/objects/rct2/scenery_group/rct2.scenery_group.scgjungl.json
rct2.scenery_group.scgjuras,rct2,rct2;rct1aa,scenery_group,0A188F87|SCGJURAS|FEEFC769,8,legacy identity metadata,objects/rct2/scenery_group/rct2.scenery_group.scgjuras.json,692899d087a9e2510e5208105717a4cdef908034a7ca1d485c4a0fe440710acb,https://github.com/OpenRCT2/objects/blob/978f596972c1163dc670d853dd6add4766f10dbd/objects/rct2/scenery_group/rct2.scenery_group.scgjuras.json
rct2.scenery_group.scgmart,rct2,rct2;rct1,scenery_group,0A188F87|SCGMART |4CDEB2CA,8,legacy identity metadata,objects/rct2/scenery_group/rct2.scenery_group.scgmart.json,baf89e4dcf7d3449baa60c94a7fcb34a9fd52f480a1d363ddff71d2dc27650d8,https://github.com/OpenRCT2/objects/blob/978f596972c1163dc670d853dd6add4766f10dbd/objects/rct2/scenery_group/rct2.scenery_group.scgmart.json
rct2.scenery_group.scgmedie,rct2,rct2;rct1ll,scenery_group,0A188F87|SCGMEDIE|B3E24B69,8,legacy identity metadata,objects/rct2/scenery_group/rct2.scenery_group.scgmedie.json,0363ce1c3258ce245d3e2fb5391bc82933a86af64f4df80780da6495c90b925d,https://github.com/OpenRCT2/objects/blob/978f596972c1163dc670d853dd6add4766f10dbd/objects/rct2/scenery_group/rct2.scenery_group.scgmedie.json
rct2.scenery_group.scgmine,rct2,rct2;rct1,scenery_group,0A188F87|SCGMINE |BAA04D4E,8,legacy identity metadata,objects/rct2/scenery_group/rct2.scenery_group.scgmine.json,50eaed713792348765986d8cbbffdf3ff0d879a303a7319b9c7f9902cf442656,https://github.com/OpenRCT2/objects/blob/978f596972c1163dc670d853dd6add4766f10dbd/objects/rct2/scenery_group/rct2.scenery_group.scgmine.json
rct2.scenery_group.scgorien,rct2,rct2;rct1ll,scenery_group,0A188F87|SCGORIEN|94A48203,8,legacy identity metadata,objects/rct2/scenery_group/rct2.scenery_group.scgorien.json,b6a61493b719603a43e350879ff36f18d1602a84d893513064a12d4f04df23e3,https://github.com/OpenRCT2/objects/blob/978f596972c1163dc670d853dd6add4766f10dbd/objects/rct2/scenery_group/rct2.scenery_group.scgorien.json
rct2.scenery_group.scgpathx,rct2,rct2;rct1,scenery_group,0A188F87|SCGPATHX|C2272849,8,legacy identity metadata,objects/rct2/scenery_group/rct2.scenery_group.scgpathx.json,77d0f3b61544c5b0119d8ec562af02495f3eac86ca150906162803ddad239359,https://github.com/OpenRCT2/objects/blob/978f596972c1163dc670d853dd6add4766f10dbd/objects/rct2/scenery_group/rct2.scenery_group.scgpathx.json
rct2.scenery_group.scgpirat,rct2,rct2,scenery_group,0A188F87|SCGPIRAT|013DAB9B,8,legacy identity metadata,objects/rct2/scenery_group/rct2.scenery_group.scgpirat.json,be6fadb17e6f8e31335b3e43dd1a73d3ca928a516830f07239638cabb8de7109,https://github.com/OpenRCT2/objects/blob/978f596972c1163dc670d853dd6add4766f10dbd/objects/rct2/scenery_group/rct2.scenery_group.scgpirat.json
rct2.scenery_group.scgshrub,rct2,rct2;rct1,scenery_group,0A188F87|SCGSHRUB|B460E84D,8,legacy identity metadata,objects/rct2/scenery_group/rct2.scenery_group.scgshrub.json,fd502edb6ec99aa527592898eb8eddbe530c4c8e8e43d106780cdc734779fbf5,https://github.com/OpenRCT2/objects/blob/978f596972c1163dc670d853dd6add4766f10dbd/objects/rct2/scenery_group/rct2.scenery_group.scgshrub.json
rct2.scenery_group.scgsixfl,rct2,rct2,scenery_group,0A188F87|SCGSIXFL|F822A559,8,legacy identity metadata,objects/rct2/scenery_group/rct2.scenery_group.scgsixfl.json,c4e8c14c09c9bb1ac06ad288a3982308a82e0a57ff6d4b1b2ab8f7456d8e7fb3,https://github.com/OpenRCT2/objects/blob/978f596972c1163dc670d853dd6add4766f10dbd/objects/rct2/scenery_group/rct2.scenery_group.scgsixfl.json
rct2.scenery_group.scgsnow,rct2,rct2;rct1ll,scenery_group,0A188F87|SCGSNOW |255174BF,8,legacy identity metadata,objects/rct2/scenery_group/rct2.scenery_group.scgsnow.json,3dc3dd9f91cc77657edbfa95ebb096b6764aa585288503a0b10021ad7a8f9814,https://github.com/OpenRCT2/objects/blob/978f596972c1163dc670d853dd6add4766f10dbd/objects/rct2/scenery_group/rct2.scenery_group.scgsnow.json
rct2.scenery_group.scgspace,rct2,rct2;rct1ll,scenery_group,0A188F87|SCGSPACE|452286E1,8,legacy identity metadata,objects/rct2/scenery_group/rct2.scenery_group.scgspace.json,d241ac974076928d06232c0cd35d001609d2c8cd521547b7d0996ea49a5ef4c4,https://github.com/OpenRCT2/objects/blob/978f596972c1163dc670d853dd6add4766f10dbd/objects/rct2/scenery_group/rct2.scenery_group.scgspace.json
rct2.scenery_group.scgspook,rct2,rct2;rct1aa,scenery_group,0A188F87|SCGSPOOK|E05DA063,8,legacy identity metadata,objects/rct2/scenery_group/rct2.scenery_group.scgspook.json,53667698a78281b4b243697bb02462a1e0ce0bc8bae4039ec623bf85f4e667b2,https://github.com/OpenRCT2/objects/blob/978f596972c1163dc670d853dd6add4766f10dbd/objects/rct2/scenery_group/rct2.scenery_group.scgspook.json
rct2.scenery_group.scgsport,rct2,rct2,scenery_group,0A188F87|SCGSPORT|4CF0A796,8,legacy identity metadata,objects/rct2/scenery_group/rct2.scenery_group.scgsport.json,ebdca3e725b8c88e49de548acbcb77e600653f5946aae02b8c0b48f000ccbec1,https://github.com/OpenRCT2/objects/blob/978f596972c1163dc670d853dd6add4766f10dbd/objects/rct2/scenery_group/rct2.scenery_group.scgsport.json
rct2.scenery_group.scgtrees,rct2,rct2;rct1,scenery_group,0A188F87|SCGTREES|0F97D95F,8,legacy identity metadata,objects/rct2/scenery_group/rct2.scenery_group.scgtrees.json,e5706a9d1a737e0c693db7886e684a6d4533e7ce2b18454324b408f7b256ce28,https://github.com/OpenRCT2/objects/blob/978f596972c1163dc670d853dd6add4766f10dbd/objects/rct2/scenery_group/rct2.scenery_group.scgtrees.json
rct2.scenery_group.scgurban,rct2,rct2;rct1ll,scenery_group,0A188F87|SCGURBAN|B7B8C7C2,8,legacy identity metadata,objects/rct2/scenery_group/rct2.scenery_group.scgurban.json,c2b4fcc3e33bc9416a23c98a29d2002a8ceaf03791601714a1e4344cf73dd0f3,https://github.com/OpenRCT2/objects/blob/978f596972c1163dc670d853dd6add4766f10dbd/objects/rct2/scenery_group/rct2.scenery_group.scgurban.json
rct2.scenery_group.scgwalls,rct2,rct2,scenery_group,0A188F87|SCGWALLS|D5927415,8,legacy identity metadata,objects/rct2/scenery_group/rct2.scenery_group.scgwalls.json,690072f055616341b34d8f40e4881b5aeea15517814de993fde10360a84a771a,https://github.com/OpenRCT2/objects/blob/978f596972c1163dc670d853dd6add4766f10dbd/objects/rct2/scenery_group/rct2.scenery_group.scgwalls.json
rct2.scenery_group.scgwater,rct2,rct2,scenery_group,0A188F87|SCGWATER|60E74521,8,legacy identity metadata,objects/rct2/scenery_group/rct2.scenery_group.scgwater.json,467315e9c2c69aeeba4208f233e4a92650cca9af75dbe60499890ccbdbe1ba4d,https://github.com/OpenRCT2/objects/blob/978f596972c1163dc670d853dd6add4766f10dbd/objects/rct2/scenery_group/rct2.scenery_group.scgwater.json
rct2.scenery_group.scgwond,rct2,rct2;rct1,scenery_group,0A188F87|SCGWOND |E20FD0F4,8,legacy identity metadata,objects/rct2/scenery_group/rct2.scenery_group.scgwond.json,099b495346432c6bb8b9dbf674e65b5fa19c7de678e08567eb90977abeca711e,https://github.com/OpenRCT2/objects/blob/978f596972c1163dc670d853dd6add4766f10dbd/objects/rct2/scenery_group/rct2.scenery_group.scgwond.json
rct2.scenery_group.scgwwest,rct2,rct2,scenery_group,0A188F87|SCGWWEST|6662A7E9,8,legacy identity metadata,objects/rct2/scenery_group/rct2.scenery_group.scgwwest.json,0fd2de84fac74f1591de0f822815bd050f2c79783fb557473677d1277492f81c,https://github.com/OpenRCT2/objects/blob/978f596972c1163dc670d853dd6add4766f10dbd/objects/rct2/scenery_group/rct2.scenery_group.scgwwest.json
rct2.scenery_large.badrack,rct2,rct2,scenery_large,0A188C82|BADRACK |FDA6D43F,8,legacy identity metadata,objects/rct2/scenery_large/rct2.scenery_large.badrack.json,71042073afdb4c13680d3319bbd92b86c93565ad8fb53b5a429e1f9b1d149579,https://github.com/OpenRCT2/objects/blob/978f596972c1163dc670d853dd6add4766f10dbd/objects/rct2/scenery_large/rct2.scenery_large.badrack.json
rct2.scenery_large.genstore,rct2,rct2,scenery_large,0A188C82|GENSTORE|3DD341F9,8,legacy identity metadata,objects/rct2/scenery_large/rct2.scenery_large.genstore.json,ffb951643b8b011037f412211ab71a71671e111ae923aeaaaa48834900d2cb60,https://github.com/OpenRCT2/objects/blob/978f596972c1163dc670d853dd6add4766f10dbd/objects/rct2/scenery_large/rct2.scenery_large.genstore.json
rct2.scenery_large.glthent,rct2,rct2,scenery_large,0A188C82|GLTHENT |F0D9CE51,8,legacy identity metadata,objects/rct2/scenery_large/rct2.scenery_large.glthent.json,204f09eca186a416feab51936221bbef47b887e039e456cab1e9fcc5a37436b8,https://github.com/OpenRCT2/objects/blob/978f596972c1163dc670d853dd6add4766f10dbd/objects/rct2/scenery_large/rct2.scenery_large.glthent.json
rct2.scenery_large.mdsaent,rct2,rct2,scenery_large,0A188C82|MDSAENT |78C2F7F1,8,legacy identity metadata,objects/rct2/scenery_large/rct2.scenery_large.mdsaent.json,ff64fa5e5752cf010f5bf999fab933db7495533fb688d5bf5607fe2204f68e8b,https://github.com/OpenRCT2/objects/blob/978f596972c1163dc670d853dd6add4766f10dbd/objects/rct2/scenery_large/rct2.scenery_large.mdsaent.json
rct2.scenery_large.nitroent,rct2,rct2,scenery_large,0A188C82|NITROENT|EC20D1C3,8,legacy identity metadata,objects/rct2/scenery_large/rct2.scenery_large.nitroent.json,100c8f1359fc402982581b4c929ccad2b50d95ed2c77def40c56b6240e527d48,https://github.com/OpenRCT2/objects/blob/978f596972c1163dc670d853dd6add4766f10dbd/objects/rct2/scenery_large/rct2.scenery_large.nitroent.json
rct2.scenery_large.prship,rct2,rct2,scenery_large,0A188C82|PRSHIP  |5CD70D93,8,legacy identity metadata,objects/rct2/scenery_large/rct2.scenery_large.prship.json,94c82b65251b573f8fc4f1b0e980220ccef65d0ca31e2e95ab6a2c668529403a,https://github.com/OpenRCT2/objects/blob/978f596972c1163dc670d853dd6add4766f10dbd/objects/rct2/scenery_large/rct2.scenery_large.prship.json
rct2.scenery_large.sah,rct2,rct2;rct1ll,scenery_large,0A188C82|SAH     |5928D359,8,legacy identity metadata,objects/rct2/scenery_large/rct2.scenery_large.sah.json,c083d3305a2091aa696f1ba2904c8e83100b5aa0036555c814c7f43ea6f73660,https://github.com/OpenRCT2/objects/blob/978f596972c1163dc670d853dd6add4766f10dbd/objects/rct2/scenery_large/rct2.scenery_large.sah.json
rct2.scenery_large.sah2,rct2,rct2;rct1ll,scenery_large,0A188C82|SAH2    |D41851E2,8,legacy identity metadata,objects/rct2/scenery_large/rct2.scenery_large.sah2.json,5e98fca433434c9de88e7f0089da67d957d95c8d98b81dea4a03a48b815cbecd,https://github.com/OpenRCT2/objects/blob/978f596972c1163dc670d853dd6add4766f10dbd/objects/rct2/scenery_large/rct2.scenery_large.sah2.json
rct2.scenery_large.sah3,rct2,rct2;rct1ll,scenery_large,0A188C82|SAH3    |92069BB5,8,legacy identity metadata,objects/rct2/scenery_large/rct2.scenery_large.sah3.json,0d5888a5269adb07272fab9239ef1a2716c315a51cbe549c5c16722a0ac08c93,https://github.com/OpenRCT2/objects/blob/978f596972c1163dc670d853dd6add4766f10dbd/objects/rct2/scenery_large/rct2.scenery_large.sah3.json
rct2.scenery_large.saloon,rct2,rct2,scenery_large,0A188C82|SALOON  |B1E6545E,8,legacy identity metadata,objects/rct2/scenery_large/rct2.scenery_large.saloon.json,4c2a8a97e41a5e85aa6299cc0ba23998cffd65bd4a9cce61dd947d745d533bae,https://github.com/OpenRCT2/objects/blob/978f596972c1163dc670d853dd6add4766f10dbd/objects/rct2/scenery_large/rct2.scenery_large.saloon.json
rct2.scenery_large.scln,rct2,rct2;rct1,scenery_large,0A188C82|SCLN    |FED37D55,8,legacy identity metadata,objects/rct2/scenery_large/rct2.scenery_large.scln.json,4983402675cb1b5479a8ca081d3ea083b8d86bd2ad205f3cc2c45bfa32d9b1d7,https://github.com/OpenRCT2/objects/blob/978f596972c1163dc670d853dd6add4766f10dbd/objects/rct2/scenery_large/rct2.scenery_large.scln.json
rct2.scenery_large.scol,rct2,rct2;rct1,scenery_large,0A188C82|SCOL    |B25D6659,8,legacy identity metadata,objects/rct2/scenery_large/rct2.scenery_large.scol.json,7f078ecbe3db1fc5c2c05012d7eb8883ec48bba0ef477e4388b4430f72a0b681,https://github.com/OpenRCT2/objects/blob/978f596972c1163dc670d853dd6add4766f10dbd/objects/rct2/scenery_large/rct2.scenery_large.scol.json
rct2.scenery_large.sct,rct2,rct2;rct1ll,scenery_large,0A188C82|SCT     |9175A252,8,legacy identity metadata,objects/rct2/scenery_large/rct2.scenery_large.sct.json,a32f77d40dd03f7928f2d99b878b1cc1904822e749253cd31c92606a3a52e36c,https://github.com/OpenRCT2/objects/blob/978f596972c1163dc670d853dd6add4766f10dbd/objects/rct2/scenery_large/rct2.scenery_large.sct.json
rct2.scenery_large.sdn1,rct2,rct2;rct1aa,scenery_large,0A188C82|SDN1    |87B7A9BE,8,legacy identity metadata,objects/rct2/scenery_large/rct2.scenery_large.sdn1.json,0254a73146026e4ceade7f7ca58773f5a8c82c1e034a63a249a90a7b5f11b9c8,https://github.com/OpenRCT2/objects/blob/978f596972c1163dc670d853dd6add4766f10dbd/objects/rct2/scenery_large/rct2.scenery_large.sdn1.json
rct2.scenery_large.sdn2,rct2,rct2;rct1aa,scenery_large,0A188C82|SDN2    |6AD8E4B4,8,legacy identity metadata,objects/rct2/scenery_large/rct2.scenery_large.sdn2.json,44719a0c22cae7ff641e8d0c13b418a9e8e32a122de42aa3b767857c80656c0e,https://github.com/OpenRCT2/objects/blob/978f596972c1163dc670d853dd6add4766f10dbd/objects/rct2/scenery_large/rct2.scenery_large.sdn2.json
rct2.scenery_large.sdn3,rct2,rct2;rct1aa,scenery_large,0A188C82|SDN3    |3199D190,8,legacy identity metadata,objects/rct2/scenery_large/rct2.scenery_large.sdn3.json,c37ecc198fa7b05fcd676275d695a93c02d1808e30b47766be82a4697384ab4f,https://github.com/OpenRCT2/objects/blob/978f596972c1163dc670d853dd6add4766f10dbd/objects/rct2/scenery_large/rct2.scenery_large.sdn3.json
rct2.scenery_large.sgp,rct2,rct2;rct1ll,scenery_large,0A188C82|SGP     |2FD8CCDF,8,legacy identity metadata,objects/rct2/scenery_large/rct2.scenery_large.sgp.json,8fa7e0012c682095c85509261bd65312e9062d78ed3d408da3aa159286e09d59,https://github.com/OpenRCT2/objects/blob/978f596972c1163dc670d853dd6add4766f10dbd/objects/rct2/scenery_large/rct2.scenery_large.sgp.json
rct2.scenery_large.shs1,rct2,rct2;rct1,scenery_large,0A188C82|SHS1    |E83E5119,8,legacy identity metadata,objects/rct2/scenery_large/rct2.scenery_large.shs1.json,ee93b13cf5e801eeedda06b5d79eb23306b2833fb478af2e7c1f93a490f158ed,https://github.com/OpenRCT2/objects/blob/978f596972c1163dc670d853dd6add4766f10dbd/objects/rct2/scenery_large/rct2.scenery_large.shs1.json
rct2.scenery_large.shs2,rct2,rct2;rct1,scenery_large,0A188C82|SHS2    |6DB92AC8,8,legacy identity metadata,objects/rct2/scenery_large/rct2.scenery_large.shs2.json,2c2687c410849aaef5214e62175c56bca425f1441635f3ba240f1e2bedc80a4c,https://github.com/OpenRCT2/objects/blob/978f596972c1163dc670d853dd6add4766f10dbd/objects/rct2/scenery_large/rct2.scenery_large.shs2.json
rct2.scenery_large.sip,rct2,rct2;rct1ll,scenery_large,0A188C82|SIP     |F1FDDBC6,8,legacy identity metadata,objects/rct2/scenery_large/rct2.scenery_large.sip.json,5603a2d89cd7d290af4bf1a1f7b5c78cfc4a8875e95f92be21d810849a468d07,https://github.com/OpenRCT2/objects/blob/978f596972c1163dc670d853dd6add4766f10dbd/objects/rct2/scenery_large/rct2.scenery_large.sip.json
rct2.scenery_large.smb,rct2,rct2;rct1,scenery_large,0A188C82|SMB     |5D1F686F,8,legacy identity metadata,objects/rct2/scenery_large/rct2.scenery_large.smb.json,f6b595de0254c36f1648a71915975c35ca6b1a64c2a727768d89616824f8ba36,https://github.com/OpenRCT2/objects/blob/978f596972c1163dc670d853dd6add4766f10dbd/objects/rct2/scenery_large/rct2.scenery_large.smb.json
rct2.scenery_large.smh1,rct2,rct2;rct1,scenery_large,0A188C82|SMH1    |AA8A466F,8,legacy identity metadata,objects/rct2/scenery_large/rct2.scenery_large.smh1.json,a6c6996e6d5f5ec3682c9c1cffccbc2a1a63e9b946a729fa551fe7f5e1ed0f74,https://github.com/OpenRCT2/objects/blob/978f596972c1163dc670d853dd6add4766f10dbd/objects/rct2/scenery_large/rct2.scenery_large.smh1.json
rct2.scenery_large.smh2,rct2,rct2;rct1,scenery_large,0A188C82|SMH2    |907AFC93,8,legacy identity metadata,objects/rct2/scenery_large/rct2.scenery_large.smh2.json,e4406d15133eefcf9039ef6efdffcf3a17f8b2f3b930a674b12216ec229742b1,https://github.com/OpenRCT2/objects/blob/978f596972c1163dc670d853dd6add4766f10dbd/objects/rct2/scenery_large/rct2.scenery_large.smh2.json
rct2.scenery_large.smn1,rct2,rct2;rct1,scenery_large,0A188C82|SMN1    |7F66A100,8,legacy identity metadata,objects/rct2/scenery_large/rct2.scenery_large.smn1.json,6417dc99e67f1601325bca6353a502894a8c3a4fe322bf243b496f8bb58a9013,https://github.com/OpenRCT2/objects/blob/978f596972c1163dc670d853dd6add4766f10dbd/objects/rct2/scenery_large/rct2.scenery_large.smn1.json
rct2.scenery_large.sob,rct2,rct2;rct1ll,scenery_large,0A188C82|SOB     |576396ED,8,legacy identity metadata,objects/rct2/scenery_large/rct2.scenery_large.sob.json,ac82ff472e2cc9e7b6f58d456ddc651e9bf8410a971ef28d4edc9d6526b2bed1,https://github.com/OpenRCT2/objects/blob/978f596972c1163dc670d853dd6add4766f10dbd/objects/rct2/scenery_large/rct2.scenery_large.sob.json
rct2.scenery_large.soh1,rct2,rct2;rct1ll,scenery_large,0A188C82|SOH1    |64649B67,8,legacy identity metadata,objects/rct2/scenery_large/rct2.scenery_large.soh1.json,919b0b8c509d34c8c8762179bf4f2a8ca6c617be46774c29ba2ce2ee60b140bc,https://github.com/OpenRCT2/objects/blob/978f596972c1163dc670d853dd6add4766f10dbd/objects/rct2/scenery_large/rct2.scenery_large.soh1.json
rct2.scenery_large.soh2,rct2,rct2;rct1ll,scenery_large,0A188C82|SOH2    |225A1127,8,legacy identity metadata,objects/rct2/scenery_large/rct2.scenery_large.soh2.json,840e54f380a301629b49ba0d7fa9e576941d30fe7997a18f39dc4e8c71b65342,https://github.com/OpenRCT2/objects/blob/978f596972c1163dc670d853dd6add4766f10dbd/objects/rct2/scenery_large/rct2.scenery_large.soh2.json
rct2.scenery_large.soh3,rct2,rct2;rct1ll,scenery_large,0A188C82|SOH3    |43C75919,8,legacy identity metadata,objects/rct2/scenery_large/rct2.scenery_large.soh3.json,6a483fad2ef0d8321309d33eb017560c3986db694952c92588a6be68afe6e316,https://github.com/OpenRCT2/objects/blob/978f596972c1163dc670d853dd6add4766f10dbd/objects/rct2/scenery_large/rct2.scenery_large.soh3.json
rct2.scenery_large.spg,rct2,rct2;rct1ll,scenery_large,0A188C82|SPG     |B61FF733,8,legacy identity metadata,objects/rct2/scenery_large/rct2.scenery_large.spg.json,efb876fe7f4f8deb87ca43f749fd560bca3d8a2a81e0a4e9719c6d2ff749ecc4,https://github.com/OpenRCT2/objects/blob/978f596972c1163dc670d853dd6add4766f10dbd/objects/rct2/scenery_large/rct2.scenery_large.spg.json
rct2.scenery_large.sps,rct2,rct2;rct1ll,scenery_large,0A188C82|SPS     |9F210296,8,legacy identity metadata,objects/rct2/scenery_large/rct2.scenery_large.sps.json,50c2f9617b75b948ac9e4a43750835c40a6f78113dc9af7468e26fe6c65890e1,https://github.com/OpenRCT2/objects/blob/978f596972c1163dc670d853dd6add4766f10dbd/objects/rct2/scenery_large/rct2.scenery_large.sps.json
rct2.scenery_large.spyr,rct2,rct2;rct1,scenery_large,0A188C82|SPYR    |87468AF1,8,legacy identity metadata,objects/rct2/scenery_large/rct2.scenery_large.spyr.json,f41c8c499303b133d126608e177f2ad5c3049354232b2915ef1580f05dff2d89,https://github.com/OpenRCT2/objects/blob/978f596972c1163dc670d853dd6add4766f10dbd/objects/rct2/scenery_large/rct2.scenery_large.spyr.json
rct2.scenery_large.ssh,rct2,rct2;rct1ll,scenery_large,0A188C82|SSH     |DAB16EE4,8,legacy identity metadata,objects/rct2/scenery_large/rct2.scenery_large.ssh.json,9dd445b07121dd08160e70d61b523eac3c1083fc6b4a26f1002da0fffccd021d,https://github.com/OpenRCT2/objects/blob/978f596972c1163dc670d853dd6add4766f10dbd/objects/rct2/scenery_large/rct2.scenery_large.ssh.json
rct2.scenery_large.ssig1,rct2,rct2,scenery_large,0A188C82|SSIG1   |D8D09AB5,8,legacy identity metadata,objects/rct2/scenery_large/rct2.scenery_large.ssig1.json,b5ba876e6380298b8dcdd467cf0a99aef18e88f0da7656f1f9fdb6578492ca26,https://github.com/OpenRCT2/objects/blob/978f596972c1163dc670d853dd6add4766f10dbd/objects/rct2/scenery_large/rct2.scenery_large.ssig1.json
rct2.scenery_large.ssig2,rct2,rct2,scenery_large,0A188C82|SSIG2   |F70CAD68,8,legacy identity metadata,objects/rct2/scenery_large/rct2.scenery_large.ssig2.json,68ec198d61b49fbf243716c6aec3f55d7d4450ef7f6874be6396c42bf8e45c65,https://github.com/OpenRCT2/objects/blob/978f596972c1163dc670d853dd6add4766f10dbd/objects/rct2/scenery_large/rct2.scenery_large.ssig2.json
rct2.scenery_large.ssig3,rct2,rct2,scenery_large,0A188C82|SSIG3   |21483EF9,8,legacy identity metadata,objects/rct2/scenery_large/rct2.scenery_large.ssig3.json,223983c2a5357479c16e1104d4bccf60f854568fbf216ddea1b9666a884f22c0,https://github.com/OpenRCT2/objects/blob/978f596972c1163dc670d853dd6add4766f10dbd/objects/rct2/scenery_large/rct2.scenery_large.ssig3.json
rct2.scenery_large.ssig4,rct2,rct2,scenery_large,0A188C82|SSIG4   |9CA47F4E,8,legacy identity metadata,objects/rct2/scenery_large/rct2.scenery_large.ssig4.json,4454bf6c5321069a85d78d0f6a68b7c1173c92f2e74bd1f4da6053b39273b3e6,https://github.com/OpenRCT2/objects/blob/978f596972c1163dc670d853dd6add4766f10dbd/objects/rct2/scenery_large/rct2.scenery_large.ssig4.json
rct2.scenery_large.ssk1,rct2,rct2;rct1aa,scenery_large,0A188C82|SSK1    |5310ECFA,8,legacy identity metadata,objects/rct2/scenery_large/rct2.scenery_large.ssk1.json,67e0180321bea6d2278cb856ec62fe2e0e12609e41fc78b449c9390145e6faed,https://github.com/OpenRCT2/objects/blob/978f596972c1163dc670d853dd6add4766f10dbd/objects/rct2/scenery_large/rct2.scenery_large.ssk1.json
rct2.scenery_large.sspx,rct2,rct2;rct1,scenery_large,0A188C82|SSPX    |DC6E68D2,8,legacy identity metadata,objects/rct2/scenery_large/rct2.scenery_large.sspx.json,4f69c1e29741bec04e8648630311a438bb1259a9a4f53da4d80898f308c335c7,https://github.com/OpenRCT2/objects/blob/978f596972c1163dc670d853dd6add4766f10dbd/objects/rct2/scenery_large/rct2.scenery_large.sspx.json
rct2.scenery_large.ssr,rct2,rct2;rct1ll,scenery_large,0A188C82|SSR     |93531AB6,8,legacy identity metadata,objects/rct2/scenery_large/rct2.scenery_large.ssr.json,57999566bfb3edaa799797791260c2dc3595727bc3e03c44fb0ba1a159057fae,https://github.com/OpenRCT2/objects/blob/978f596972c1163dc670d853dd6add4766f10dbd/objects/rct2/scenery_large/rct2.scenery_large.ssr.json
rct2.scenery_large.sst,rct2,rct2;rct1ll,scenery_large,0A188C82|SST     |FB257B21,8,legacy identity metadata,objects/rct2/scenery_large/rct2.scenery_large.sst.json,e42f1e940933e1f55b04c5086cc6370c641c0d235798dcc0446b8f5cce368bc0,https://github.com/OpenRCT2/objects/blob/978f596972c1163dc670d853dd6add4766f10dbd/objects/rct2/scenery_large/rct2.scenery_large.sst.json
rct2.scenery_large.stb1,rct2,rct2;rct1ll,scenery_large,0A188C82|STB1    |FAB37174,8,legacy identity metadata,objects/rct2/scenery_large/rct2.scenery_large.stb1.json,f5f0f1877151b4a431d922c40391496cbaa517db9a29e71a7f10b2493675a84a,https://github.com/OpenRCT2/objects/blob/978f596972c1163dc670d853dd6add4766f10dbd/objects/rct2/scenery_large/rct2.scenery_large.stb1.json
rct2.scenery_large.stb2,rct2,rct2;rct1ll,scenery_large,0A188C82|STB2    |0D9F2BAD,8,legacy identity metadata,objects/rct2/scenery_large/rct2.scenery_large.stb2.json,2266660b3be2572135c84e53ca30748a22fc2af0d52bcce4eb4e59db85ca63e8,https://github.com/OpenRCT2/objects/blob/978f596972c1163dc670d853dd6add4766f10dbd/objects/rct2/scenery_large/rct2.scenery_large.stb2.json
rct2.scenery_large.stg1,rct2,rct2;rct1ll,scenery_large,0A188C82|STG1    |50F13FA7,8,legacy identity metadata,objects/rct2/scenery_large/rct2.scenery_large.stg1.json,823226d304ceca6f2233b7e99700e77ebcb221b1b0af6ced580322ae9133f4c2,https://github.com/OpenRCT2/objects/blob/978f596972c1163dc670d853dd6add4766f10dbd/objects/rct2/scenery_large/rct2.scenery_large.stg1.json
rct2.scenery_large.stg2,rct2,rct2;rct1ll,scenery_large,0A188C82|STG2    |A204C8AB,8,legacy identity metadata,objects/rct2/scenery_large/rct2.scenery_large.stg2.json,1176677d4d3a982942519daab40723b7a83bcb93d3f048c275053660d8559ae4,https://github.com/OpenRCT2/objects/blob/978f596972c1163dc670d853dd6add4766f10dbd/objects/rct2/scenery_large/rct2.scenery_large.stg2.json
rct2.scenery_large.sth,rct2,rct2;rct1ll,scenery_large,0A188C82|STH     |0A20D974,8,legacy identity metadata,objects/rct2/scenery_large/rct2.scenery_large.sth.json,eba2952c41399eaa3c0ba72d966e309415c79e5edbdbf9750fb13e2c70af802a,https://github.com/OpenRCT2/objects/blob/978f596972c1163dc670d853dd6add4766f10dbd/objects/rct2/scenery_large/rct2.scenery_large.sth.json
rct2.scenery_large.svlc,rct2,rct2,scenery_large,0A188C82|SVLC    |238F1F22,8,legacy identity metadata,objects/rct2/scenery_large/rct2.scenery_large.svlc.json,82f3e1fcca49d2c939aff13db99540efaaf61ac2b2d13c83fb9c48dbb2115103,https://github.com/OpenRCT2/objects/blob/978f596972c1163dc670d853dd6add4766f10dbd/objects/rct2/scenery_large/rct2.scenery_large.svlc.json
rct2.scenery_large.tavern,rct2,rct2,scenery_large,0A188C82|TAVERN  |AEDAEFB2,8,legacy identity metadata,objects/rct2/scenery_large/rct2.scenery_large.tavern.json,feab499064f48bb009ccb17950f71130dfa9b0e697f233356fff69c877a65021,https://github.com/OpenRCT2/objects/blob/978f596972c1163dc670d853dd6add4766f10dbd/objects/rct2/scenery_large/rct2.scenery_large.tavern.json
rct2.scenery_large.wwbank,rct2,rct2,scenery_large,0A188C82|WWBANK  |81B53415,8,legacy identity metadata,objects/rct2/scenery_large/rct2.scenery_large.wwbank.json,f5040825b2e542bdcc300919fcef57f0fb2de46a1689ad14dd7a8605e6510754,https://github.com/OpenRCT2/objects/blob/978f596972c1163dc670d853dd6add4766f10dbd/objects/rct2/scenery_large/rct2.scenery_large.wwbank.json
rct2.scenery_small.allsort1,rct2,rct2,scenery_small,0A188C81|ALLSORT1|DFD73836,8,legacy identity metadata,objects/rct2/scenery_small/rct2.scenery_small.allsort1.json,707a60c6b755bbe31ad62f19fd90788b5572145d4f4aa2f9267c8af2d7299a55,https://github.com/OpenRCT2/objects/blob/978f596972c1163dc670d853dd6add4766f10dbd/objects/rct2/scenery_small/rct2.scenery_small.allsort1.json
rct2.scenery_small.allsort2,rct2,rct2,scenery_small,0A188C81|ALLSORT2|FC5165C0,8,legacy identity metadata,objects/rct2/scenery_small/rct2.scenery_small.allsort2.json,d0d6a3fb9f0a8dfabaeb7e8a02827bf98c732194b20de8db502b89f41d4f7817,https://github.com/OpenRCT2/objects/blob/978f596972c1163dc670d853dd6add4766f10dbd/objects/rct2/scenery_small/rct2.scenery_small.allsort2.json
rct2.scenery_small.badshut,rct2,rct2,scenery_small,0A188C81|BADSHUT |B94F0EDC,8,legacy identity metadata,objects/rct2/scenery_small/rct2.scenery_small.badshut.json,bfe071606540f32b86a23c611a67352f78436eb89c95575c079b2e0e8e746bb2,https://github.com/OpenRCT2/objects/blob/978f596972c1163dc670d853dd6add4766f10dbd/objects/rct2/scenery_small/rct2.scenery_small.badshut.json
rct2.scenery_small.badshut2,rct2,rct2,scenery_small,0A188C81|BADSHUT2|9E996CF4,8,legacy identity metadata,objects/rct2/scenery_small/rct2.scenery_small.badshut2.json,5fb5c72a53175efabbf2077e2b63752f41d08d428bbbf11c22893f15c1d15ae6,https://github.com/OpenRCT2/objects/blob/978f596972c1163dc670d853dd6add4766f10dbd/objects/rct2/scenery_small/rct2.scenery_small.badshut2.json
rct2.scenery_small.ball1,rct2,rct2,scenery_small,0A188C81|BALL1   |CDF43681,8,legacy identity metadata,objects/rct2/scenery_small/rct2.scenery_small.ball1.json,0bd5191bb2a9776c138db28f109808e4d55ac70bc8e94528ce37673e4517f9bd,https://github.com/OpenRCT2/objects/blob/978f596972c1163dc670d853dd6add4766f10dbd/objects/rct2/scenery_small/rct2.scenery_small.ball1.json
rct2.scenery_small.ball2,rct2,rct2,scenery_small,0A188C81|BALL2   |A98D4011,8,legacy identity metadata,objects/rct2/scenery_small/rct2.scenery_small.ball2.json,9677ec4754d36fc7309654cfeeede76fd14d7087323b322a6f1a33797bb13999,https://github.com/OpenRCT2/objects/blob/978f596972c1163dc670d853dd6add4766f10dbd/objects/rct2/scenery_small/rct2.scenery_small.ball2.json
rct2.scenery_small.ball3,rct2,rct2,scenery_small,0A188C81|BALL3   |9DFBAB0D,8,legacy identity metadata,objects/rct2/scenery_small/rct2.scenery_small.ball3.json,43b36bb9972f4a4b2d7194567270ac44fe84ce237df7f6e38e750f159d728aec,https://github.com/OpenRCT2/objects/blob/978f596972c1163dc670d853dd6add4766f10dbd/objects/rct2/scenery_small/rct2.scenery_small.ball3.json
rct2.scenery_small.ball4,rct2,rct2,scenery_small,0A188C81|BALL4   |85044EF8,8,legacy identity metadata,objects/rct2/scenery_small/rct2.scenery_small.ball4.json,c4c4e659d7449432be107b0ecc1a148a3df4178dbbe8ba73951220d584c47e3a,https://github.com/OpenRCT2/objects/blob/978f596972c1163dc670d853dd6add4766f10dbd/objects/rct2/scenery_small/rct2.scenery_small.ball4.json
rct2.scenery_small.beanst1,rct2,rct2,scenery_small,0A188C81|BEANST1 |880BD4C7,8,legacy identity metadata,objects/rct2/scenery_small/rct2.scenery_small.beanst1.json,82a271d65c75c6b8447b869acdcf2289cb510d55042e81850c0162fa9ec3f65b,https://github.com/OpenRCT2/objects/blob/978f596972c1163dc670d853dd6add4766f10dbd/objects/rct2/scenery_small/rct2.scenery_small.beanst1.json
rct2.scenery_small.beanst2,rct2,rct2,scenery_small,0A188C81|BEANST2 |037FD401,8,legacy identity metadata,objects/rct2/scenery_small/rct2.scenery_small.beanst2.json,b0d5dcf844b9440692d329555588d69ae1030314b6e17c5b9390826c5b818f72,https://github.com/OpenRCT2/objects/blob/978f596972c1163dc670d853dd6add4766f10dbd/objects/rct2/scenery_small/rct2.scenery_small.beanst2.json
rct2.scenery_small.brbase,rct2,rct2,scenery_small,0A188C81|BRBASE  |45953B1B,8,legacy identity metadata,objects/rct2/scenery_small/rct2.scenery_small.brbase.json,5f4d3f13eace843de6a1bab710f134a5bc1380bf838abfb0dd97304bd706b9f1,https://github.com/OpenRCT2/objects/blob/978f596972c1163dc670d853dd6add4766f10dbd/objects/rct2/scenery_small/rct2.scenery_small.brbase.json
rct2.scenery_small.brbase2,rct2,rct2,scenery_small,0A188C81|BRBASE2 |8153B2D9,8,legacy identity metadata,objects/rct2/scenery_small/rct2.scenery_small.brbase2.json,8c4b35f71fad7f4bff45612d1525c6b8b3be5663e56d4f23a7afd63fadad3179,https://github.com/OpenRCT2/objects/blob/978f596972c1163dc670d853dd6add4766f10dbd/objects/rct2/scenery_small/rct2.scenery_small.brbase2.json
rct2.scenery_small.brbase3,rct2,rct2,scenery_small,0A188C81|BRBASE3 |232D98EF,8,legacy identity metadata,objects/rct2/scenery_small/rct2.scenery_small.brbase3.json,44a0409cc259640f7e3e96eab06593c1bccb5a43b6ff74dd0be2d0c8c1d40a66,https://github.com/OpenRCT2/objects/blob/978f596972c1163dc670d853dd6add4766f10dbd/objects/rct2/scenery_small/rct2.scenery_small.brbase3.json
rct2.scenery_small.brcrrf1,rct2,rct2,scenery_small,0A188C81|BRCRRF1 |BEE99293,8,legacy identity metadata,objects/rct2/scenery_small/rct2.scenery_small.brcrrf1.json,6bacbe56687fd601273a16e083db86357d2f22321a8a7d52ee6d4989a69ae8ac,https://github.com/OpenRCT2/objects/blob/978f596972c1163dc670d853dd6add4766f10dbd/objects/rct2/scenery_small/rct2.scenery_small.brcrrf1.json
rct2.scenery_small.brcrrf2,rct2,rct2,scenery_small,0A188C81|BRCRRF2 |97B746F9,8,legacy identity metadata,objects/rct2/scenery_small/rct2.scenery_small.brcrrf2.json,3227dbd650abe57082d011f9ae6bb70edaabe7d2c60a5ef2260be9e8b0db4d02,https://github.com/OpenRCT2/objects/blob/978f596972c1163dc670d853dd6add4766f10dbd/objects/rct2/scenery_small/rct2.scenery_small.brcrrf2.json
rct2.scenery_small.buttfly,rct2,rct2,scenery_small,0A188C81|BUTTFLY |D2C2DCF7,8,legacy identity metadata,objects/rct2/scenery_small/rct2.scenery_small.buttfly.json,106e83e1aa596d206fca491e2dde622450f4a00d34d474f3f9dda0c2df4af16a,https://github.com/OpenRCT2/objects/blob/978f596972c1163dc670d853dd6add4766f10dbd/objects/rct2/scenery_small/rct2.scenery_small.buttfly.json
rct2.scenery_small.carrot,rct2,rct2,scenery_small,0A188C81|CARROT  |63BEF0A6,8,legacy identity metadata,objects/rct2/scenery_small/rct2.scenery_small.carrot.json,f208a404f755a4badba570ab51480ebc55d0817843c7c136f1659f6fc65159b5,https://github.com/OpenRCT2/objects/blob/978f596972c1163dc670d853dd6add4766f10dbd/objects/rct2/scenery_small/rct2.scenery_small.carrot.json
rct2.scenery_small.chbbase,rct2,rct2,scenery_small,0A188C81|CHBBASE |FCB1F843,8,legacy identity metadata,objects/rct2/scenery_small/rct2.scenery_small.chbbase.json,1e65e120757c235314048ecd630e252cddd2b4ce86cfa5ff80f2a7a72b124c46,https://github.com/OpenRCT2/objects/blob/978f596972c1163dc670d853dd6add4766f10dbd/objects/rct2/scenery_small/rct2.scenery_small.chbbase.json
rct2.scenery_small.chest1,rct2,rct2,scenery_small,0A188D81|CHEST1  |B33C9736,8,legacy identity metadata,objects/rct2/scenery_small/rct2.scenery_small.chest1.json,bb28e75cf25a3f3b3f5858e8f1194b02a4d23eb2104d95eaf36e9992d6d2d90e,https://github.com/OpenRCT2/objects/blob/978f596972c1163dc670d853dd6add4766f10dbd/objects/rct2/scenery_small/rct2.scenery_small.chest1.json
rct2.scenery_small.chest2,rct2,rct2,scenery_small,0A188D81|CHEST2  |157BE948,8,legacy identity metadata,objects/rct2/scenery_small/rct2.scenery_small.chest2.json,5c2083a158f0f1677b79de04e3c96f5566a31d63dc166d10433bd98f5279c433,https://github.com/OpenRCT2/objects/blob/978f596972c1163dc670d853dd6add4766f10dbd/objects/rct2/scenery_small/rct2.scenery_small.chest2.json
rct2.scenery_small.chocroof,rct2,rct2,scenery_small,0A188D81|CHOCROOF|98FFA6FA,8,legacy identity metadata,objects/rct2/scenery_small/rct2.scenery_small.chocroof.json,904217adf56c410f6e4f9247cffc6a47fecc1e1dbf684f23abab32d8bfa71867,https://github.com/OpenRCT2/objects/blob/978f596972c1163dc670d853dd6add4766f10dbd/objects/rct2/scenery_small/rct2.scenery_small.chocroof.json
rct2.scenery_small.cnballs,rct2,rct2,scenery_small,0A188D81|CNBALLS |F19BE8B0,8,legacy identity metadata,objects/rct2/scenery_small/rct2.scenery_small.cnballs.json,b5c7b8719f810adffedbcd6510a590ed6dc7ff4128a1c7ba0403e5027f40468f,https://github.com/OpenRCT2/objects/blob/978f596972c1163dc670d853dd6add4766f10dbd/objects/rct2/scenery_small/rct2.scenery_small.cnballs.json
rct2.scenery_small.cndyrk1,rct2,rct2,scenery_small,0A188D81|CNDYRK1 |2B70B3E8,8,legacy identity metadata,objects/rct2/scenery_small/rct2.scenery_small.cndyrk1.json,829b608388ed76a6820581814d21f2c46187deb12d966b020a3af1c80bf02487,https://github.com/OpenRCT2/objects/blob/978f596972c1163dc670d853dd6add4766f10dbd/objects/rct2/scenery_small/rct2.scenery_small.cndyrk1.json
rct2.scenery_small.cog1,rct2,rct2,scenery_small,0A188D81|COG1    |8C398FF2,8,legacy identity metadata,objects/rct2/scenery_small/rct2.scenery_small.cog1.json,8118865806afdcbe31c0923325f5c96a74cc16d00efc994c728c7cdd8d9235c9,https://github.com/OpenRCT2/objects/blob/978f596972c1163dc670d853dd6add4766f10dbd/objects/rct2/scenery_small/rct2.scenery_small.cog1.json
rct2.scenery_small.cog1r,rct2,rct2,scenery_small,0A188D81|COG1R   |63C81A5E,8,legacy identity metadata,objects/rct2/scenery_small/rct2.scenery_small.cog1r.json,5ea589c75792d6a1d69e94f4286e542846ab07fe8ee20bfc66c9d46db9267acc,https://github.com/OpenRCT2/objects/blob/978f596972c1163dc670d853dd6add4766f10dbd/objects/rct2/scenery_small/rct2.scenery_small.cog1r.json
rct2.scenery_small.cog1u,rct2,rct2,scenery_small,0A188D81|COG1U   |374C3930,8,legacy identity metadata,objects/rct2/scenery_small/rct2.scenery_small.cog1u.json,fceceff6edaa40451ce975f21f4043b4428b58f4f93dd9fe1ea47e78072197d5,https://github.com/OpenRCT2/objects/blob/978f596972c1163dc670d853dd6add4766f10dbd/objects/rct2/scenery_small/rct2.scenery_small.cog1u.json
rct2.scenery_small.cog1ur,rct2,rct2,scenery_small,0A188D81|COG1UR  |561FE84B,8,legacy identity metadata,objects/rct2/scenery_small/rct2.scenery_small.cog1ur.json,7e4bb6be0a3a4f497109f3b432df9ac3cc43453d81490197f1586642d19de574,https://github.com/OpenRCT2/objects/blob/978f596972c1163dc670d853dd6add4766f10dbd/objects/rct2/scenery_small/rct2.scenery_small.cog1ur.json
rct2.scenery_small.cog2,rct2,rct2,scenery_small,0A188D81|COG2    |17473A36,8,legacy identity metadata,objects/rct2/scenery_small/rct2.scenery_small.cog2.json,501e5f1efde5b2ca59d5049fc11356fefe4f3bd5887dee13e9ef35f1a5fbbdc7,https://github.com/OpenRCT2/objects/blob/978f596972c1163dc670d853dd6add4766f10dbd/objects/rct2/scenery_small/rct2.scenery_small.cog2.json
rct2.scenery_small.cog2r,rct2,rct2,scenery_small,0A188D81|COG2R   |E66C0014,8,legacy identity metadata,objects/rct2/scenery_small/rct2.scenery_small.cog2r.json,625ced7c1601c8d8ced62536c98a95e21655ccfb31ccc1b8b4e40f93f48936ef,https://github.com/OpenRCT2/objects/blob/978f596972c1163dc670d853dd6add4766f10dbd/objects/rct2/scenery_small/rct2.scenery_small.cog2r.json
rct2.scenery_small.cog2u,rct2,rct2,scenery_small,0A188D81|COG2U   |68559837,8,legacy identity metadata,objects/rct2/scenery_small/rct2.scenery_small.cog2u.json,b85cd935596dfc4328aa47320d97aff53f2abc52fe924a5d75a56508fd2f9b3d,https://github.com/OpenRCT2/objects/blob/978f596972c1163dc670d853dd6add4766f10dbd/objects/rct2/scenery_small/rct2.scenery_small.cog2u.json
rct2.scenery_small.cog2ur,rct2,rct2,scenery_small,0A188D81|COG2UR  |A38E3712,8,legacy identity metadata,objects/rct2/scenery_small/rct2.scenery_small.cog2ur.json,af5dc830a7f5d448257f3d7527ec28453303538f9094d98321c951947992b98b,https://github.com/OpenRCT2/objects/blob/978f596972c1163dc670d853dd6add4766f10dbd/objects/rct2/scenery_small/rct2.scenery_small.cog2ur.json
rct2.scenery_small.colagum,rct2,rct2,scenery_small,0A188D81|COLAGUM |9FFA33A5,8,legacy identity metadata,objects/rct2/scenery_small/rct2.scenery_small.colagum.json,04a81143b74f6d3145d102f72871607ac96d9264f28b5a80ab0044a67f4e6b84,https://github.com/OpenRCT2/objects/blob/978f596972c1163dc670d853dd6add4766f10dbd/objects/rct2/scenery_small/rct2.scenery_small.colagum.json
rct2.scenery_small.corroof,rct2,rct2,scenery_small,0A188D81|CORROOF |157BA6B7,8,legacy identity metadata,objects/rct2/scenery_small/rct2.scenery_small.corroof.json,b555da2410f77113a4bcaeb212b631462e4831e36ca72175d02e1d18d92bf9c8,https://github.com/OpenRCT2/objects/blob/978f596972c1163dc670d853dd6add4766f10dbd/objects/rct2/scenery_small/rct2.scenery_small.corroof.json
rct2.scenery_small.corroof2,rct2,rct2,scenery_small,0A188D81|CORROOF2|36DE9DD8,8,legacy identity metadata,objects/rct2/scenery_small/rct2.scenery_small.corroof2.json,23b02b69ef5d32ce34781f2ae44aa8871aa0a45375311e1b4f261bb0236fddbb,https://github.com/OpenRCT2/objects/blob/978f596972c1163dc670d853dd6add4766f10dbd/objects/rct2/scenery_small/rct2.scenery_small.corroof2.json
rct2.scenery_small.cwbcrv32,rct2,rct2,scenery_small,0A188D81|CWBCRV32|21DC0DEA,8,legacy identity metadata,objects/rct2/scenery_small/rct2.scenery_small.cwbcrv32.json,428478d789fbf1789decbd74e6d1148e6e5ac72ec10c78605a6af732be914ff1,https://github.com/OpenRCT2/objects/blob/978f596972c1163dc670d853dd6add4766f10dbd/objects/rct2/scenery_small/rct2.scenery_small.cwbcrv32.json
rct2.scenery_small.cwbcrv33,rct2,rct2,scenery_small,0A188D81|CWBCRV33|5FF3C135,8,legacy identity metadata,objects/rct2/scenery_small/rct2.scenery_small.cwbcrv33.json,c035eddce92a3dbff914960cfbc3f7d49a2d5686e4bb40eb0e5fa07b63ea6342,https://github.com/OpenRCT2/objects/blob/978f596972c1163dc670d853dd6add4766f10dbd/objects/rct2/scenery_small/rct2.scenery_small.cwbcrv33.json
rct2.scenery_small.cwfcrv32,rct2,rct2,scenery_small,0A188D81|CWFCRV32|D3A4EF28,8,legacy identity metadata,objects/rct2/scenery_small/rct2.scenery_small.cwfcrv32.json,53b2f4c936f73b00773390151567f5e368e2ce9378e5deec65d04fb030ead2fc,https://github.com/OpenRCT2/objects/blob/978f596972c1163dc670d853dd6add4766f10dbd/objects/rct2/scenery_small/rct2.scenery_small.cwfcrv32.json
rct2.scenery_small.cwfcrv33,rct2,rct2,scenery_small,0A188D81|CWFCRV33|EEED3D8C,8,legacy identity metadata,objects/rct2/scenery_small/rct2.scenery_small.cwfcrv33.json,5d5dacee7ba28fad455380885bff06d2abe3b85324b2c67193574fd54e5dd3b2,https://github.com/OpenRCT2/objects/blob/978f596972c1163dc670d853dd6add4766f10dbd/objects/rct2/scenery_small/rct2.scenery_small.cwfcrv33.json
rct2.scenery_small.fern1,rct2,rct2,scenery_small,0A188D81|FERN1   |B55204A3,8,legacy identity metadata,objects/rct2/scenery_small/rct2.scenery_small.fern1.json,25993ad7fee68a9e6d466132ad2e89501a3258883161180e39a9ee2cd687086d,https://github.com/OpenRCT2/objects/blob/978f596972c1163dc670d853dd6add4766f10dbd/objects/rct2/scenery_small/rct2.scenery_small.fern1.json
rct2.scenery_small.fire1,rct2,rct2,scenery_small,0A188D81|FIRE1   |C2AE864A,8,legacy identity metadata,objects/rct2/scenery_small/rct2.scenery_small.fire1.json,e0485691d840f0dd5d1cc9fd086903fb64dd0b4d9a67a931e26f986277d90561,https://github.com/OpenRCT2/objects/blob/978f596972c1163dc670d853dd6add4766f10dbd/objects/rct2/scenery_small/rct2.scenery_small.fire1.json
rct2.scenery_small.georoof1,rct2,rct2,scenery_small,0A188D81|GEOROOF1|5D5F1405,8,legacy identity metadata,objects/rct2/scenery_small/rct2.scenery_small.georoof1.json,005b18ce2d9d4ad25f7f8a9e95112377d61d0c47943ff5b8984c062ad69a9a98,https://github.com/OpenRCT2/objects/blob/978f596972c1163dc670d853dd6add4766f10dbd/objects/rct2/scenery_small/rct2.scenery_small.georoof1.json
rct2.scenery_small.georoof2,rct2,rct2,scenery_small,0A188D81|GEOROOF2|6050210C,8,legacy identity metadata,objects/rct2/scenery_small/rct2.scenery_small.georoof2.json,2ae8a73f6cf4ac2a02a70dd2175eaa6e13f0182174675bd94a79bf491f70c0de,https://github.com/OpenRCT2/objects/blob/978f596972c1163dc670d853dd6add4766f10dbd/objects/rct2/scenery_small/rct2.scenery_small.georoof2.json
rct2.scenery_small.ggrs1,rct2,rct2,scenery_small,0A188D81|GGRS1   |EDB2734E,8,legacy identity metadata,objects/rct2/scenery_small/rct2.scenery_small.ggrs1.json,69ca48fbfda3675eb693350fe02fa6a009bb25fe3ef28f4d3ed9d7bc31b1674b,https://github.com/OpenRCT2/objects/blob/978f596972c1163dc670d853dd6add4766f10dbd/objects/rct2/scenery_small/rct2.scenery_small.ggrs1.json
rct2.scenery_small.hang1,rct2,rct2,scenery_small,0A188D81|HANG1   |1163E801,8,legacy identity metadata,objects/rct2/scenery_small/rct2.scenery_small.hang1.json,5bbd555fa77fb3063a569c11f66353017561289f63bfe1cfee3474709655e56e,https://github.com/OpenRCT2/objects/blob/978f596972c1163dc670d853dd6add4766f10dbd/objects/rct2/scenery_small/rct2.scenery_small.hang1.json
rct2.scenery_small.helmet1,rct2,rct2,scenery_small,0A188D81|HELMET1 |4AD98842,8,legacy identity metadata,objects/rct2/scenery_small/rct2.scenery_small.helmet1.json,028cfe8a975c69acf0fbcabdad1612745d38cfa95c3d166fc727e73afab3d4c7,https://github.com/OpenRCT2/objects/blob/978f596972c1163dc670d853dd6add4766f10dbd/objects/rct2/scenery_small/rct2.scenery_small.helmet1.json
rct2.scenery_small.icecube,rct2,rct2,scenery_small,0A188D81|ICECUBE |FDBE9098,8,legacy identity metadata,objects/rct2/scenery_small/rct2.scenery_small.icecube.json,6ca8b3ff9eb0d860e5b0d43ceeaecf15e3a4e16b850059cf5b68721aae56d079,https://github.com/OpenRCT2/objects/blob/978f596972c1163dc670d853dd6add4766f10dbd/objects/rct2/scenery_small/rct2.scenery_small.icecube.json
rct2.scenery_small.igroof,rct2,rct2,scenery_small,0A188D81|IGROOF  |81D81CF7,8,legacy identity metadata,objects/rct2/scenery_small/rct2.scenery_small.igroof.json,94e573cb456ee008ac36fdbb1a0b3620ef8c4fe7bdda667ee5a5a58f7fefbc56,https://github.com/OpenRCT2/objects/blob/978f596972c1163dc670d853dd6add4766f10dbd/objects/rct2/scenery_small/rct2.scenery_small.igroof.json
rct2.scenery_small.jbean1,rct2,rct2,scenery_small,0A188D81|JBEAN1  |5AD6FC14,8,legacy identity metadata,objects/rct2/scenery_small/rct2.scenery_small.jbean1.json,59f3c7cf13976ada00e58403d11f7c6495727b931788026f1a0de6bd2ec96447,https://github.com/OpenRCT2/objects/blob/978f596972c1163dc670d853dd6add4766f10dbd/objects/rct2/scenery_small/rct2.scenery_small.jbean1.json
rct2.scenery_small.jelbab1,rct2,rct2,scenery_small,0A188D81|JELBAB1 |94040E1D,8,legacy identity metadata,objects/rct2/scenery_small/rct2.scenery_small.jelbab1.json,c4d6a1507fd906134b26b9201e1b7fcc08b6346fd1ad80c7d342c1fea9bc37bf,https://github.com/OpenRCT2/objects/blob/978f596972c1163dc670d853dd6add4766f10dbd/objects/rct2/scenery_small/rct2.scenery_small.jelbab1.json
rct2.scenery_small.jeldrop1,rct2,rct2,scenery_small,0A188D81|JELDROP1|2BF8DAD8,8,legacy identity metadata,objects/rct2/scenery_small/rct2.scenery_small.jeldrop1.json,2a71991b80ca5b110cc63bd9ed3f95a4cd8e3c555ea1f4d8c3f3f999a2bcc7ee,https://github.com/OpenRCT2/objects/blob/978f596972c1163dc670d853dd6add4766f10dbd/objects/rct2/scenery_small/rct2.scenery_small.jeldrop1.json
rct2.scenery_small.jeldrop2,rct2,rct2,scenery_small,0A188D81|JELDROP2|45932502,8,legacy identity metadata,objects/rct2/scenery_small/rct2.scenery_small.jeldrop2.json,25d85823fbc5e0d96027c89d7d381ba9e57724dbd6fc18a23d163a6ebec64e11,https://github.com/OpenRCT2/objects/blob/978f596972c1163dc670d853dd6add4766f10dbd/objects/rct2/scenery_small/rct2.scenery_small.jeldrop2.json
rct2.scenery_small.jngroof1,rct2,rct2,scenery_small,0A188D81|JNGROOF1|834D8D57,8,legacy identity metadata,objects/rct2/scenery_small/rct2.scenery_small.jngroof1.json,dad958402cbdca0a06f619cacda8e226d681dc0249598d6ebfadc54830bf8749,https://github.com/OpenRCT2/objects/blob/978f596972c1163dc670d853dd6add4766f10dbd/objects/rct2/scenery_small/rct2.scenery_small.jngroof1.json
rct2.scenery_small.lolly1,rct2,rct2,scenery_small,0A188D81|LOLLY1  |1658B14D,8,legacy identity metadata,objects/rct2/scenery_small/rct2.scenery_small.lolly1.json,0717de67edf974df2f1b0e6c4af02ae254bc9f1cf6f036ee4187c63ec4a157e5,https://github.com/OpenRCT2/objects/blob/978f596972c1163dc670d853dd6add4766f10dbd/objects/rct2/scenery_small/rct2.scenery_small.lolly1.json
rct2.scenery_small.mallow1,rct2,rct2,scenery_small,0A188D81|MALLOW1 |F1870635,8,legacy identity metadata,objects/rct2/scenery_small/rct2.scenery_small.mallow1.json,d82cc01f1fb0d7fbb898169b9443860e21da3f4a1e2ab73623388f537018ec98,https://github.com/OpenRCT2/objects/blob/978f596972c1163dc670d853dd6add4766f10dbd/objects/rct2/scenery_small/rct2.scenery_small.mallow1.json
rct2.scenery_small.mallow2,rct2,rct2,scenery_small,0A188D81|MALLOW2 |4C58ADCB,8,legacy identity metadata,objects/rct2/scenery_small/rct2.scenery_small.mallow2.json,cb08c5813975b7fc27716e6a573fd216d7f9c9670224707f1da0107c9360ac34,https://github.com/OpenRCT2/objects/blob/978f596972c1163dc670d853dd6add4766f10dbd/objects/rct2/scenery_small/rct2.scenery_small.mallow2.json
rct2.scenery_small.minroof1,rct2,rct2,scenery_small,0A188D81|MINROOF1|989A1BF6,8,legacy identity metadata,objects/rct2/scenery_small/rct2.scenery_small.minroof1.json,a424225cc94e4f0f3926b13ea47adcf27d4008661def0444eadb6aa017a54c23,https://github.com/OpenRCT2/objects/blob/978f596972c1163dc670d853dd6add4766f10dbd/objects/rct2/scenery_small/rct2.scenery_small.minroof1.json
rct2.scenery_small.mint1,rct2,rct2,scenery_small,0A188D81|MINT1   |3F1F8CF4,8,legacy identity metadata,objects/rct2/scenery_small/rct2.scenery_small.mint1.json,8d5d09cbd0b1209a91a893d211103e180c9295a1bf3ea765ceef02bef85cbab8,https://github.com/OpenRCT2/objects/blob/978f596972c1163dc670d853dd6add4766f10dbd/objects/rct2/scenery_small/rct2.scenery_small.mint1.json
rct2.scenery_small.mment1,rct2,rct2,scenery_small,0A188D81|MMENT1  |2EFA1C67,8,legacy identity metadata,objects/rct2/scenery_small/rct2.scenery_small.mment1.json,e7f53028f76ed58a81759e50a6dca00bec5d0acade140796501f86e1fbdfd495,https://github.com/OpenRCT2/objects/blob/978f596972c1163dc670d853dd6add4766f10dbd/objects/rct2/scenery_small/rct2.scenery_small.mment1.json
rct2.scenery_small.mment2,rct2,rct2,scenery_small,0A188D81|MMENT2  |7B5E1CBE,8,legacy identity metadata,objects/rct2/scenery_small/rct2.scenery_small.mment2.json,58b9b25b236bc87f6b0b7f20113f3b08242612d3eeeec72854c5dcde1f933413,https://github.com/OpenRCT2/objects/blob/978f596972c1163dc670d853dd6add4766f10dbd/objects/rct2/scenery_small/rct2.scenery_small.mment2.json
rct2.scenery_small.mment3,rct2,rct2,scenery_small,0A188D81|MMENT3  |744A03A7,8,legacy identity metadata,objects/rct2/scenery_small/rct2.scenery_small.mment3.json,533b55a6f12fe81ce54479ce17734875936c68c122cca5d94fe110ec537efcc4,https://github.com/OpenRCT2/objects/blob/978f596972c1163dc670d853dd6add4766f10dbd/objects/rct2/scenery_small/rct2.scenery_small.mment3.json
rct2.scenery_small.pagroof1,rct2,rct2,scenery_small,0A188D81|PAGROOF1|39DBC621,8,legacy identity metadata,objects/rct2/scenery_small/rct2.scenery_small.pagroof1.json,d408d6a6df55f027012c829bd11d9cac7bfcf74865e8b93e9a7d380b9f03cc67,https://github.com/OpenRCT2/objects/blob/978f596972c1163dc670d853dd6add4766f10dbd/objects/rct2/scenery_small/rct2.scenery_small.pagroof1.json
rct2.scenery_small.pipe32,rct2,rct2,scenery_small,0A188D81|PIPE32  |F4207EFD,8,legacy identity metadata,objects/rct2/scenery_small/rct2.scenery_small.pipe32.json,219f3b2a0bc9bb1d886a8ea26c0d6f17201a4079d118aa5111dfcd06529c65d3,https://github.com/OpenRCT2/objects/blob/978f596972c1163dc670d853dd6add4766f10dbd/objects/rct2/scenery_small/rct2.scenery_small.pipe32.json
rct2.scenery_small.pipe32j,rct2,rct2,scenery_small,0A188D81|PIPE32J |313EE2F4,8,legacy identity metadata,objects/rct2/scenery_small/rct2.scenery_small.pipe32j.json,c7ff6b7ca950090debcc11e260d49f0d495ab962c8749a5dc60069ea1b1c1b4e,https://github.com/OpenRCT2/objects/blob/978f596972c1163dc670d853dd6add4766f10dbd/objects/rct2/scenery_small/rct2.scenery_small.pipe32j.json
rct2.scenery_small.pipe8,rct2,rct2,scenery_small,0A188D81|PIPE8   |79FBC810,8,legacy identity metadata,objects/rct2/scenery_small/rct2.scenery_small.pipe8.json,847a629760c0b4e002f81b0d17b0fd228cffbca6c02ea46879f63ddfaeeb3f07,https://github.com/OpenRCT2/objects/blob/978f596972c1163dc670d853dd6add4766f10dbd/objects/rct2/scenery_small/rct2.scenery_small.pipe8.json
rct2.scenery_small.pirflag,rct2,rct2,scenery_small,0A188D81|PIRFLAG |12998D0D,8,legacy identity metadata,objects/rct2/scenery_small/rct2.scenery_small.pirflag.json,6b8ac43cc59f62790e5d1f231b105e924ea1554138ff3eece7613e9ac9f07afe,https://github.com/OpenRCT2/objects/blob/978f596972c1163dc670d853dd6add4766f10dbd/objects/rct2/scenery_small/rct2.scenery_small.pirflag.json
rct2.scenery_small.pirroof1,rct2,rct2,scenery_small,0A188D81|PIRROOF1|47CA8116,8,legacy identity metadata,objects/rct2/scenery_small/rct2.scenery_small.pirroof1.json,1829eb147ad4a5305ca6a32c9a3c9428bd89101dfa7d31b1ec082ba3923ffd44,https://github.com/OpenRCT2/objects/blob/978f596972c1163dc670d853dd6add4766f10dbd/objects/rct2/scenery_small/rct2.scenery_small.pirroof1.json
rct2.scenery_small.pirroof2,rct2,rct2,scenery_small,0A188D81|PIRROOF2|4B474ED7,8,legacy identity metadata,objects/rct2/scenery_small/rct2.scenery_small.pirroof2.json,f2510867c6b7dc689be172752b6c997fe0af0a34a9760f3ffe60354edcf0e02d,https://github.com/OpenRCT2/objects/blob/978f596972c1163dc670d853dd6add4766f10dbd/objects/rct2/scenery_small/rct2.scenery_small.pirroof2.json
rct2.scenery_small.prcan,rct2,rct2,scenery_small,0A188D81|PRCAN   |042B060A,8,legacy identity metadata,objects/rct2/scenery_small/rct2.scenery_small.prcan.json,3c6ab8b32e4f7afcff6d51cea950362dedcefc302330035429239cb8c473fd8b,https://github.com/OpenRCT2/objects/blob/978f596972c1163dc670d853dd6add4766f10dbd/objects/rct2/scenery_small/rct2.scenery_small.prcan.json
rct2.scenery_small.romroof1,rct2,rct2,scenery_small,0A188D81|ROMROOF1|E4F84F71,8,legacy identity metadata,objects/rct2/scenery_small/rct2.scenery_small.romroof1.json,88f8f58750738fcceba6193337c230307ec683475e9a4b753d6c3fca5e8cf922,https://github.com/OpenRCT2/objects/blob/978f596972c1163dc670d853dd6add4766f10dbd/objects/rct2/scenery_small/rct2.scenery_small.romroof1.json
rct2.scenery_small.romroof2,rct2,rct2,scenery_small,0A188D81|ROMROOF2|F76F73A1,8,legacy identity metadata,objects/rct2/scenery_small/rct2.scenery_small.romroof2.json,bd93ebc4e03e97a7071ba3217cb2101676525434e311f0cbeecf8ac4ddae005f,https://github.com/OpenRCT2/objects/blob/978f596972c1163dc670d853dd6add4766f10dbd/objects/rct2/scenery_small/rct2.scenery_small.romroof2.json
rct2.scenery_small.roof1,rct2,rct2,scenery_small,0A188D81|ROOF1   |C75B6CDB,8,legacy identity metadata,objects/rct2/scenery_small/rct2.scenery_small.roof1.json,e4b6d361aa7285ed6fc86182781d3eb95216b20dda20766a5de527e1f9db46bf,https://github.com/OpenRCT2/objects/blob/978f596972c1163dc670d853dd6add4766f10dbd/objects/rct2/scenery_small/rct2.scenery_small.roof1.json
rct2.scenery_small.roof10,rct2,rct2,scenery_small,0A188D81|ROOF10  |8B69187C,8,legacy identity metadata,objects/rct2/scenery_small/rct2.scenery_small.roof10.json,ed5c1ed64dc0c88b135be28f8cb432c1bfc0f19107e32dfd1cb771c8f68e91a6,https://github.com/OpenRCT2/objects/blob/978f596972c1163dc670d853dd6add4766f10dbd/objects/rct2/scenery_small/rct2.scenery_small.roof10.json
rct2.scenery_small.roof11,rct2,rct2,scenery_small,0A188D81|ROOF11  |21E323BA,8,legacy identity metadata,objects/rct2/scenery_small/rct2.scenery_small.roof11.json,0e58b52d0631dea485b8781175aefa0188f9c721fbe23b5fc1384057c2ab08ce,https://github.com/OpenRCT2/objects/blob/978f596972c1163dc670d853dd6add4766f10dbd/objects/rct2/scenery_small/rct2.scenery_small.roof11.json
rct2.scenery_small.roof12,rct2,rct2,scenery_small,0A188D81|ROOF12  |E452C64B,8,legacy identity metadata,objects/rct2/scenery_small/rct2.scenery_small.roof12.json,0c5a8ef3149ea88feec29a6fade55039da6731bdd645e359f9e70cca88e0007f,https://github.com/OpenRCT2/objects/blob/978f596972c1163dc670d853dd6add4766f10dbd/objects/rct2/scenery_small/rct2.scenery_small.roof12.json
rct2.scenery_small.roof13,rct2,rct2,scenery_small,0A188D81|ROOF13  |4B2800E0,8,legacy identity metadata,objects/rct2/scenery_small/rct2.scenery_small.roof13.json,f83ae17bb5778bb369840569b9b179aca274c453b746ff703a222fe2c14ab658,https://github.com/OpenRCT2/objects/blob/978f596972c1163dc670d853dd6add4766f10dbd/objects/rct2/scenery_small/rct2.scenery_small.roof13.json
rct2.scenery_small.roof14,rct2,rct2,scenery_small,0A188D81|ROOF14  |1892CADD,8,legacy identity metadata,objects/rct2/scenery_small/rct2.scenery_small.roof14.json,7dcd6b93d1d09cadcdbe44aea80122d405e04fd43b3e930d9bde3faf078ce99a,https://github.com/OpenRCT2/objects/blob/978f596972c1163dc670d853dd6add4766f10dbd/objects/rct2/scenery_small/rct2.scenery_small.roof14.json
rct2.scenery_small.roof2,rct2,rct2,scenery_small,0A188D81|ROOF2   |973020A7,8,legacy identity metadata,objects/rct2/scenery_small/rct2.scenery_small.roof2.json,0b9769470009abf6d1ca47aa15d33cc24ef40a12f621d7cbc5fed36c31a0972c,https://github.com/OpenRCT2/objects/blob/978f596972c1163dc670d853dd6add4766f10dbd/objects/rct2/scenery_small/rct2.scenery_small.roof2.json
rct2.scenery_small.roof3,rct2,rct2,scenery_small,0A188D81|ROOF3   |2775D3FA,8,legacy identity metadata,objects/rct2/scenery_small/rct2.scenery_small.roof3.json,8e7ea4773059528ed4b3c619d98360d78946ad859ad9b79393d0ef7a2e446f0d,https://github.com/OpenRCT2/objects/blob/978f596972c1163dc670d853dd6add4766f10dbd/objects/rct2/scenery_small/rct2.scenery_small.roof3.json
rct2.scenery_small.roof4,rct2,rct2,scenery_small,0A188D81|ROOF4   |82C4310B,8,legacy identity metadata,objects/rct2/scenery_small/rct2.scenery_small.roof4.json,e2c3499eb80d0e91005e82c1a3948d92eedc4a767a0ba4b3423d1215d3ad7721,https://github.com/OpenRCT2/objects/blob/978f596972c1163dc670d853dd6add4766f10dbd/objects/rct2/scenery_small/rct2.scenery_small.roof4.json
rct2.scenery_small.roof5,rct2,rct2,scenery_small,0A188D81|ROOF5   |6095A61C,8,legacy identity metadata,objects/rct2/scenery_small/rct2.scenery_small.roof5.json,d15e76c8099cfa0821338dcd699c70e2caae488c6e28e3aada8b2cacfd36ee0e,https://github.com/OpenRCT2/objects/blob/978f596972c1163dc670d853dd6add4766f10dbd/objects/rct2/scenery_small/rct2.scenery_small.roof5.json
rct2.scenery_small.roof6,rct2,rct2,scenery_small,0A188D81|ROOF6   |61CBDD77,8,legacy identity metadata,objects/rct2/scenery_small/rct2.scenery_small.roof6.json,f28c7de1267bd55fe8502a7f52099588c836a9e6c4a10cb10297cccd526e620c,https://github.com/OpenRCT2/objects/blob/978f596972c1163dc670d853dd6add4766f10dbd/objects/rct2/scenery_small/rct2.scenery_small.roof6.json
rct2.scenery_small.roof7,rct2,rct2,scenery_small,0A188D81|ROOF7   |E00BB422,8,legacy identity metadata,objects/rct2/scenery_small/rct2.scenery_small.roof7.json,9c21c07ddcad57317fb3d10e78b3e2c0195928e2eb77f9cf61fc6d4ff159aedc,https://github.com/OpenRCT2/objects/blob/978f596972c1163dc670d853dd6add4766f10dbd/objects/rct2/scenery_small/rct2.scenery_small.roof7.json
rct2.scenery_small.roof8,rct2,rct2,scenery_small,0A188D81|ROOF8   |8CA55803,8,legacy identity metadata,objects/rct2/scenery_small/rct2.scenery_small.roof8.json,27d07b30cf5d97827ce2443c5e336047acd8da376332afe2daa5189f5a2bb36a,https://github.com/OpenRCT2/objects/blob/978f596972c1163dc670d853dd6add4766f10dbd/objects/rct2/scenery_small/rct2.scenery_small.roof8.json
rct2.scenery_small.roof9,rct2,rct2,scenery_small,0A188D81|ROOF9   |702B0168,8,legacy identity metadata,objects/rct2/scenery_small/rct2.scenery_small.roof9.json,14543ea82e21f03911b76d6af7e8e4c3cc53f678fab78b8959da8b0eb63c361c,https://github.com/OpenRCT2/objects/blob/978f596972c1163dc670d853dd6add4766f10dbd/objects/rct2/scenery_small/rct2.scenery_small.roof9.json
rct2.scenery_small.sktbase,rct2,rct2,scenery_small,0A188D81|SKTBASE |3B339F2D,8,legacy identity metadata,objects/rct2/scenery_small/rct2.scenery_small.sktbase.json,9241fd8da2359c4aa40bf46c8feb60841e57e23d3cee6b89ab0ec7cbc978488a,https://github.com/OpenRCT2/objects/blob/978f596972c1163dc670d853dd6add4766f10dbd/objects/rct2/scenery_small/rct2.scenery_small.sktbase.json
rct2.scenery_small.sktbaset,rct2,rct2,scenery_small,0A188D81|SKTBASET|EE211AFE,8,legacy identity metadata,objects/rct2/scenery_small/rct2.scenery_small.sktbaset.json,e940958688e1fedd216de11dbf95d2c7a432bcb4895cdee7bd493c98171dc47a,https://github.com/OpenRCT2/objects/blob/978f596972c1163dc670d853dd6add4766f10dbd/objects/rct2/scenery_small/rct2.scenery_small.sktbaset.json
rct2.scenery_small.sktdw,rct2,rct2,scenery_small,0A188D81|SKTDW   |8646CF45,8,legacy identity metadata,objects/rct2/scenery_small/rct2.scenery_small.sktdw.json,e74d97df23fc56786d5d587029a7f2256b2ef5365d58568c91859641e4f906c3,https://github.com/OpenRCT2/objects/blob/978f596972c1163dc670d853dd6add4766f10dbd/objects/rct2/scenery_small/rct2.scenery_small.sktdw.json
rct2.scenery_small.sktdw2,rct2,rct2,scenery_small,0A188D81|SKTDW2  |99D6355A,8,legacy identity metadata,objects/rct2/scenery_small/rct2.scenery_small.sktdw2.json,8f4bb5ab4a0cd8331c362e7a558ab25c756e6e1a0cd2785ded447ab85f7f76c4,https://github.com/OpenRCT2/objects/blob/978f596972c1163dc670d853dd6add4766f10dbd/objects/rct2/scenery_small/rct2.scenery_small.sktdw2.json
rct2.scenery_small.smskull,rct2,rct2,scenery_small,0A188D81|SMSKULL |196C9AFE,8,legacy identity metadata,objects/rct2/scenery_small/rct2.scenery_small.smskull.json,3eda50f8602da61230b97e7e42a1f126ab784b11fb1cfa50c7552a2d8825a9ff,https://github.com/OpenRCT2/objects/blob/978f596972c1163dc670d853dd6add4766f10dbd/objects/rct2/scenery_small/rct2.scenery_small.smskull.json
rct2.scenery_small.snail,rct2,rct2,scenery_small,0A188D81|SNAIL   |2D622409,8,legacy identity metadata,objects/rct2/scenery_small/rct2.scenery_small.snail.json,15440e3abeab86b0208215acd5741be6a911b340ade565d7b7cd0292028fe512,https://github.com/OpenRCT2/objects/blob/978f596972c1163dc670d853dd6add4766f10dbd/objects/rct2/scenery_small/rct2.scenery_small.snail.json
rct2.scenery_small.spcroof1,rct2,rct2,scenery_small,0A188D81|SPCROOF1|A26A6E72,8,legacy identity metadata,objects/rct2/scenery_small/rct2.scenery_small.spcroof1.json,a9eb2a55cdf53ac8c89075061c9a93809556bc40a63606181257d6abac882d1c,https://github.com/OpenRCT2/objects/blob/978f596972c1163dc670d853dd6add4766f10dbd/objects/rct2/scenery_small/rct2.scenery_small.spcroof1.json
rct2.scenery_small.spider1,rct2,rct2,scenery_small,0A188D81|SPIDER1 |91F39ACB,8,legacy identity metadata,objects/rct2/scenery_small/rct2.scenery_small.spider1.json,0018890c14cb22bf6adbb7076af6572ce7b7dd45425396cb9ccdabfef988a0f3,https://github.com/OpenRCT2/objects/blob/978f596972c1163dc670d853dd6add4766f10dbd/objects/rct2/scenery_small/rct2.scenery_small.spider1.json
rct2.scenery_small.stbase,rct2,rct2,scenery_small,0A188D81|STBASE  |CF101998,8,legacy identity metadata,objects/rct2/scenery_small/rct2.scenery_small.stbase.json,24197ad37342d317ba9c39900e1b120bb92afff8a34fb85e87d35216c7ac844d,https://github.com/OpenRCT2/objects/blob/978f596972c1163dc670d853dd6add4766f10dbd/objects/rct2/scenery_small/rct2.scenery_small.stbase.json
rct2.scenery_small.stlbaset,rct2,rct2,scenery_small,0A188D81|STLBASET|7C39986A,8,legacy identity metadata,objects/rct2/scenery_small/rct2.scenery_small.stlbaset.json,fbe77075693148a7d2028e933f4e41a72d80ff77eab44c51fdf889c95609b283,https://github.com/OpenRCT2/objects/blob/978f596972c1163dc670d853dd6add4766f10dbd/objects/rct2/scenery_small/rct2.scenery_small.stlbaset.json
rct2.scenery_small.stldw,rct2,rct2,scenery_small,0A188D81|STLDW   |68F06444,8,legacy identity metadata,objects/rct2/scenery_small/rct2.scenery_small.stldw.json,04bd4d6df7d4aae9a0a0bdff5c7de6d573c394484654889f719ff8e60ea0a2eb,https://github.com/OpenRCT2/objects/blob/978f596972c1163dc670d853dd6add4766f10dbd/objects/rct2/scenery_small/rct2.scenery_small.stldw.json
rct2.scenery_small.stldw2,rct2,rct2,scenery_small,0A188D81|STLDW2  |F3F79B22,8,legacy identity metadata,objects/rct2/scenery_small/rct2.scenery_small.stldw2.json,f145296d9109ffbca81b7c5664c74d774e31403273c3fcdcab8f136809b5df2f,https://github.com/OpenRCT2/objects/blob/978f596972c1163dc670d853dd6add4766f10dbd/objects/rct2/scenery_small/rct2.scenery_small.stldw2.json
rct2.scenery_small.sumrf,rct2,rct2,scenery_small,0A188D81|SUMRF   |B948FB39,8,legacy identity metadata,objects/rct2/scenery_small/rct2.scenery_small.sumrf.json,3da1ab5c34c2f3ae83fc879358620730263a78d151cc5907e1f8a83982259b3a,https://github.com/OpenRCT2/objects/blob/978f596972c1163dc670d853dd6add4766f10dbd/objects/rct2/scenery_small/rct2.scenery_small.sumrf.json
rct2.scenery_small.suppleg1,rct2,rct2,scenery_small,0A188D81|SUPPLEG1|5D6607DF,8,legacy identity metadata,objects/rct2/scenery_small/rct2.scenery_small.suppleg1.json,604c7ceadcd87620088885f808c14d333366419782588e0e1d6912a6b91e1f97,https://github.com/OpenRCT2/objects/blob/978f596972c1163dc670d853dd6add4766f10dbd/objects/rct2/scenery_small/rct2.scenery_small.suppleg1.json
rct2.scenery_small.suppleg2,rct2,rct2,scenery_small,0A188D81|SUPPLEG2|981FD895,8,legacy identity metadata,objects/rct2/scenery_small/rct2.scenery_small.suppleg2.json,f929e20f0b4194e572bb9abab5b58e90a0d45230da5b8ecc376b25f271346cb8,https://github.com/OpenRCT2/objects/blob/978f596972c1163dc670d853dd6add4766f10dbd/objects/rct2/scenery_small/rct2.scenery_small.suppleg2.json
rct2.scenery_small.suppw1,rct2,rct2,scenery_small,0A188D81|SUPPW1  |6EE1E491,8,legacy identity metadata,objects/rct2/scenery_small/rct2.scenery_small.suppw1.json,a4fd56ae8b709183896e9c168b0919a5c021b7a18a997ff92848957eca9d5af2,https://github.com/OpenRCT2/objects/blob/978f596972c1163dc670d853dd6add4766f10dbd/objects/rct2/scenery_small/rct2.scenery_small.suppw1.json
rct2.scenery_small.suppw2,rct2,rct2,scenery_small,0A188D81|SUPPW2  |4B12E7F6,8,legacy identity metadata,objects/rct2/scenery_small/rct2.scenery_small.suppw2.json,770d3f56c75a3f929d5ea86f77143b8314de85d37ad8ac964d6e223624773980,https://github.com/OpenRCT2/objects/blob/978f596972c1163dc670d853dd6add4766f10dbd/objects/rct2/scenery_small/rct2.scenery_small.suppw2.json
rct2.scenery_small.suppw3,rct2,rct2,scenery_small,0A188D81|SUPPW3  |3C99738E,8,legacy identity metadata,objects/rct2/scenery_small/rct2.scenery_small.suppw3.json,471cbe29ff2bdd38565bfb0b51de1d3d7a05350988e6637b8eccf2663d964b99,https://github.com/OpenRCT2/objects/blob/978f596972c1163dc670d853dd6add4766f10dbd/objects/rct2/scenery_small/rct2.scenery_small.suppw3.json
rct2.scenery_small.tac,rct2,rct2;rct1,scenery_small,0A188D81|TAC     |B963B9BB,8,legacy identity metadata,objects/rct2/scenery_small/rct2.scenery_small.tac.json,9cda66ccca0fb8a931039cc61ba2b9f7347610f1bf829dedf01ed04ba0493e25,https://github.com/OpenRCT2/objects/blob/978f596972c1163dc670d853dd6add4766f10dbd/objects/rct2/scenery_small/rct2.scenery_small.tac.json
rct2.scenery_small.tal,rct2,rct2;rct1,scenery_small,0A188D81|TAL     |0A58F373,8,legacy identity metadata,objects/rct2/scenery_small/rct2.scenery_small.tal.json,4036b40c547f48d8a6efe129db16ce22d76709afe4dfdcc6c0a904dca25926ed,https://github.com/OpenRCT2/objects/blob/978f596972c1163dc670d853dd6add4766f10dbd/objects/rct2/scenery_small/rct2.scenery_small.tal.json
rct2.scenery_small.tap,rct2,rct2;rct1,scenery_small,0A188D81|TAP     |F3D8B277,8,legacy identity metadata,objects/rct2/scenery_small/rct2.scenery_small.tap.json,8f60d43ecf536a3a9a31d51285f7369535718fdb375f87c807c8d78f989c62e6,https://github.com/OpenRCT2/objects/blob/978f596972c1163dc670d853dd6add4766f10dbd/objects/rct2/scenery_small/rct2.scenery_small.tap.json
rct2.scenery_small.tas,rct2,rct2;rct1,scenery_small,0A188D81|TAS     |F4B9DB16,8,legacy identity metadata,objects/rct2/scenery_small/rct2.scenery_small.tas.json,152aa1a76c7797ab91f714ac7fccade50ab44cfc364fb5bdd819c83185fd323f,https://github.com/OpenRCT2/objects/blob/978f596972c1163dc670d853dd6add4766f10dbd/objects/rct2/scenery_small/rct2.scenery_small.tas.json
rct2.scenery_small.tas1,rct2,rct2;rct1,scenery_small,0A188D81|TAS1    |F2C5D8F1,8,legacy identity metadata,objects/rct2/scenery_small/rct2.scenery_small.tas1.json,bb793705f5517701c1d0486363824ebdb14a669dc037be108516321b3a6b2713,https://github.com/OpenRCT2/objects/blob/978f596972c1163dc670d853dd6add4766f10dbd/objects/rct2/scenery_small/rct2.scenery_small.tas1.json
rct2.scenery_small.tas2,rct2,rct2;rct1,scenery_small,0A188D81|TAS2    |2589180E,8,legacy identity metadata,objects/rct2/scenery_small/rct2.scenery_small.tas2.json,e0b41cd9e2c3cfa6d29beb5d0a76042b45d7942817cdd836d6933c2be452277b,https://github.com/OpenRCT2/objects/blob/978f596972c1163dc670d853dd6add4766f10dbd/objects/rct2/scenery_small/rct2.scenery_small.tas2.json
rct2.scenery_small.tas3,rct2,rct2;rct1,scenery_small,0A188D81|TAS3    |08740A0B,8,legacy identity metadata,objects/rct2/scenery_small/rct2.scenery_small.tas3.json,3f4e86f0ff1755a99fb866a34bb487bed3d64b0db9468bab9171f950fbb97a21,https://github.com/OpenRCT2/objects/blob/978f596972c1163dc670d853dd6add4766f10dbd/objects/rct2/scenery_small/rct2.scenery_small.tas3.json
rct2.scenery_small.tas4,rct2,rct2;rct1,scenery_small,0A188D81|TAS4    |B1A07345,8,legacy identity metadata,objects/rct2/scenery_small/rct2.scenery_small.tas4.json,6a4a3fe3b8afa44468f3b45120597d35468ffa112c4112a7d4376ca7ee32fec6,https://github.com/OpenRCT2/objects/blob/978f596972c1163dc670d853dd6add4766f10dbd/objects/rct2/scenery_small/rct2.scenery_small.tas4.json
rct2.scenery_small.tb1,rct2,rct2;rct1,scenery_small,0A188D81|TB1     |67B0BBCD,8,legacy identity metadata,objects/rct2/scenery_small/rct2.scenery_small.tb1.json,bcfef1df7fdced3c8a61fbe3ef9f74d2664aaef83266fa2fbf16545c1ab54eef,https://github.com/OpenRCT2/objects/blob/978f596972c1163dc670d853dd6add4766f10dbd/objects/rct2/scenery_small/rct2.scenery_small.tb1.json
rct2.scenery_small.tb2,rct2,rct2;rct1,scenery_small,0A188D81|TB2     |21B1926A,8,legacy identity metadata,objects/rct2/scenery_small/rct2.scenery_small.tb2.json,1168e93d93fce061f6b8fb9173bdeaf27fa7549bd81649accf8953d08413e2a1,https://github.com/OpenRCT2/objects/blob/978f596972c1163dc670d853dd6add4766f10dbd/objects/rct2/scenery_small/rct2.scenery_small.tb2.json
rct2.scenery_small.tbc,rct2,rct2;rct1,scenery_small,0A188D81|TBC     |80746509,8,legacy identity metadata,objects/rct2/scenery_small/rct2.scenery_small.tbc.json,25dc4fa63f7083ef5b4a24df3a1b65709197a6a658d1348566a4966e63b05863,https://github.com/OpenRCT2/objects/blob/978f596972c1163dc670d853dd6add4766f10dbd/objects/rct2/scenery_small/rct2.scenery_small.tbc.json
rct2.scenery_small.tbn,rct2,rct2;rct1aa,scenery_small,0A188D81|TBN     |FB4D07BF,8,legacy identity metadata,objects/rct2/scenery_small/rct2.scenery_small.tbn.json,3ffbb4f99f81c79d1784a41461ff6b89fedca43fe2f19894bb6c8187175761ec,https://github.com/OpenRCT2/objects/blob/978f596972c1163dc670d853dd6add4766f10dbd/objects/rct2/scenery_small/rct2.scenery_small.tbn.json
rct2.scenery_small.tbn1,rct2,rct2;rct1aa,scenery_small,0A188D81|TBN1    |FC95F8E6,8,legacy identity metadata,objects/rct2/scenery_small/rct2.scenery_small.tbn1.json,edf4f0faba4bbe8e3bd4eb3a5ce523f92a0184f5a28a1e88e4843dfc9f6ecd2f,https://github.com/OpenRCT2/objects/blob/978f596972c1163dc670d853dd6add4766f10dbd/objects/rct2/scenery_small/rct2.scenery_small.tbn1.json
rct2.scenery_small.tbp,rct2,rct2;rct1,scenery_small,0A188D81|TBP     |F9A1A86B,8,legacy identity metadata,objects/rct2/scenery_small/rct2.scenery_small.tbp.json,b60ec39348ba6df7f0c53b5e09dc7e69886ae9d2c2486e0cd144657b65c55597,https://github.com/OpenRCT2/objects/blob/978f596972c1163dc670d853dd6add4766f10dbd/objects/rct2/scenery_small/rct2.scenery_small.tbp.json
rct2.scenery_small.tbr,rct2,rct2;rct1,scenery_small,0A188D81|TBR     |AEBAC51E,8,legacy identity metadata,objects/rct2/scenery_small/rct2.scenery_small.tbr.json,37d3dd97d39abc12e7631663140b16df30e8fafe196d3845f7a061647484bc40,https://github.com/OpenRCT2/objects/blob/978f596972c1163dc670d853dd6add4766f10dbd/objects/rct2/scenery_small/rct2.scenery_small.tbr.json
rct2.scenery_small.tbr1,rct2,rct2;rct1,scenery_small,0A188D81|TBR1    |50613B7A,8,legacy identity metadata,objects/rct2/scenery_small/rct2.scenery_small.tbr1.json,52892bdbe746396bbad96a0e7a8ba52bdd2f8da578f8e1f88c93f9cf25722dd7,https://github.com/OpenRCT2/objects/blob/978f596972c1163dc670d853dd6add4766f10dbd/objects/rct2/scenery_small/rct2.scenery_small.tbr1.json
rct2.scenery_small.tbr2,rct2,rct2;rct1,scenery_small,0A188D81|TBR2    |2E9803E2,8,legacy identity metadata,objects/rct2/scenery_small/rct2.scenery_small.tbr2.json,e5f4a340230cbd6965e606589fdcbe82e78b740b697bd9bbbdf2570029fda25b,https://github.com/OpenRCT2/objects/blob/978f596972c1163dc670d853dd6add4766f10dbd/objects/rct2/scenery_small/rct2.scenery_small.tbr2.json
rct2.scenery_small.tbr3,rct2,rct2;rct1,scenery_small,0A188D81|TBR3    |6EA3EF78,8,legacy identity metadata,objects/rct2/scenery_small/rct2.scenery_small.tbr3.json,9e2f5690d30001e3dd569444d9de9da750b2be797f72e4c4ba4b05c4cd6e4a21,https://github.com/OpenRCT2/objects/blob/978f596972c1163dc670d853dd6add4766f10dbd/objects/rct2/scenery_small/rct2.scenery_small.tbr3.json
rct2.scenery_small.tbr4,rct2,rct2;rct1,scenery_small,0A188D81|TBR4    |C08C8745,8,legacy identity metadata,objects/rct2/scenery_small/rct2.scenery_small.tbr4.json,1665a07fe339e91d2e55c83544ca1b3488129decd84ef980254e0eae1b2837f5,https://github.com/OpenRCT2/objects/blob/978f596972c1163dc670d853dd6add4766f10dbd/objects/rct2/scenery_small/rct2.scenery_small.tbr4.json
rct2.scenery_small.tbw,rct2,rct2;rct1,scenery_small,0A188D81|TBW     |02722C6B,8,legacy identity metadata,objects/rct2/scenery_small/rct2.scenery_small.tbw.json,bad73301f82d5877fed4675507bb33d2f418421b2977ff8612659f2c528d5e3f,https://github.com/OpenRCT2/objects/blob/978f596972c1163dc670d853dd6add4766f10dbd/objects/rct2/scenery_small/rct2.scenery_small.tbw.json
rct2.scenery_small.tcb,rct2,rct2;rct1,scenery_small,0A188D81|TCB     |D9942162,8,legacy identity metadata,objects/rct2/scenery_small/rct2.scenery_small.tcb.json,67d583c50fbb72fb201cba203883a19f8fd6f32624562335fe6d39f9a07954f8,https://github.com/OpenRCT2/objects/blob/978f596972c1163dc670d853dd6add4766f10dbd/objects/rct2/scenery_small/rct2.scenery_small.tcb.json
rct2.scenery_small.tcc,rct2,rct2;rct1,scenery_small,0A188D81|TCC     |B271BA9A,8,legacy identity metadata,objects/rct2/scenery_small/rct2.scenery_small.tcc.json,d7a4b7dd8debe7da2220c04b000c3a637ac07c6307c0b76b3253a18581a2321a,https://github.com/OpenRCT2/objects/blob/978f596972c1163dc670d853dd6add4766f10dbd/objects/rct2/scenery_small/rct2.scenery_small.tcc.json
rct2.scenery_small.tcd,rct2,rct2;rct1ll,scenery_small,0A188D81|TCD     |A23385B6,8,legacy identity metadata,objects/rct2/scenery_small/rct2.scenery_small.tcd.json,5218cab480aaa21d52643dc59edf1a36ee9174cf6851bdb63cad5251429aef77,https://github.com/OpenRCT2/objects/blob/978f596972c1163dc670d853dd6add4766f10dbd/objects/rct2/scenery_small/rct2.scenery_small.tcd.json
rct2.scenery_small.tce,rct2,rct2;rct1,scenery_small,0A188D81|TCE     |A5FDB03A,8,legacy identity metadata,objects/rct2/scenery_small/rct2.scenery_small.tce.json,ab485686cda4c63233ef308bb077e167c82d538ccfae523b9e559b1afe2c59e9,https://github.com/OpenRCT2/objects/blob/978f596972c1163dc670d853dd6add4766f10dbd/objects/rct2/scenery_small/rct2.scenery_small.tce.json
rct2.scenery_small.tcf,rct2,rct2;rct1,scenery_small,0A188D81|TCF     |67214E74,8,legacy identity metadata,objects/rct2/scenery_small/rct2.scenery_small.tcf.json,4144e5c167b27af225aa697b99a350892130f52757b3c4ef2be2b56464516d20,https://github.com/OpenRCT2/objects/blob/978f596972c1163dc670d853dd6add4766f10dbd/objects/rct2/scenery_small/rct2.scenery_small.tcf.json
rct2.scenery_small.tcfs,rct2,rct2;rct1ll,scenery_small,0A188D81|TCFS    |893A110C,8,legacy identity metadata,objects/rct2/scenery_small/rct2.scenery_small.tcfs.json,63fc3778ef5c7fbb8929922abd9bc2656fade164c8a3a4759ed272604bc013f1,https://github.com/OpenRCT2/objects/blob/978f596972c1163dc670d853dd6add4766f10dbd/objects/rct2/scenery_small/rct2.scenery_small.tcfs.json
rct2.scenery_small.tcj,rct2,rct2;rct1,scenery_small,0A188D81|TCJ     |A88F5E34,8,legacy identity metadata,objects/rct2/scenery_small/rct2.scenery_small.tcj.json,02ce150be55ddd8fcb3a7632688e3a1692d18937552d12c4ca818668bf3e71b2,https://github.com/OpenRCT2/objects/blob/978f596972c1163dc670d853dd6add4766f10dbd/objects/rct2/scenery_small/rct2.scenery_small.tcj.json
rct2.scenery_small.tck,rct2,rct2;rct1,scenery_small,0A188D81|TCK     |7C2FC2BB,8,legacy identity metadata,objects/rct2/scenery_small/rct2.scenery_small.tck.json,816a4e03ebc955319eea253f2eea74f529a86aba4c90e63d2fd895160f71120d,https://github.com/OpenRCT2/objects/blob/978f596972c1163dc670d853dd6add4766f10dbd/objects/rct2/scenery_small/rct2.scenery_small.tck.json
rct2.scenery_small.tcl,rct2,rct2;rct1,scenery_small,0A188D81|TCL     |7B212A3A,8,legacy identity metadata,objects/rct2/scenery_small/rct2.scenery_small.tcl.json,60628ac7ce88fbaabac9d6dbf691c100d5f6222a6b8532b1d6104ca3bb649a64,https://github.com/OpenRCT2/objects/blob/978f596972c1163dc670d853dd6add4766f10dbd/objects/rct2/scenery_small/rct2.scenery_small.tcl.json
rct2.scenery_small.tcn,rct2,rct2;rct1ll,scenery_small,0A188D81|TCN     |2349F948,8,legacy identity metadata,objects/rct2/scenery_small/rct2.scenery_small.tcn.json,1f42f80298b4cf05e5f7b92c1f5a4b823c51f116c60639593410807b40c0ad66,https://github.com/OpenRCT2/objects/blob/978f596972c1163dc670d853dd6add4766f10dbd/objects/rct2/scenery_small/rct2.scenery_small.tcn.json
rct2.scenery_small.tco,rct2,rct2;rct1,scenery_small,0A188D81|TCO     |9F386FCC,8,legacy identity metadata,objects/rct2/scenery_small/rct2.scenery_small.tco.json,93ab326aeb6ae8fade70b0ac787b36780fd8e3031d34b75727d466384a3a7963,https://github.com/OpenRCT2/objects/blob/978f596972c1163dc670d853dd6add4766f10dbd/objects/rct2/scenery_small/rct2.scenery_small.tco.json
rct2.scenery_small.tcrp,rct2,rct2;rct1,scenery_small,0A188D81|TCRP    |FC2E6748,8,legacy identity metadata,objects/rct2/scenery_small/rct2.scenery_small.tcrp.json,9a2928f4a499682034af0c27c1716efe82abd140b4bea275d83eb780dc40965f,https://github.com/OpenRCT2/objects/blob/978f596972c1163dc670d853dd6add4766f10dbd/objects/rct2/scenery_small/rct2.scenery_small.tcrp.json
rct2.scenery_small.tct,rct2,rct2;rct1,scenery_small,0A188D81|TCT     |70765FAB,8,legacy identity metadata,objects/rct2/scenery_small/rct2.scenery_small.tct.json,78d7cf97e6962dca046ea8d0ff05e2538023dcf1df6a1c7cafd11a56b2bad654,https://github.com/OpenRCT2/objects/blob/978f596972c1163dc670d853dd6add4766f10dbd/objects/rct2/scenery_small/rct2.scenery_small.tct.json
rct2.scenery_small.tct1,rct2,rct2;rct1ll,scenery_small,0A188D81|TCT1    |26E9E369,8,legacy identity metadata,objects/rct2/scenery_small/rct2.scenery_small.tct1.json,5857c733b6b587a95ea7040503a3d0bc9fcabf8032dd8cfcc0ebe771915f38d7,https://github.com/OpenRCT2/objects/blob/978f596972c1163dc670d853dd6add4766f10dbd/objects/rct2/scenery_small/rct2.scenery_small.tct1.json
rct2.scenery_small.tct2,rct2,rct2;rct1ll,scenery_small,0A188D81|TCT2    |21A44071,8,legacy identity metadata,objects/rct2/scenery_small/rct2.scenery_small.tct2.json,b90cfd0f1e73b41496e6638c07662d1a3f1f73534e64c3be5e49e92a32edc43d,https://github.com/OpenRCT2/objects/blob/978f596972c1163dc670d853dd6add4766f10dbd/objects/rct2/scenery_small/rct2.scenery_small.tct2.json
rct2.scenery_small.tcy,rct2,rct2;rct1,scenery_small,0A188D81|TCY     |D7FDD5A2,8,legacy identity metadata,objects/rct2/scenery_small/rct2.scenery_small.tcy.json,7a49c0427992883e1608f4eed5262a36cec4163e7b0201d8f18f39db1194e54a,https://github.com/OpenRCT2/objects/blob/978f596972c1163dc670d853dd6add4766f10dbd/objects/rct2/scenery_small/rct2.scenery_small.tcy.json
rct2.scenery_small.tdf,rct2,rct2;rct1,scenery_small,0A188D81|TDF     |2E7F67EC,8,legacy identity metadata,objects/rct2/scenery_small/rct2.scenery_small.tdf.json,97f6d605f06d455c20b1261b99467b00a03e3e4e5259545d8366c6a0eb5aa64a,https://github.com/OpenRCT2/objects/blob/978f596972c1163dc670d853dd6add4766f10dbd/objects/rct2/scenery_small/rct2.scenery_small.tdf.json
rct2.scenery_small.tdm,rct2,rct2;rct1,scenery_small,0A188D81|TDM     |B8125EC7,8,legacy identity metadata,objects/rct2/scenery_small/rct2.scenery_small.tdm.json,bd849f81c96d7e00349844b4fc9e86a60524ade856faf64b93955859f7fe051c,https://github.com/OpenRCT2/objects/blob/978f596972c1163dc670d853dd6add4766f10dbd/objects/rct2/scenery_small/rct2.scenery_small.tdm.json
rct2.scenery_small.tdn4,rct2,rct2;rct1aa,scenery_small,0A188D81|TDN4    |B9242284,8,legacy identity metadata,objects/rct2/scenery_small/rct2.scenery_small.tdn4.json,23b843c6b04f8fdbe2e3dfa00b0768508ab619f6971994908f5130c149e5d921,https://github.com/OpenRCT2/objects/blob/978f596972c1163dc670d853dd6add4766f10dbd/objects/rct2/scenery_small/rct2.scenery_small.tdn4.json
rct2.scenery_small.tdn5,rct2,rct2;rct1aa,scenery_small,0A188D81|TDN5    |869509E2,8,legacy identity metadata,objects/rct2/scenery_small/rct2.scenery_small.tdn5.json,5255867d363f6d979a13779bb7e14efdaf263880aca8a5dc76867a6ebd14fe3f,https://github.com/OpenRCT2/objects/blob/978f596972c1163dc670d853dd6add4766f10dbd/objects/rct2/scenery_small/rct2.scenery_small.tdn5.json
rct2.scenery_small.tdt1,rct2,rct2;rct1aa,scenery_small,0A188D81|TDT1    |CC2F930F,8,legacy identity metadata,objects/rct2/scenery_small/rct2.scenery_small.tdt1.json,185e1cacc79184d19f60c6c817d66a014c75ad27a32467224fe9b5b89008d2f7,https://github.com/OpenRCT2/objects/blob/978f596972c1163dc670d853dd6add4766f10dbd/objects/rct2/scenery_small/rct2.scenery_small.tdt1.json
rct2.scenery_small.tdt2,rct2,rct2;rct1aa,scenery_small,0A188D81|TDT2    |E202D6E9,8,legacy identity metadata,objects/rct2/scenery_small/rct2.scenery_small.tdt2.json,d593d907287693fd5ded37d5c008ee3f699dbfdcd206982d428955c603f80be8,https://github.com/OpenRCT2/objects/blob/978f596972c1163dc670d853dd6add4766f10dbd/objects/rct2/scenery_small/rct2.scenery_small.tdt2.json
rct2.scenery_small.tdt3,rct2,rct2;rct1aa,scenery_small,0A188D81|TDT3    |B3677F25,8,legacy identity metadata,objects/rct2/scenery_small/rct2.scenery_small.tdt3.json,44bc5d923210b7f199b61a8531de30890d8fdc9af4e8ee3fca2d872d650d879b,https://github.com/OpenRCT2/objects/blob/978f596972c1163dc670d853dd6add4766f10dbd/objects/rct2/scenery_small/rct2.scenery_small.tdt3.json
rct2.scenery_small.teepee1,rct2,rct2,scenery_small,0A188D81|TEEPEE1 |49944D45,8,legacy identity metadata,objects/rct2/scenery_small/rct2.scenery_small.teepee1.json,53aa73ae42fb80f17af78ec538c8a560c866f4b3f7569d9f928feffecda1a5fd,https://github.com/OpenRCT2/objects/blob/978f596972c1163dc670d853dd6add4766f10dbd/objects/rct2/scenery_small/rct2.scenery_small.teepee1.json
rct2.scenery_small.tef,rct2,rct2;rct1,scenery_small,0A188D81|TEF     |0E3C9A27,8,legacy identity metadata,objects/rct2/scenery_small/rct2.scenery_small.tef.json,905ab42f7f6fc49cea2c99dfd338d14b041470d2201eaea2b14e84d7c6482987,https://github.com/OpenRCT2/objects/blob/978f596972c1163dc670d853dd6add4766f10dbd/objects/rct2/scenery_small/rct2.scenery_small.tef.json
rct2.scenery_small.tel,rct2,rct2;rct1,scenery_small,0A188D81|TEL     |D438EAFD,8,legacy identity metadata,objects/rct2/scenery_small/rct2.scenery_small.tel.json,28c6005feed99bb61396adcbf970874bed3718eb38213c4f5334c2fcd8feb6b0,https://github.com/OpenRCT2/objects/blob/978f596972c1163dc670d853dd6add4766f10dbd/objects/rct2/scenery_small/rct2.scenery_small.tel.json
rct2.scenery_small.ten,rct2,rct2;rct1,scenery_small,0A188D81|TEN     |12BD8AB3,8,legacy identity metadata,objects/rct2/scenery_small/rct2.scenery_small.ten.json,ebc09d36bb32300936287159711b642b14811d64019d9349a553550b532ffa94,https://github.com/OpenRCT2/objects/blob/978f596972c1163dc670d853dd6add4766f10dbd/objects/rct2/scenery_small/rct2.scenery_small.ten.json
rct2.scenery_small.tep,rct2,rct2;rct1,scenery_small,0A188D81|TEP     |C72CA08E,8,legacy identity metadata,objects/rct2/scenery_small/rct2.scenery_small.tep.json,a2c852e2bbe60e725ed6b12e8ff9cb2667edda87d44dc4d8ea7c3222ee27570f,https://github.com/OpenRCT2/objects/blob/978f596972c1163dc670d853dd6add4766f10dbd/objects/rct2/scenery_small/rct2.scenery_small.tep.json
rct2.scenery_small.terb,rct2,rct2;rct1,scenery_small,0A188D81|TERB    |2E71C3E0,8,legacy identity metadata,objects/rct2/scenery_small/rct2.scenery_small.terb.json,ebdf2e9fec9a9832e75b5f11173c83c39b0dbe14b925378cfe39a7c3a35d410b,https://github.com/OpenRCT2/objects/blob/978f596972c1163dc670d853dd6add4766f10dbd/objects/rct2/scenery_small/rct2.scenery_small.terb.json
rct2.scenery_small.ters,rct2,rct2;rct1,scenery_small,0A188D81|TERS    |8F9BD944,8,legacy identity metadata,objects/rct2/scenery_small/rct2.scenery_small.ters.json,c93085cf152d864159dbcd73b968237f79ebd5a04595a94e72fbef6beae6f76b,https://github.com/OpenRCT2/objects/blob/978f596972c1163dc670d853dd6add4766f10dbd/objects/rct2/scenery_small/rct2.scenery_small.ters.json
rct2.scenery_small.tes1,rct2,rct2;rct1,scenery_small,0A188D81|TES1    |48A83E79,8,legacy identity metadata,objects/rct2/scenery_small/rct2.scenery_small.tes1.json,f9ad8fb66c4ac76c23cf796ff4b53502111ecf3451d84c7e7133d2ef6429a3a6,https://github.com/OpenRCT2/objects/blob/978f596972c1163dc670d853dd6add4766f10dbd/objects/rct2/scenery_small/rct2.scenery_small.tes1.json
rct2.scenery_small.tf1,rct2,rct2;rct1,scenery_small,0A188D81|TF1     |A5AB7EB8,8,legacy identity metadata,objects/rct2/scenery_small/rct2.scenery_small.tf1.json,2915cdcf2d52bab6ccaf22d23976018697c6e6bf048ffbe50af69d82c25a6fb8,https://github.com/OpenRCT2/objects/blob/978f596972c1163dc670d853dd6add4766f10dbd/objects/rct2/scenery_small/rct2.scenery_small.tf1.json
rct2.scenery_small.tf2,rct2,rct2;rct1,scenery_small,0A188D81|TF2     |85FD82C5,8,legacy identity metadata,objects/rct2/scenery_small/rct2.scenery_small.tf2.json,66780640ed884cb23f9e36d6944cb544a7675f68a53821fc73dd6825e21aaa95,https://github.com/OpenRCT2/objects/blob/978f596972c1163dc670d853dd6add4766f10dbd/objects/rct2/scenery_small/rct2.scenery_small.tf2.json
rct2.scenery_small.tg1,rct2,rct2;rct1,scenery_small,0A188D81|TG1     |2022D152,8,legacy identity metadata,objects/rct2/scenery_small/rct2.scenery_small.tg1.json,b06347012cef76694b61df032779df89a7402226dcef03048f1d3a1d31f162a3,https://github.com/OpenRCT2/objects/blob/978f596972c1163dc670d853dd6add4766f10dbd/objects/rct2/scenery_small/rct2.scenery_small.tg1.json
rct2.scenery_small.tg10,rct2,rct2;rct1,scenery_small,0A188D81|TG10    |9184BC8D,8,legacy identity metadata,objects/rct2/scenery_small/rct2.scenery_small.tg10.json,e968f9707462e29902dfa1eaaa8eed758023f75bf11549f1c96f3ed85173d3d8,https://github.com/OpenRCT2/objects/blob/978f596972c1163dc670d853dd6add4766f10dbd/objects/rct2/scenery_small/rct2.scenery_small.tg10.json
rct2.scenery_small.tg11,rct2,rct2;rct1,scenery_small,0A188D81|TG11    |45BC6169,8,legacy identity metadata,objects/rct2/scenery_small/rct2.scenery_small.tg11.json,fc2717815dc1b410bfecbf3bae49eafd42be8629d8b9ac6803e843dc7ccad515,https://github.com/OpenRCT2/objects/blob/978f596972c1163dc670d853dd6add4766f10dbd/objects/rct2/scenery_small/rct2.scenery_small.tg11.json
rct2.scenery_small.tg12,rct2,rct2;rct1,scenery_small,0A188E81|TG12    |5E6A8BB5,8,legacy identity metadata,objects/rct2/scenery_small/rct2.scenery_small.tg12.json,34ccf7ffd451061ded42bd9a8afd31eb34334bec42d412949e604ce5ee33c9b2,https://github.com/OpenRCT2/objects/blob/978f596972c1163dc670d853dd6add4766f10dbd/objects/rct2/scenery_small/rct2.scenery_small.tg12.json
rct2.scenery_small.tg13,rct2,rct2;rct1,scenery_small,0A188E81|TG13    |1370E133,8,legacy identity metadata,objects/rct2/scenery_small/rct2.scenery_small.tg13.json,7143ce99fffa9abcda59d786944804868d732ac66147785f64fab8cad43eb661,https://github.com/OpenRCT2/objects/blob/978f596972c1163dc670d853dd6add4766f10dbd/objects/rct2/scenery_small/rct2.scenery_small.tg13.json
rct2.scenery_small.tg14,rct2,rct2;rct1,scenery_small,0A188E81|TG14    |27233DB5,8,legacy identity metadata,objects/rct2/scenery_small/rct2.scenery_small.tg14.json,c8bbc42faa174033afd885fd715d3d2fdcb122cc659db9d27758edb37dc0a04a,https://github.com/OpenRCT2/objects/blob/978f596972c1163dc670d853dd6add4766f10dbd/objects/rct2/scenery_small/rct2.scenery_small.tg14.json
rct2.scenery_small.tg15,rct2,rct2;rct1,scenery_small,0A188E81|TG15    |36D7A72A,8,legacy identity metadata,objects/rct2/scenery_small/rct2.scenery_small.tg15.json,abc23646eab3be6269301397161ef36a9254a20130cb35f94244467e0dc5ec19,https://github.com/OpenRCT2/objects/blob/978f596972c1163dc670d853dd6add4766f10dbd/objects/rct2/scenery_small/rct2.scenery_small.tg15.json
rct2.scenery_small.tg16,rct2,rct2;rct1,scenery_small,0A188E81|TG16    |C25C45EF,8,legacy identity metadata,objects/rct2/scenery_small/rct2.scenery_small.tg16.json,619841a546992a9fbe209e8db6a63f0ce6d4fab02a3ccca193c79813f3111f72,https://github.com/OpenRCT2/objects/blob/978f596972c1163dc670d853dd6add4766f10dbd/objects/rct2/scenery_small/rct2.scenery_small.tg16.json
rct2.scenery_small.tg17,rct2,rct2;rct1,scenery_small,0A188E81|TG17    |D7B4CE9E,8,legacy identity metadata,objects/rct2/scenery_small/rct2.scenery_small.tg17.json,bddeab5cd514bba6dfb846b8bf1e190aaf99c0dfce36ac98ee4decf3d419c5a4,https://github.com/OpenRCT2/objects/blob/978f596972c1163dc670d853dd6add4766f10dbd/objects/rct2/scenery_small/rct2.scenery_small.tg17.json
rct2.scenery_small.tg18,rct2,rct2;rct1,scenery_small,0A188E81|TG18    |24292B68,8,legacy identity metadata,objects/rct2/scenery_small/rct2.scenery_small.tg18.json,f6edc2530b7561ff8997ee676ec105a9887ff16134dbe19523ce6acb33cd82a0,https://github.com/OpenRCT2/objects/blob/978f596972c1163dc670d853dd6add4766f10dbd/objects/rct2/scenery_small/rct2.scenery_small.tg18.json
rct2.scenery_small.tg19,rct2,rct2;rct1,scenery_small,0A188E81|TG19    |FA414037,8,legacy identity metadata,objects/rct2/scenery_small/rct2.scenery_small.tg19.json,cb8c1ad74e7e6069afd21d61cf754f3f7c64ada7098b9604f8deaa3d6a666515,https://github.com/OpenRCT2/objects/blob/978f596972c1163dc670d853dd6add4766f10dbd/objects/rct2/scenery_small/rct2.scenery_small.tg19.json
rct2.scenery_small.tg2,rct2,rct2;rct1,scenery_small,0A188E81|TG2     |A2FD7EE1,8,legacy identity metadata,objects/rct2/scenery_small/rct2.scenery_small.tg2.json,5241397102ee852a4652e87e74f7cbedd3775d821c40d6a400a191921f2d1ae4,https://github.com/OpenRCT2/objects/blob/978f596972c1163dc670d853dd6add4766f10dbd/objects/rct2/scenery_small/rct2.scenery_small.tg2.json
rct2.scenery_small.tg20,rct2,rct2;rct1,scenery_small,0A188E81|TG20    |A50F49A4,8,legacy identity metadata,objects/rct2/scenery_small/rct2.scenery_small.tg20.json,e241176dbb1de6829bf9f595eb593b34e4c8fa51009d7d76d2e2a6f640c0556f,https://github.com/OpenRCT2/objects/blob/978f596972c1163dc670d853dd6add4766f10dbd/objects/rct2/scenery_small/rct2.scenery_small.tg20.json
rct2.scenery_small.tg21,rct2,rct2;rct1,scenery_small,0A188E81|TG21    |39CFC350,8,legacy identity metadata,objects/rct2/scenery_small/rct2.scenery_small.tg21.json,f438cb2c0bf458a8cbffa124e5b2b73be4a5bca1dfbcd39357321f3762d2689f,https://github.com/OpenRCT2/objects/blob/978f596972c1163dc670d853dd6add4766f10dbd/objects/rct2/scenery_small/rct2.scenery_small.tg21.json
rct2.scenery_small.tg3,rct2,rct2;rct1,scenery_small,0A188E81|TG3     |0983C843,8,legacy identity metadata,objects/rct2/scenery_small/rct2.scenery_small.tg3.json,1fa068f2011aedaccd5fe40397db2d4a0e93a7b1406c0905134db10036fa5ed3,https://github.com/OpenRCT2/objects/blob/978f596972c1163dc670d853dd6add4766f10dbd/objects/rct2/scenery_small/rct2.scenery_small.tg3.json
rct2.scenery_small.tg4,rct2,rct2;rct1,scenery_small,0A188E81|TG4     |C9969020,8,legacy identity metadata,objects/rct2/scenery_small/rct2.scenery_small.tg4.json,d51e19760b78d793cf7902f28271d52cd1ee5f01cee9afbb0b1e2643d74392fb,https://github.com/OpenRCT2/objects/blob/978f596972c1163dc670d853dd6add4766f10dbd/objects/rct2/scenery_small/rct2.scenery_small.tg4.json
rct2.scenery_small.tg5,rct2,rct2;rct1,scenery_small,0A188E81|TG5     |1DCA456A,8,legacy identity metadata,objects/rct2/scenery_small/rct2.scenery_small.tg5.json,086aaef52b9fe0f5478a1635b3d64d428b88902e3f532c14eeebb28c87c9bee3,https://github.com/OpenRCT2/objects/blob/978f596972c1163dc670d853dd6add4766f10dbd/objects/rct2/scenery_small/rct2.scenery_small.tg5.json
rct2.scenery_small.tg6,rct2,rct2;rct1,scenery_small,0A188E81|TG6     |69511C27,8,legacy identity metadata,objects/rct2/scenery_small/rct2.scenery_small.tg6.json,3961910fd140359e836d81676ffdd8471775a8fbd534c74d59c4fe6325973682,https://github.com/OpenRCT2/objects/blob/978f596972c1163dc670d853dd6add4766f10dbd/objects/rct2/scenery_small/rct2.scenery_small.tg6.json
rct2.scenery_small.tg7,rct2,rct2;rct1,scenery_small,0A188E81|TG7     |70117DB8,8,legacy identity metadata,objects/rct2/scenery_small/rct2.scenery_small.tg7.json,e6a385721e0cc4ce0475b4ef78c04e626f40523453bb4411d82317a840dbef52,https://github.com/OpenRCT2/objects/blob/978f596972c1163dc670d853dd6add4766f10dbd/objects/rct2/scenery_small/rct2.scenery_small.tg7.json
rct2.scenery_small.tg8,rct2,rct2;rct1,scenery_small,0A188E81|TG8     |EC1C45F8,8,legacy identity metadata,objects/rct2/scenery_small/rct2.scenery_small.tg8.json,b340c8661a1ff739b2f716a99cb51bee4e8b6458288e50ea202f7ce63d51c7b9,https://github.com/OpenRCT2/objects/blob/978f596972c1163dc670d853dd6add4766f10dbd/objects/rct2/scenery_small/rct2.scenery_small.tg8.json
rct2.scenery_small.tg9,rct2,rct2;rct1,scenery_small,0A188E81|TG9     |7DD7BAFA,8,legacy identity metadata,objects/rct2/scenery_small/rct2.scenery_small.tg9.json,ba99ffaafb32e88482e03f9f20c722f9344a998110331e1aeaadf823aa8cdcc0,https://github.com/OpenRCT2/objects/blob/978f596972c1163dc670d853dd6add4766f10dbd/objects/rct2/scenery_small/rct2.scenery_small.tg9.json
rct2.scenery_small.tgc1,rct2,rct2;rct1aa,scenery_small,0A188E81|TGC1    |7FF1A5E6,8,legacy identity metadata,objects/rct2/scenery_small/rct2.scenery_small.tgc1.json,270e7714d17657144bc750af55a5dd7c64991e45cdd4b5dd8a7a6dd838913f1f,https://github.com/OpenRCT2/objects/blob/978f596972c1163dc670d853dd6add4766f10dbd/objects/rct2/scenery_small/rct2.scenery_small.tgc1.json
rct2.scenery_small.tgc2,rct2,rct2;rct1aa,scenery_small,0A188E81|TGC2    |805A6FEA,8,legacy identity metadata,objects/rct2/scenery_small/rct2.scenery_small.tgc2.json,39a16a9c28f76bbe4243504194ddf0f36cefde7b3e51aad6caf2e9c76729f645,https://github.com/OpenRCT2/objects/blob/978f596972c1163dc670d853dd6add4766f10dbd/objects/rct2/scenery_small/rct2.scenery_small.tgc2.json
rct2.scenery_small.tge1,rct2,rct2;rct1aa,scenery_small,0A188E81|TGE1    |B215E8B4,8,legacy identity metadata,objects/rct2/scenery_small/rct2.scenery_small.tge1.json,9571be4bbab9a2daae92066a97395c03294396010a0c0e672dad3abeb77c6442,https://github.com/OpenRCT2/objects/blob/978f596972c1163dc670d853dd6add4766f10dbd/objects/rct2/scenery_small/rct2.scenery_small.tge1.json
rct2.scenery_small.tge2,rct2,rct2;rct1aa,scenery_small,0A188E81|TGE2    |2DF3FB8A,8,legacy identity metadata,objects/rct2/scenery_small/rct2.scenery_small.tge2.json,56a915230231a6a202c2dfc8da253bd6ea7b43227f44a895c34011cae1a36fcd,https://github.com/OpenRCT2/objects/blob/978f596972c1163dc670d853dd6add4766f10dbd/objects/rct2/scenery_small/rct2.scenery_small.tge2.json
rct2.scenery_small.tge3,rct2,rct2;rct1aa,scenery_small,0A188E81|TGE3    |D6AD5DB7,8,legacy identity metadata,objects/rct2/scenery_small/rct2.scenery_small.tge3.json,f592d266c65e95f784115aecbe294a36c5d8c6b80ec4bd6f527980bb2a820321,https://github.com/OpenRCT2/objects/blob/978f596972c1163dc670d853dd6add4766f10dbd/objects/rct2/scenery_small/rct2.scenery_small.tge3.json
rct2.scenery_small.tge4,rct2,rct2;rct1aa,scenery_small,0A188E81|TGE4    |4DDD6FD2,8,legacy identity metadata,objects/rct2/scenery_small/rct2.scenery_small.tge4.json,f9bc5770cc1b0274344dbc9d3e6d53da6bf67d728198144f54825467e50fa8c7,https://github.com/OpenRCT2/objects/blob/978f596972c1163dc670d853dd6add4766f10dbd/objects/rct2/scenery_small/rct2.scenery_small.tge4.json
rct2.scenery_small.tge5,rct2,rct2;rct1aa,scenery_small,0A188E81|TGE5    |E5B32EE9,8,legacy identity metadata,objects/rct2/scenery_small/rct2.scenery_small.tge5.json,c0720c25537bd74cf20ab81896d6620b1078ab45bc297908b80a711326fac7b9,https://github.com/OpenRCT2/objects/blob/978f596972c1163dc670d853dd6add4766f10dbd/objects/rct2/scenery_small/rct2.scenery_small.tge5.json
rct2.scenery_small.tgg,rct2,rct2;rct1ll,scenery_small,0A188E81|TGG     |B032CE70,8,legacy identity metadata,objects/rct2/scenery_small/rct2.scenery_small.tgg.json,452f50e8768653522f8627142ec28d1b4fb9b02277c5788ded7087089364ee24,https://github.com/OpenRCT2/objects/blob/978f596972c1163dc670d853dd6add4766f10dbd/objects/rct2/scenery_small/rct2.scenery_small.tgg.json
rct2.scenery_small.tgh1,rct2,rct2;rct1ll,scenery_small,0A188E81|TGH1    |ABA9BBE6,8,legacy identity metadata,objects/rct2/scenery_small/rct2.scenery_small.tgh1.json,023f2b3dcbc5130b34b6ec7a560b7dc20f4792f78c32e09c975987a12798f0f8,https://github.com/OpenRCT2/objects/blob/978f596972c1163dc670d853dd6add4766f10dbd/objects/rct2/scenery_small/rct2.scenery_small.tgh1.json
rct2.scenery_small.tgh2,rct2,rct2;rct1ll,scenery_small,0A188E81|TGH2    |A7E7C942,8,legacy identity metadata,objects/rct2/scenery_small/rct2.scenery_small.tgh2.json,83c9512edfccb8032f5997a65fb6764f31a0fb366e6a959dfba8e8f5572bed80,https://github.com/OpenRCT2/objects/blob/978f596972c1163dc670d853dd6add4766f10dbd/objects/rct2/scenery_small/rct2.scenery_small.tgh2.json
rct2.scenery_small.tghc,rct2,rct2;rct1,scenery_small,0A188E81|TGHC    |6A94E2D8,8,legacy identity metadata,objects/rct2/scenery_small/rct2.scenery_small.tghc.json,68fea370bbca4b80dda17606ef2984a98a7c7f00df9d2798e2efceb58b6855df,https://github.com/OpenRCT2/objects/blob/978f596972c1163dc670d853dd6add4766f10dbd/objects/rct2/scenery_small/rct2.scenery_small.tghc.json
rct2.scenery_small.tghc2,rct2,rct2;rct1,scenery_small,0A188E81|TGHC2   |F29BA5F2,8,legacy identity metadata,objects/rct2/scenery_small/rct2.scenery_small.tghc2.json,d412e76718431fceb81170b647f125286e85b4e39c63f3cddef8b7ad5f5ca878,https://github.com/OpenRCT2/objects/blob/978f596972c1163dc670d853dd6add4766f10dbd/objects/rct2/scenery_small/rct2.scenery_small.tghc2.json
rct2.scenery_small.tgs,rct2,rct2;rct1,scenery_small,0A188E81|TGS     |87C4927F,8,legacy identity metadata,objects/rct2/scenery_small/rct2.scenery_small.tgs.json,cf8651a28251ce6cd12bd3e6f2019dc7e9146be83c305313aedd91d2806857b4,https://github.com/OpenRCT2/objects/blob/978f596972c1163dc670d853dd6add4766f10dbd/objects/rct2/scenery_small/rct2.scenery_small.tgs.json
rct2.scenery_small.tgs1,rct2,rct2;rct1aa,scenery_small,0A188E81|TGS1    |6F61107B,8,legacy identity metadata,objects/rct2/scenery_small/rct2.scenery_small.tgs1.json,48cee7c415fbf93bea1643635478a322f92a5d55adf5b4cb2a9185e37301179a,https://github.com/OpenRCT2/objects/blob/978f596972c1163dc670d853dd6add4766f10dbd/objects/rct2/scenery_small/rct2.scenery_small.tgs1.json
rct2.scenery_small.tgs2,rct2,rct2;rct1aa,scenery_small,0A188E81|TGS2    |50AC822B,8,legacy identity metadata,objects/rct2/scenery_small/rct2.scenery_small.tgs2.json,8647a40e2a73fadd83f38e37049be4aaba3937774b3daa35b325d3515dcec200,https://github.com/OpenRCT2/objects/blob/978f596972c1163dc670d853dd6add4766f10dbd/objects/rct2/scenery_small/rct2.scenery_small.tgs2.json
rct2.scenery_small.tgs3,rct2,rct2;rct1aa,scenery_small,0A188E81|TGS3    |54A413B7,8,legacy identity metadata,objects/rct2/scenery_small/rct2.scenery_small.tgs3.json,ea859613d737d3bcb0ce8e93aab31011c8de86d4d740ec7461f630b70b509d1e,https://github.com/OpenRCT2/objects/blob/978f596972c1163dc670d853dd6add4766f10dbd/objects/rct2/scenery_small/rct2.scenery_small.tgs3.json
rct2.scenery_small.tgs4,rct2,rct2;rct1aa,scenery_small,0A188E81|TGS4    |36ADC78A,8,legacy identity metadata,objects/rct2/scenery_small/rct2.scenery_small.tgs4.json,3ef07e669a60e633043a625fc583064780dec10ce26636144bc206b8ec09dbe4,https://github.com/OpenRCT2/objects/blob/978f596972c1163dc670d853dd6add4766f10dbd/objects/rct2/scenery_small/rct2.scenery_small.tgs4.json
rct2.scenery_small.th1,rct2,rct2;rct1,scenery_small,0A188E81|TH1     |004921BB,8,legacy identity metadata,objects/rct2/scenery_small/rct2.scenery_small.th1.json,cfe76c26aab3794ce6c14a6b71ff49cd8ee9c69733f89e4a97443803ef60c880,https://github.com/OpenRCT2/objects/blob/978f596972c1163dc670d853dd6add4766f10dbd/objects/rct2/scenery_small/rct2.scenery_small.th1.json
rct2.scenery_small.th2,rct2,rct2;rct1,scenery_small,0A188E81|TH2     |298118E3,8,legacy identity metadata,objects/rct2/scenery_small/rct2.scenery_small.th2.json,9a468709f5f1b0401e8220479b7955c1a8d43d08cbbf32c6fcb877bab5193cc4,https://github.com/OpenRCT2/objects/blob/978f596972c1163dc670d853dd6add4766f10dbd/objects/rct2/scenery_small/rct2.scenery_small.th2.json
rct2.scenery_small.thl,rct2,rct2;rct1,scenery_small,0A188E81|THL     |EA71AED9,8,legacy identity metadata,objects/rct2/scenery_small/rct2.scenery_small.thl.json,d3431f8e65e2e34f29c1e6ada7f8d45ccd65adafd7bdfee3cae00f4e2f515493,https://github.com/OpenRCT2/objects/blob/978f596972c1163dc670d853dd6add4766f10dbd/objects/rct2/scenery_small/rct2.scenery_small.thl.json
rct2.scenery_small.thrs,rct2,rct2;rct1,scenery_small,0A188E81|THRS    |496894B5,8,legacy identity metadata,objects/rct2/scenery_small/rct2.scenery_small.thrs.json,a8de596c643116a30ed9c2516cd18f237405b23a2c3d1b23556131cc018fd32a,https://github.com/OpenRCT2/objects/blob/978f596972c1163dc670d853dd6add4766f10dbd/objects/rct2/scenery_small/rct2.scenery_small.thrs.json
rct2.scenery_small.tht,rct2,rct2;rct1,scenery_small,0A188E81|THT     |9A25A7CB,8,legacy identity metadata,objects/rct2/scenery_small/rct2.scenery_small.tht.json,ceb322bd787e773785a0c153516fbb07981b315cf0d23924eb94a23f0b0128da,https://github.com/OpenRCT2/objects/blob/978f596972c1163dc670d853dd6add4766f10dbd/objects/rct2/scenery_small/rct2.scenery_small.tht.json
rct2.scenery_small.tic,rct2,rct2;rct1,scenery_small,0A188E81|TIC     |A400F7DE,8,legacy identity metadata,objects/rct2/scenery_small/rct2.scenery_small.tic.json,c6b4c42554a4af52e29447d559185dcda5d9b2d57e1da3af6fa1eaf0485ae159,https://github.com/OpenRCT2/objects/blob/978f596972c1163dc670d853dd6add4766f10dbd/objects/rct2/scenery_small/rct2.scenery_small.tic.json
rct2.scenery_small.tig,rct2,rct2;rct1ll,scenery_small,0A188E81|TIG     |4F6DA952,8,legacy identity metadata,objects/rct2/scenery_small/rct2.scenery_small.tig.json,1972138cdcb0ab2ce2686347cba6001c300f88a35ff63ab52b734e48bbedce03,https://github.com/OpenRCT2/objects/blob/978f596972c1163dc670d853dd6add4766f10dbd/objects/rct2/scenery_small/rct2.scenery_small.tig.json
rct2.scenery_small.titc,rct2,rct2;rct1,scenery_small,0A188E81|TITC    |8C95880F,8,legacy identity metadata,objects/rct2/scenery_small/rct2.scenery_small.titc.json,989805643bba8ac3ce0e0455c3c139c2bd9698786d19ab5bc801c055d1b56981,https://github.com/OpenRCT2/objects/blob/978f596972c1163dc670d853dd6add4766f10dbd/objects/rct2/scenery_small/rct2.scenery_small.titc.json
rct2.scenery_small.tjb1,rct2,rct2;rct1aa,scenery_small,0A188E81|TJB1    |854155B8,8,legacy identity metadata,objects/rct2/scenery_small/rct2.scenery_small.tjb1.json,54cfcc5a2f8db9d4bf419721540597a54734963db2d800e3f89603a1c96dc7c2,https://github.com/OpenRCT2/objects/blob/978f596972c1163dc670d853dd6add4766f10dbd/objects/rct2/scenery_small/rct2.scenery_small.tjb1.json
rct2.scenery_small.tjb2,rct2,rct2;rct1aa,scenery_small,0A188E81|TJB2    |311480F3,8,legacy identity metadata,objects/rct2/scenery_small/rct2.scenery_small.tjb2.json,4c3fae309db7ecccf5416433151f16cbdf09b62fbe3866171fff74cadb60ae47,https://github.com/OpenRCT2/objects/blob/978f596972c1163dc670d853dd6add4766f10dbd/objects/rct2/scenery_small/rct2.scenery_small.tjb2.json
rct2.scenery_small.tjb3,rct2,rct2;rct1aa,scenery_small,0A188E81|TJB3    |97E97286,8,legacy identity metadata,objects/rct2/scenery_small/rct2.scenery_small.tjb3.json,a7ff384aa4cb442b55087807daf7dedf68e4da8832f7f50f297282ccc94a23f4,https://github.com/OpenRCT2/objects/blob/978f596972c1163dc670d853dd6add4766f10dbd/objects/rct2/scenery_small/rct2.scenery_small.tjb3.json
rct2.scenery_small.tjb4,rct2,rct2;rct1aa,scenery_small,0A188E81|TJB4    |F7A42672,8,legacy identity metadata,objects/rct2/scenery_small/rct2.scenery_small.tjb4.json,a69a98781787b4d3badf93536687757c285c7a2717d92f24dd9a89dc1e5ec748,https://github.com/OpenRCT2/objects/blob/978f596972c1163dc670d853dd6add4766f10dbd/objects/rct2/scenery_small/rct2.scenery_small.tjb4.json
rct2.scenery_small.tjf,rct2,rct2;rct1aa,scenery_small,0A188E81|TJF     |77EC974B,8,legacy identity metadata,objects/rct2/scenery_small/rct2.scenery_small.tjf.json,9f1c0163a4be847cc7cfbd631c07745c4509adea4c953b7ff20b8e548aecb914,https://github.com/OpenRCT2/objects/blob/978f596972c1163dc670d853dd6add4766f10dbd/objects/rct2/scenery_small/rct2.scenery_small.tjf.json
rct2.scenery_small.tjp1,rct2,rct2;rct1aa,scenery_small,0A188E81|TJP1    |F3F2DA98,8,legacy identity metadata,objects/rct2/scenery_small/rct2.scenery_small.tjp1.json,e9b4386db0ffa860c6ce46de6f6ae4819022c49deb551d7d7f88716c633bf258,https://github.com/OpenRCT2/objects/blob/978f596972c1163dc670d853dd6add4766f10dbd/objects/rct2/scenery_small/rct2.scenery_small.tjp1.json
rct2.scenery_small.tjp2,rct2,rct2;rct1aa,scenery_small,0A188E81|TJP2    |F1DC517D,8,legacy identity metadata,objects/rct2/scenery_small/rct2.scenery_small.tjp2.json,b60f3348ea1667c6643dd741af8e11f2fe191076ceddb45ccb59b356dfbc622f,https://github.com/OpenRCT2/objects/blob/978f596972c1163dc670d853dd6add4766f10dbd/objects/rct2/scenery_small/rct2.scenery_small.tjp2.json
rct2.scenery_small.tjt1,rct2,rct2;rct1aa,scenery_small,0A188E81|TJT1    |DA7925EF,8,legacy identity metadata,objects/rct2/scenery_small/rct2.scenery_small.tjt1.json,8818fd3572eb334a581af71eb3a3b88083c47751a01cba672ec128283a20aeb6,https://github.com/OpenRCT2/objects/blob/978f596972c1163dc670d853dd6add4766f10dbd/objects/rct2/scenery_small/rct2.scenery_small.tjt1.json
rct2.scenery_small.tjt2,rct2,rct2;rct1aa,scenery_small,0A188E81|TJT2    |F9EAAF20,8,legacy identity metadata,objects/rct2/scenery_small/rct2.scenery_small.tjt2.json,76e89d8675e681464008d48d160381aad4d832c1438291d4d3105f1d292375cf,https://github.com/OpenRCT2/objects/blob/978f596972c1163dc670d853dd6add4766f10dbd/objects/rct2/scenery_small/rct2.scenery_small.tjt2.json
rct2.scenery_small.tjt3,rct2,rct2;rct1aa,scenery_small,0A188E81|TJT3    |31293077,8,legacy identity metadata,objects/rct2/scenery_small/rct2.scenery_small.tjt3.json,955330d8f86e6bc2d3de47d4d7089099cfdb60bf8e3212bfe568aa68b32a5706,https://github.com/OpenRCT2/objects/blob/978f596972c1163dc670d853dd6add4766f10dbd/objects/rct2/scenery_small/rct2.scenery_small.tjt3.json
rct2.scenery_small.tjt4,rct2,rct2;rct1aa,scenery_small,0A188E81|TJT4    |107C52D2,8,legacy identity metadata,objects/rct2/scenery_small/rct2.scenery_small.tjt4.json,da96dc140326c8107ac32becd53caa047f8f6966ce396dbb4f99a05a2443a7df,https://github.com/OpenRCT2/objects/blob/978f596972c1163dc670d853dd6add4766f10dbd/objects/rct2/scenery_small/rct2.scenery_small.tjt4.json
rct2.scenery_small.tjt5,rct2,rct2;rct1aa,scenery_small,0A188E81|TJT5    |DE840179,8,legacy identity metadata,objects/rct2/scenery_small/rct2.scenery_small.tjt5.json,04b37ebf1937f2b2f4f78cbe9c8a8088abe33ee4eb2dbff9e00d76aae53ea9d2,https://github.com/OpenRCT2/objects/blob/978f596972c1163dc670d853dd6add4766f10dbd/objects/rct2/scenery_small/rct2.scenery_small.tjt5.json
rct2.scenery_small.tjt6,rct2,rct2;rct1aa,scenery_small,0A188E81|TJT6    |A2ED90D5,8,legacy identity metadata,objects/rct2/scenery_small/rct2.scenery_small.tjt6.json,909b6ab7437b7ac40dd0b591896d039a8c48a1a86a3fcd5fd4f83c6276e3b273,https://github.com/OpenRCT2/objects/blob/978f596972c1163dc670d853dd6add4766f10dbd/objects/rct2/scenery_small/rct2.scenery_small.tjt6.json
rct2.scenery_small.tk1,rct2,rct2;rct1,scenery_small,0A188E81|TK1     |8D491CB3,8,legacy identity metadata,objects/rct2/scenery_small/rct2.scenery_small.tk1.json,2c27e6d206cb025c9d7234438d05b1ee4e5414216d81da47ad0a9978961b7078,https://github.com/OpenRCT2/objects/blob/978f596972c1163dc670d853dd6add4766f10dbd/objects/rct2/scenery_small/rct2.scenery_small.tk1.json
rct2.scenery_small.tk2,rct2,rct2;rct1,scenery_small,0A188E81|TK2     |EF0B08D9,8,legacy identity metadata,objects/rct2/scenery_small/rct2.scenery_small.tk2.json,0116ed525cb568f7d597c5038035536974846798ff6b5d3f085092e78541d2fe,https://github.com/OpenRCT2/objects/blob/978f596972c1163dc670d853dd6add4766f10dbd/objects/rct2/scenery_small/rct2.scenery_small.tk2.json
rct2.scenery_small.tk3,rct2,rct2;rct1,scenery_small,0A188E81|TK3     |E9484E00,8,legacy identity metadata,objects/rct2/scenery_small/rct2.scenery_small.tk3.json,9277090c0a9972b25f1b253e89e7cec85009a6c0a14a3a33b7fd901b47717524,https://github.com/OpenRCT2/objects/blob/978f596972c1163dc670d853dd6add4766f10dbd/objects/rct2/scenery_small/rct2.scenery_small.tk3.json
rct2.scenery_small.tk4,rct2,rct2;rct1,scenery_small,0A188E81|TK4     |9DB61514,8,legacy identity metadata,objects/rct2/scenery_small/rct2.scenery_small.tk4.json,aff1466bb00ffb5f9d04d4f557404498c6779f6d8b86bdd8ec59dcade4e1ffb6,https://github.com/OpenRCT2/objects/blob/978f596972c1163dc670d853dd6add4766f10dbd/objects/rct2/scenery_small/rct2.scenery_small.tk4.json
rct2.scenery_small.tl0,rct2,rct2;rct1,scenery_small,0A188E81|TL0     |F3C16DAC,8,legacy identity metadata,objects/rct2/scenery_small/rct2.scenery_small.tl0.json,0bc36b79ca8fb133858dddce1bc174b19dbba55e1a8a5070f6546e388d1ffa18,https://github.com/OpenRCT2/objects/blob/978f596972c1163dc670d853dd6add4766f10dbd/objects/rct2/scenery_small/rct2.scenery_small.tl0.json
rct2.scenery_small.tl1,rct2,rct2;rct1,scenery_small,0A188E81|TL1     |8A0ADEF6,8,legacy identity metadata,objects/rct2/scenery_small/rct2.scenery_small.tl1.json,64d8d5827fce0744291df2347a170ed9be51964df7e3b1ded3b6bb6b15e2ca82,https://github.com/OpenRCT2/objects/blob/978f596972c1163dc670d853dd6add4766f10dbd/objects/rct2/scenery_small/rct2.scenery_small.tl1.json
rct2.scenery_small.tl2,rct2,rct2;rct1,scenery_small,0A188E81|TL2     |F76A6AE2,8,legacy identity metadata,objects/rct2/scenery_small/rct2.scenery_small.tl2.json,1c5dc36cb511b08fa312126c3b607bffd332c6dd3d928ecdb053ba96e89f485c,https://github.com/OpenRCT2/objects/blob/978f596972c1163dc670d853dd6add4766f10dbd/objects/rct2/scenery_small/rct2.scenery_small.tl2.json
rct2.scenery_small.tl3,rct2,rct2;rct1,scenery_small,0A188E81|TL3     |A0066289,8,legacy identity metadata,objects/rct2/scenery_small/rct2.scenery_small.tl3.json,fe5a1c37aa5b82f2f78a96d2cabd9468edf3bfc5af6d77f66dca0700a544d0d0,https://github.com/OpenRCT2/objects/blob/978f596972c1163dc670d853dd6add4766f10dbd/objects/rct2/scenery_small/rct2.scenery_small.tl3.json
rct2.scenery_small.tlc,rct2,rct2;rct1,scenery_small,0A188E81|TLC     |173374FB,8,legacy identity metadata,objects/rct2/scenery_small/rct2.scenery_small.tlc.json,851cc3a361b063cd9a98e4528b5c8caad07e1fdb910876ee9a462a28be4cd399,https://github.com/OpenRCT2/objects/blob/978f596972c1163dc670d853dd6add4766f10dbd/objects/rct2/scenery_small/rct2.scenery_small.tlc.json
rct2.scenery_small.tlp,rct2,rct2;rct1,scenery_small,0A188E81|TLP     |D009F04D,8,legacy identity metadata,objects/rct2/scenery_small/rct2.scenery_small.tlp.json,68ede776bf691858e85221835cc4ce61e5e287256c7d57d6e824ce0b399dd365,https://github.com/OpenRCT2/objects/blob/978f596972c1163dc670d853dd6add4766f10dbd/objects/rct2/scenery_small/rct2.scenery_small.tlp.json
rct2.scenery_small.tly,rct2,rct2;rct1ll,scenery_small,0A188E81|TLY     |6BE9844D,8,legacy identity metadata,objects/rct2/scenery_small/rct2.scenery_small.tly.json,befa2322ab30e25865d6c132b0bc448841374b34a49a0b0e27764fc900c6c402,https://github.com/OpenRCT2/objects/blob/978f596972c1163dc670d853dd6add4766f10dbd/objects/rct2/scenery_small/rct2.scenery_small.tly.json
rct2.scenery_small.tm0,rct2,rct2;rct1,scenery_small,0A188E81|TM0     |B8A0C51E,8,legacy identity metadata,objects/rct2/scenery_small/rct2.scenery_small.tm0.json,33053f42e12b3b1eea346cae9e857846f124d769017220528781a707b8a222dd,https://github.com/OpenRCT2/objects/blob/978f596972c1163dc670d853dd6add4766f10dbd/objects/rct2/scenery_small/rct2.scenery_small.tm0.json
rct2.scenery_small.tm1,rct2,rct2;rct1,scenery_small,0A188E81|TM1     |702CCC79,8,legacy identity metadata,objects/rct2/scenery_small/rct2.scenery_small.tm1.json,2b6a18f49c58a67bd79fc6ac4807b4a7cc15f683757bc778a456b05777e6dccc,https://github.com/OpenRCT2/objects/blob/978f596972c1163dc670d853dd6add4766f10dbd/objects/rct2/scenery_small/rct2.scenery_small.tm1.json
rct2.scenery_small.tm2,rct2,rct2;rct1,scenery_small,0A188E81|TM2     |3317B612,8,legacy identity metadata,objects/rct2/scenery_small/rct2.scenery_small.tm2.json,945eac77a5b4dca26992003575a40f42547f27d0b22ca8ae0e2243b0ad68360f,https://github.com/OpenRCT2/objects/blob/978f596972c1163dc670d853dd6add4766f10dbd/objects/rct2/scenery_small/rct2.scenery_small.tm2.json
rct2.scenery_small.tm3,rct2,rct2;rct1,scenery_small,0A188E81|TM3     |21DD3993,8,legacy identity metadata,objects/rct2/scenery_small/rct2.scenery_small.tm3.json,e1291a96119bd5d77678beb0d87a7c1245b1151d3ddc62244f76d9c7dff9b29d,https://github.com/OpenRCT2/objects/blob/978f596972c1163dc670d853dd6add4766f10dbd/objects/rct2/scenery_small/rct2.scenery_small.tm3.json
rct2.scenery_small.tmbj,rct2,rct2;rct1,scenery_small,0A188E81|TMBJ    |5889C127,8,legacy identity metadata,objects/rct2/scenery_small/rct2.scenery_small.tmbj.json,a1194e4dba58983d35b2faff03f0f2e9d8c6b780dfa4982870f6cd239165439c,https://github.com/OpenRCT2/objects/blob/978f596972c1163dc670d853dd6add4766f10dbd/objects/rct2/scenery_small/rct2.scenery_small.tmbj.json
rct2.scenery_small.tmc,rct2,rct2;rct1,scenery_small,0A188E81|TMC     |7467803C,8,legacy identity metadata,objects/rct2/scenery_small/rct2.scenery_small.tmc.json,a6e4555a5de3e32a9019efb727c2500ca19ee8051ec9d03bc4fefadd7d091335,https://github.com/OpenRCT2/objects/blob/978f596972c1163dc670d853dd6add4766f10dbd/objects/rct2/scenery_small/rct2.scenery_small.tmc.json
rct2.scenery_small.tmg,rct2,rct2;rct1,scenery_small,0A188E81|TMG     |0181736A,8,legacy identity metadata,objects/rct2/scenery_small/rct2.scenery_small.tmg.json,913a6966106dda92c15681af1d67b2144954f0a1847e2cef7efc8c8817f3af30,https://github.com/OpenRCT2/objects/blob/978f596972c1163dc670d853dd6add4766f10dbd/objects/rct2/scenery_small/rct2.scenery_small.tmg.json
rct2.scenery_small.tmj,rct2,rct2;rct1,scenery_small,0A188E81|TMJ     |847E3C80,8,legacy identity metadata,objects/rct2/scenery_small/rct2.scenery_small.tmj.json,b6c8c56d9c3f912dabf0b931c77209d147952cd65aad80929fe912d6462f2e9f,https://github.com/OpenRCT2/objects/blob/978f596972c1163dc670d853dd6add4766f10dbd/objects/rct2/scenery_small/rct2.scenery_small.tmj.json
rct2.scenery_small.tml,rct2,rct2;rct1,scenery_small,0A188E81|TML     |20C2E115,8,legacy identity metadata,objects/rct2/scenery_small/rct2.scenery_small.tml.json,ed8d42014635ccce5cb9b42f7c1d43390c62e2fd9a17a625dc117e3c55d0960a,https://github.com/OpenRCT2/objects/blob/978f596972c1163dc670d853dd6add4766f10dbd/objects/rct2/scenery_small/rct2.scenery_small.tml.json
rct2.scenery_small.tmm1,rct2,rct2;rct1aa,scenery_small,0A188E81|TMM1    |16B773AC,8,legacy identity metadata,objects/rct2/scenery_small/rct2.scenery_small.tmm1.json,e5f5db3ae4c8816dde1af6df18c36928d4b2cb3769186c47c1634a81e595269a,https://github.com/OpenRCT2/objects/blob/978f596972c1163dc670d853dd6add4766f10dbd/objects/rct2/scenery_small/rct2.scenery_small.tmm1.json
rct2.scenery_small.tmm2,rct2,rct2;rct1aa,scenery_small,0A188E81|TMM2    |BD68126F,8,legacy identity metadata,objects/rct2/scenery_small/rct2.scenery_small.tmm2.json,ce3e12c517ad794371b3d598acc50a93917fcc36ed6538beed1123d7ee673625,https://github.com/OpenRCT2/objects/blob/978f596972c1163dc670d853dd6add4766f10dbd/objects/rct2/scenery_small/rct2.scenery_small.tmm2.json
rct2.scenery_small.tmm3,rct2,rct2;rct1aa,scenery_small,0A188E81|TMM3    |E1A034C5,8,legacy identity metadata,objects/rct2/scenery_small/rct2.scenery_small.tmm3.json,73d960486ecc5da1fe89c0749c46f44807eff9b2a447f5f4babfe3ec927a49d4,https://github.com/OpenRCT2/objects/blob/978f596972c1163dc670d853dd6add4766f10dbd/objects/rct2/scenery_small/rct2.scenery_small.tmm3.json
rct2.scenery_small.tmo1,rct2,rct2;rct1,scenery_small,0A188E81|TMO1    |813009D6,8,legacy identity metadata,objects/rct2/scenery_small/rct2.scenery_small.tmo1.json,5fbc49148ccbe79cb82dea13665671740fb465cd971cafc4a02607e4f6823f79,https://github.com/OpenRCT2/objects/blob/978f596972c1163dc670d853dd6add4766f10dbd/objects/rct2/scenery_small/rct2.scenery_small.tmo1.json
rct2.scenery_small.tmo2,rct2,rct2;rct1,scenery_small,0A188E81|TMO2    |7CE8CF39,8,legacy identity metadata,objects/rct2/scenery_small/rct2.scenery_small.tmo2.json,7e7532250111005410abf99afe3e6d4fdd444b0e508ef263341eac352b4bb7ab,https://github.com/OpenRCT2/objects/blob/978f596972c1163dc670d853dd6add4766f10dbd/objects/rct2/scenery_small/rct2.scenery_small.tmo2.json
rct2.scenery_small.tmo3,rct2,rct2;rct1,scenery_small,0A188E81|TMO3    |6EC42647,8,legacy identity metadata,objects/rct2/scenery_small/rct2.scenery_small.tmo3.json,8eae5ac2618f1a59363ed793d3cff3147af2ec7b20ecc304d5984a70279b7e7c,https://github.com/OpenRCT2/objects/blob/978f596972c1163dc670d853dd6add4766f10dbd/objects/rct2/scenery_small/rct2.scenery_small.tmo3.json
rct2.scenery_small.tmo4,rct2,rct2;rct1,scenery_small,0A188E81|TMO4    |F8583800,8,legacy identity metadata,objects/rct2/scenery_small/rct2.scenery_small.tmo4.json,664ad2e19c27cfe9ca2b5c2d8bcd5c86f3c16a51e4b6c6f3f9ad6e88a03da5cf,https://github.com/OpenRCT2/objects/blob/978f596972c1163dc670d853dd6add4766f10dbd/objects/rct2/scenery_small/rct2.scenery_small.tmo4.json
rct2.scenery_small.tmo5,rct2,rct2;rct1,scenery_small,0A188E81|TMO5    |04C8891E,8,legacy identity metadata,objects/rct2/scenery_small/rct2.scenery_small.tmo5.json,b67fc7e9717ec158a07c41d41ebc287b7ce1cd92cd445fc42e0463efc7b19674,https://github.com/OpenRCT2/objects/blob/978f596972c1163dc670d853dd6add4766f10dbd/objects/rct2/scenery_small/rct2.scenery_small.tmo5.json
rct2.scenery_small.tmp,rct2,rct2;rct1,scenery_small,0A188E81|TMP     |FDC37C9C,8,legacy identity metadata,objects/rct2/scenery_small/rct2.scenery_small.tmp.json,51fb0e7865429c97cc23ebd5709c0e76d3ada62dbc658803932f51b79b208feb,https://github.com/OpenRCT2/objects/blob/978f596972c1163dc670d853dd6add4766f10dbd/objects/rct2/scenery_small/rct2.scenery_small.tmp.json
rct2.scenery_small.tms1,rct2,rct2;rct1,scenery_small,0A188E81|TMS1    |344683F1,8,legacy identity metadata,objects/rct2/scenery_small/rct2.scenery_small.tms1.json,46055eeda8e09ece0e86954fa75712489697d54628b6aa448a2e504e26ab1772,https://github.com/OpenRCT2/objects/blob/978f596972c1163dc670d853dd6add4766f10dbd/objects/rct2/scenery_small/rct2.scenery_small.tms1.json
rct2.scenery_small.tmw,rct2,rct2;rct1,scenery_small,0A188E81|TMW     |2433DF21,8,legacy identity metadata,objects/rct2/scenery_small/rct2.scenery_small.tmw.json,b77f4a8810397ccebc79ea83f8614a534feb090d9e54d2600c26b8007e346297,https://github.com/OpenRCT2/objects/blob/978f596972c1163dc670d853dd6add4766f10dbd/objects/rct2/scenery_small/rct2.scenery_small.tmw.json
rct2.scenery_small.tmzp,rct2,rct2;rct1,scenery_small,0A188E81|TMZP    |3ABDEC32,8,legacy identity metadata,objects/rct2/scenery_small/rct2.scenery_small.tmzp.json,b3150769a414bc6e947fbceb8fb18e6517c36cb0a854f18ab58117a4c8de55c6,https://github.com/OpenRCT2/objects/blob/978f596972c1163dc670d853dd6add4766f10dbd/objects/rct2/scenery_small/rct2.scenery_small.tmzp.json
rct2.scenery_small.tns,rct2,rct2;rct1,scenery_small,0A188E81|TNS     |539C9764,8,legacy identity metadata,objects/rct2/scenery_small/rct2.scenery_small.tns.json,c82ebd6268f0361cd134519fc6ed51af432856e68e19ac311e2b004f4d2372b4,https://github.com/OpenRCT2/objects/blob/978f596972c1163dc670d853dd6add4766f10dbd/objects/rct2/scenery_small/rct2.scenery_small.tns.json
rct2.scenery_small.tnss,rct2,rct2;rct1ll,scenery_small,0A188E81|TNSS    |1383A8B8,8,legacy identity metadata,objects/rct2/scenery_small/rct2.scenery_small.tnss.json,99422ea2b472de54e4f51729e9a5bcce9f60471b38e1222771d49eb37d96716b,https://github.com/OpenRCT2/objects/blob/978f596972c1163dc670d853dd6add4766f10dbd/objects/rct2/scenery_small/rct2.scenery_small.tnss.json
rct2.scenery_small.tntroof1,rct2,rct2,scenery_small,0A188E81|TNTROOF1|A0A023D6,8,legacy identity metadata,objects/rct2/scenery_small/rct2.scenery_small.tntroof1.json,8ea4d05980e9bf3e29f326ca1fea06bee85ee5608e6d076b662a44d151e598d2,https://github.com/OpenRCT2/objects/blob/978f596972c1163dc670d853dd6add4766f10dbd/objects/rct2/scenery_small/rct2.scenery_small.tntroof1.json
rct2.scenery_small.toh1,rct2,rct2;rct1ll,scenery_small,0A188E81|TOH1    |C6272B30,8,legacy identity metadata,objects/rct2/scenery_small/rct2.scenery_small.toh1.json,daab35a19682ec829fea7c0386d5fdefb70382feddd297ac45be352c1aea6419,https://github.com/OpenRCT2/objects/blob/978f596972c1163dc670d853dd6add4766f10dbd/objects/rct2/scenery_small/rct2.scenery_small.toh1.json
rct2.scenery_small.toh2,rct2,rct2;rct1ll,scenery_small,0A188E81|TOH2    |16796FE0,8,legacy identity metadata,objects/rct2/scenery_small/rct2.scenery_small.toh2.json,b6fe7f5946624a34cafda8458e13e4ad4056fe2415cabb3cc0b4d3fb38f7200f,https://github.com/OpenRCT2/objects/blob/978f596972c1163dc670d853dd6add4766f10dbd/objects/rct2/scenery_small/rct2.scenery_small.toh2.json
rct2.scenery_small.toh3,rct2,rct2;rct1ll,scenery_small,0A188E81|TOH3    |69D3EF67,8,legacy identity metadata,objects/rct2/scenery_small/rct2.scenery_small.toh3.json,b3798e62cf8ca51918c9424e85529a2645fe79585d52c64c94fe3800edeb41c0,https://github.com/OpenRCT2/objects/blob/978f596972c1163dc670d853dd6add4766f10dbd/objects/rct2/scenery_small/rct2.scenery_small.toh3.json
rct2.scenery_small.torn1,rct2,rct2,scenery_small,0A188E81|TORN1   |8553D4E0,8,legacy identity metadata,objects/rct2/scenery_small/rct2.scenery_small.torn1.json,df2e63f36bedb8bf141094e14fde0e3d7da68ac562e5889e285b3c40222f9086,https://github.com/OpenRCT2/objects/blob/978f596972c1163dc670d853dd6add4766f10dbd/objects/rct2/scenery_small/rct2.scenery_small.torn1.json
rct2.scenery_small.torn2,rct2,rct2,scenery_small,0A188E81|TORN2   |C02289DD,8,legacy identity metadata,objects/rct2/scenery_small/rct2.scenery_small.torn2.json,7d893a2a153bf8047d855f4657b8753ddf95b171ec89cb60a0ac9e4372b6f88d,https://github.com/OpenRCT2/objects/blob/978f596972c1163dc670d853dd6add4766f10dbd/objects/rct2/scenery_small/rct2.scenery_small.torn2.json
rct2.scenery_small.tos,rct2,rct2;rct1ll,scenery_small,0A188E81|TOS     |EDF6F79B,8,legacy identity metadata,objects/rct2/scenery_small/rct2.scenery_small.tos.json,73d73e01846348884f6bcd60d631bdf4590ecb753718337ad3243f0f4035f914,https://github.com/OpenRCT2/objects/blob/978f596972c1163dc670d853dd6add4766f10dbd/objects/rct2/scenery_small/rct2.scenery_small.tos.json
rct2.scenery_small.tot1,rct2,rct2;rct1ll,scenery_small,0A188E81|TOT1    |D9DD5018,8,legacy identity metadata,objects/rct2/scenery_small/rct2.scenery_small.tot1.json,1a4df7c9c45a24b025064ebb615f0e085885a7ad417eb56e6841a278717c04a9,https://github.com/OpenRCT2/objects/blob/978f596972c1163dc670d853dd6add4766f10dbd/objects/rct2/scenery_small/rct2.scenery_small.tot1.json
rct2.scenery_small.tot2,rct2,rct2;rct1ll,scenery_small,0A188E81|TOT2    |8314AA29,8,legacy identity metadata,objects/rct2/scenery_small/rct2.scenery_small.tot2.json,95bda42e01a6e6c33359350a036b812a60ec45ad1d1c08bce186d32a615ca6dc,https://github.com/OpenRCT2/objects/blob/978f596972c1163dc670d853dd6add4766f10dbd/objects/rct2/scenery_small/rct2.scenery_small.tot2.json
rct2.scenery_small.tot3,rct2,rct2;rct1ll,scenery_small,0A188E81|TOT3    |CD91F78F,8,legacy identity metadata,objects/rct2/scenery_small/rct2.scenery_small.tot3.json,02d891feae20187ba02a658673e1bb83fc47f91f5b7f22be856a9ce113d11acd,https://github.com/OpenRCT2/objects/blob/978f596972c1163dc670d853dd6add4766f10dbd/objects/rct2/scenery_small/rct2.scenery_small.tot3.json
rct2.scenery_small.tot4,rct2,rct2;rct1ll,scenery_small,0A188E81|TOT4    |EE2D6AA0,8,legacy identity metadata,objects/rct2/scenery_small/rct2.scenery_small.tot4.json,596006705af67eca9692718f2fa957208ab16ce28709a53327dc3701603fea9f,https://github.com/OpenRCT2/objects/blob/978f596972c1163dc670d853dd6add4766f10dbd/objects/rct2/scenery_small/rct2.scenery_small.tot4.json
rct2.scenery_small.totem1,rct2,rct2,scenery_small,0A188E81|TOTEM1  |E2CCC979,8,legacy identity metadata,objects/rct2/scenery_small/rct2.scenery_small.totem1.json,acf5b641cf20002c73c188dee35c76cb5f5e7f901eaee641dd69eff4ff77aef0,https://github.com/OpenRCT2/objects/blob/978f596972c1163dc670d853dd6add4766f10dbd/objects/rct2/scenery_small/rct2.scenery_small.totem1.json
rct2.scenery_small.tp1,rct2,rct2;rct1,scenery_small,0A188E81|TP1     |E2BE7A7A,8,legacy identity metadata,objects/rct2/scenery_small/rct2.scenery_small.tp1.json,f84eafef756db47944cdd8bfb47a7ce1167ae7e731e769504a21236902bd58da,https://github.com/OpenRCT2/objects/blob/978f596972c1163dc670d853dd6add4766f10dbd/objects/rct2/scenery_small/rct2.scenery_small.tp1.json
rct2.scenery_small.tp2,rct2,rct2;rct1,scenery_small,0A188E81|TP2     |D4B38F56,8,legacy identity metadata,objects/rct2/scenery_small/rct2.scenery_small.tp2.json,83f14e95cb58f54d67ab77443a0d1fdf44f9a254c8c1c91a400f0206d3de5ad0,https://github.com/OpenRCT2/objects/blob/978f596972c1163dc670d853dd6add4766f10dbd/objects/rct2/scenery_small/rct2.scenery_small.tp2.json
rct2.scenery_small.tpm,rct2,rct2;rct1,scenery_small,0A188E81|TPM     |F9C2F999,8,legacy identity metadata,objects/rct2/scenery_small/rct2.scenery_small.tpm.json,85887ed61e03edd22d17b6016492bb8c4625d1eebd1cb7040b3064d80240f21c,https://github.com/OpenRCT2/objects/blob/978f596972c1163dc670d853dd6add4766f10dbd/objects/rct2/scenery_small/rct2.scenery_small.tpm.json
rct2.scenery_small.tq1,rct2,rct2;rct1,scenery_small,0A188E81|TQ1     |FB9D5F2E,8,legacy identity metadata,objects/rct2/scenery_small/rct2.scenery_small.tq1.json,9487b6f116ebb6bc7da48b0bf6bef087a092d5781fce9981ebdcd80be4d5279b,https://github.com/OpenRCT2/objects/blob/978f596972c1163dc670d853dd6add4766f10dbd/objects/rct2/scenery_small/rct2.scenery_small.tq1.json
rct2.scenery_small.tq2,rct2,rct2;rct1,scenery_small,0A188E81|TQ2     |9E04B1DF,8,legacy identity metadata,objects/rct2/scenery_small/rct2.scenery_small.tq2.json,d44fdf02b8009da30cb588f2455229473d54ef4e676ee3bf16d8d778770de2ed,https://github.com/OpenRCT2/objects/blob/978f596972c1163dc670d853dd6add4766f10dbd/objects/rct2/scenery_small/rct2.scenery_small.tq2.json
rct2.scenery_small.tqf,rct2,rct2;rct1,scenery_small,0A188E81|TQF     |4C10299C,8,legacy identity metadata,objects/rct2/scenery_small/rct2.scenery_small.tqf.json,4c4a9d41a8249dcf6628257f4e52b362363235ec6cb55d82ee508ec8a3d0de20,https://github.com/OpenRCT2/objects/blob/978f596972c1163dc670d853dd6add4766f10dbd/objects/rct2/scenery_small/rct2.scenery_small.tqf.json
rct2.scenery_small.tr1,rct2,rct2;rct1,scenery_small,0A188E81|TR1     |0BAA2C9A,8,legacy identity metadata,objects/rct2/scenery_small/rct2.scenery_small.tr1.json,940e5ed98867a7d294a4fd8dff39cdceab18409410b55d777d35f2908176c9b8,https://github.com/OpenRCT2/objects/blob/978f596972c1163dc670d853dd6add4766f10dbd/objects/rct2/scenery_small/rct2.scenery_small.tr1.json
rct2.scenery_small.tr2,rct2,rct2;rct1,scenery_small,0A188E81|TR2     |E86DAFE7,8,legacy identity metadata,objects/rct2/scenery_small/rct2.scenery_small.tr2.json,e14e5939e48b7cd36a17ea4fdbde16e7b825470ad54d6abcd9c8bf176ec6b56f,https://github.com/OpenRCT2/objects/blob/978f596972c1163dc670d853dd6add4766f10dbd/objects/rct2/scenery_small/rct2.scenery_small.tr2.json
rct2.scenery_small.trc,rct2,rct2;rct1,scenery_small,0A188E81|TRC     |5B8CC893,8,legacy identity metadata,objects/rct2/scenery_small/rct2.scenery_small.trc.json,8c02f93e040e8d232ce7fdef74210b0e63e2b2843cb83bf068497c56de6746fb,https://github.com/OpenRCT2/objects/blob/978f596972c1163dc670d853dd6add4766f10dbd/objects/rct2/scenery_small/rct2.scenery_small.trc.json
rct2.scenery_small.trf,rct2,rct2;rct1,scenery_small,0A188E81|TRF     |131B8AA2,8,legacy identity metadata,objects/rct2/scenery_small/rct2.scenery_small.trf.json,7627dfab897dcfe3a1074487ff8a5c9f177bf837e23bdc0534651204ccef2231,https://github.com/OpenRCT2/objects/blob/978f596972c1163dc670d853dd6add4766f10dbd/objects/rct2/scenery_small/rct2.scenery_small.trf.json
rct2.scenery_small.trf2,rct2,rct2;rct1,scenery_small,0A188E81|TRF2    |23D3C13B,8,legacy identity metadata,objects/rct2/scenery_small/rct2.scenery_small.trf2.json,7065ecfb808c755e3ffbacf623a3a8bb4d7cda17a62c664837e824d9a1be4289,https://github.com/OpenRCT2/objects/blob/978f596972c1163dc670d853dd6add4766f10dbd/objects/rct2/scenery_small/rct2.scenery_small.trf2.json
rct2.scenery_small.trf3,rct2,rct2;rct1ll,scenery_small,0A188E81|TRF3    |DE93456F,8,legacy identity metadata,objects/rct2/scenery_small/rct2.scenery_small.trf3.json,6908ac3dc3cc40db90f80e35a3d41d807007eb0de956b50c53c6fa9dc5e9f983,https://github.com/OpenRCT2/objects/blob/978f596972c1163dc670d853dd6add4766f10dbd/objects/rct2/scenery_small/rct2.scenery_small.trf3.json
rct2.scenery_small.trfs,rct2,rct2;rct1ll,scenery_small,0A188E81|TRFS    |6D42D66E,8,legacy identity metadata,objects/rct2/scenery_small/rct2.scenery_small.trfs.json,781caaaf0441d4994ab6ca3b0c98481d55fe85867eae07f0078b16934a987209,https://github.com/OpenRCT2/objects/blob/978f596972c1163dc670d853dd6add4766f10dbd/objects/rct2/scenery_small/rct2.scenery_small.trfs.json
rct2.scenery_small.trms,rct2,rct2;rct1,scenery_small,0A188E81|TRMS    |C0521CF0,8,legacy identity metadata,objects/rct2/scenery_small/rct2.scenery_small.trms.json,6135b04c655fe9234e1eb6e10f8e0c7568bab93e75a3cf2e1e0da35902d99147,https://github.com/OpenRCT2/objects/blob/978f596972c1163dc670d853dd6add4766f10dbd/objects/rct2/scenery_small/rct2.scenery_small.trms.json
rct2.scenery_small.tropt1,rct2,rct2,scenery_small,0A188E81|TROPT1  |A63875FC,8,legacy identity metadata,objects/rct2/scenery_small/rct2.scenery_small.tropt1.json,e44ba37da991b07800fc2220b5d36aa47f774881a943a134fa02c9ca34f1e3e9,https://github.com/OpenRCT2/objects/blob/978f596972c1163dc670d853dd6add4766f10dbd/objects/rct2/scenery_small/rct2.scenery_small.tropt1.json
rct2.scenery_small.trws,rct2,rct2;rct1,scenery_small,0A188E81|TRWS    |46D5750E,8,legacy identity metadata,objects/rct2/scenery_small/rct2.scenery_small.trws.json,c0e66bf62c25797156dbe651ffb575b55e004886c5600d1a58a9a854b18da70d,https://github.com/OpenRCT2/objects/blob/978f596972c1163dc670d853dd6add4766f10dbd/objects/rct2/scenery_small/rct2.scenery_small.trws.json
rct2.scenery_small.ts0,rct2,rct2;rct1,scenery_small,0A188E81|TS0     |9C71F812,8,legacy identity metadata,objects/rct2/scenery_small/rct2.scenery_small.ts0.json,76b701bcd110563374b937b56eb7aa35dec74fa913a1f68b277ab3eab3301fda,https://github.com/OpenRCT2/objects/blob/978f596972c1163dc670d853dd6add4766f10dbd/objects/rct2/scenery_small/rct2.scenery_small.ts0.json
rct2.scenery_small.ts1,rct2,rct2;rct1,scenery_small,0A188E81|TS1     |99BEBD1B,8,legacy identity metadata,objects/rct2/scenery_small/rct2.scenery_small.ts1.json,97464e4afa5ee6133d63f65148a463b190b7434b4efc596d3746857da66618bb,https://github.com/OpenRCT2/objects/blob/978f596972c1163dc670d853dd6add4766f10dbd/objects/rct2/scenery_small/rct2.scenery_small.ts1.json
rct2.scenery_small.ts2,rct2,rct2;rct1,scenery_small,0A188E81|TS2     |3C1316A0,8,legacy identity metadata,objects/rct2/scenery_small/rct2.scenery_small.ts2.json,75ca626ba1eda4ba68bad78af499123ef5f7b9b699ca74ccb5d01f6ea7c2c1a3,https://github.com/OpenRCT2/objects/blob/978f596972c1163dc670d853dd6add4766f10dbd/objects/rct2/scenery_small/rct2.scenery_small.ts2.json
rct2.scenery_small.ts3,rct2,rct2;rct1,scenery_small,0A188E81|TS3     |41C09156,8,legacy identity metadata,objects/rct2/scenery_small/rct2.scenery_small.ts3.json,7fc635d44fdb148bed74d1eca11c96953a43728cde47bc9ef44478ec84695582,https://github.com/OpenRCT2/objects/blob/978f596972c1163dc670d853dd6add4766f10dbd/objects/rct2/scenery_small/rct2.scenery_small.ts3.json
rct2.scenery_small.ts4,rct2,rct2;rct1,scenery_small,0A188E81|TS4     |4E7C8DC7,8,legacy identity metadata,objects/rct2/scenery_small/rct2.scenery_small.ts4.json,c90218204ec4198bc142142a1d9d622a82026522ce6c2f5b55972a396aa969dc,https://github.com/OpenRCT2/objects/blob/978f596972c1163dc670d853dd6add4766f10dbd/objects/rct2/scenery_small/rct2.scenery_small.ts4.json
rct2.scenery_small.ts5,rct2,rct2;rct1,scenery_small,0A188E81|TS5     |151FAC4F,8,legacy identity metadata,objects/rct2/scenery_small/rct2.scenery_small.ts5.json,909430bd3194c5b0fb4e27b2f7326b54951ef9eb5a5cf526867ee8a1648eca0b,https://github.com/OpenRCT2/objects/blob/978f596972c1163dc670d853dd6add4766f10dbd/objects/rct2/scenery_small/rct2.scenery_small.ts5.json
rct2.scenery_small.ts6,rct2,rct2;rct1,scenery_small,0A188E81|TS6     |DA49FE5A,8,legacy identity metadata,objects/rct2/scenery_small/rct2.scenery_small.ts6.json,24d7cf59dd226aae82eb2b2ea090408d7cb1bf5a4a0b07b55bf8eec277400d33,https://github.com/OpenRCT2/objects/blob/978f596972c1163dc670d853dd6add4766f10dbd/objects/rct2/scenery_small/rct2.scenery_small.ts6.json
rct2.scenery_small.tsb,rct2,rct2;rct1,scenery_small,0A188E81|TSB     |DA1EC744,8,legacy identity metadata,objects/rct2/scenery_small/rct2.scenery_small.tsb.json,6e6621da277d3dde53060c3feb3295f72472566ebd4f158c1e0d3c3ec65dbdaf,https://github.com/OpenRCT2/objects/blob/978f596972c1163dc670d853dd6add4766f10dbd/objects/rct2/scenery_small/rct2.scenery_small.tsb.json
rct2.scenery_small.tsc,rct2,rct2;rct1,scenery_small,0A188E81|TSC     |7007B2D2,8,legacy identity metadata,objects/rct2/scenery_small/rct2.scenery_small.tsc.json,8eea1848763ecb3f540bd51362d7adb3022d53cc0c540f593a75e1b8d9b72176,https://github.com/OpenRCT2/objects/blob/978f596972c1163dc670d853dd6add4766f10dbd/objects/rct2/scenery_small/rct2.scenery_small.tsc.json
rct2.scenery_small.tsc2,rct2,rct2;rct1ll,scenery_small,0A188E81|TSC2    |6B5860C1,8,legacy identity metadata,objects/rct2/scenery_small/rct2.scenery_small.tsc2.json,f36a53923a203d4e766e6fd4ec1ddb4f9da137984f0a6b6feb5f7db8c9c7c085,https://github.com/OpenRCT2/objects/blob/978f596972c1163dc670d853dd6add4766f10dbd/objects/rct2/scenery_small/rct2.scenery_small.tsc2.json
rct2.scenery_small.tscp,rct2,rct2;rct1ll,scenery_small,0A188E81|TSCP    |21B97003,8,legacy identity metadata,objects/rct2/scenery_small/rct2.scenery_small.tscp.json,40a1e8a773f408d210bd15deca2d3ca96c76fc030441bdfee840d6c97d42e16d,https://github.com/OpenRCT2/objects/blob/978f596972c1163dc670d853dd6add4766f10dbd/objects/rct2/scenery_small/rct2.scenery_small.tscp.json
rct2.scenery_small.tsd,rct2,rct2;rct1,scenery_small,0A188E81|TSD     |A5E0076B,8,legacy identity metadata,objects/rct2/scenery_small/rct2.scenery_small.tsd.json,ba99a4a0e92dcf32b9a40845438f5a3faca5918dd372931eaa9fc00e0cc6c3af,https://github.com/OpenRCT2/objects/blob/978f596972c1163dc670d853dd6add4766f10dbd/objects/rct2/scenery_small/rct2.scenery_small.tsd.json
rct2.scenery_small.tsf1,rct2,rct2;rct1ll,scenery_small,0A188E81|TSF1    |DAEC49BE,8,legacy identity metadata,objects/rct2/scenery_small/rct2.scenery_small.tsf1.json,961c3bc37136f4edca78c67ffbbb29b32afca7933b782226688c0156c50dfa0d,https://github.com/OpenRCT2/objects/blob/978f596972c1163dc670d853dd6add4766f10dbd/objects/rct2/scenery_small/rct2.scenery_small.tsf1.json
rct2.scenery_small.tsf2,rct2,rct2;rct1ll,scenery_small,0A188E81|TSF2    |09DA5786,8,legacy identity metadata,objects/rct2/scenery_small/rct2.scenery_small.tsf2.json,6328ba41c3b53f4cfcd3de2584da870e60a277bfa4e16847e90e97631dc65bd1,https://github.com/OpenRCT2/objects/blob/978f596972c1163dc670d853dd6add4766f10dbd/objects/rct2/scenery_small/rct2.scenery_small.tsf2.json
rct2.scenery_small.tsf3,rct2,rct2;rct1ll,scenery_small,0A188E81|TSF3    |458328DF,8,legacy identity metadata,objects/rct2/scenery_small/rct2.scenery_small.tsf3.json,5aa9f240d638c1ff6873649e0ff74b83153186702ab4ed322da2e20ea0bfd49b,https://github.com/OpenRCT2/objects/blob/978f596972c1163dc670d853dd6add4766f10dbd/objects/rct2/scenery_small/rct2.scenery_small.tsf3.json
rct2.scenery_small.tsg,rct2,rct2;rct1ll,scenery_small,0A188E81|TSG     |DA15B1D7,8,legacy identity metadata,objects/rct2/scenery_small/rct2.scenery_small.tsg.json,c1c2cedd69d58a594d45fafc9734ba71ec09d189342e36bce1feda0cbefc3897,https://github.com/OpenRCT2/objects/blob/978f596972c1163dc670d853dd6add4766f10dbd/objects/rct2/scenery_small/rct2.scenery_small.tsg.json
rct2.scenery_small.tsh,rct2,rct2;rct1,scenery_small,0A188E81|TSH     |2FA50686,8,legacy identity metadata,objects/rct2/scenery_small/rct2.scenery_small.tsh.json,cb2a75159dc07358c21b244b14bbee682882f2db3e07f329202b11ffa2b5a184,https://github.com/OpenRCT2/objects/blob/978f596972c1163dc670d853dd6add4766f10dbd/objects/rct2/scenery_small/rct2.scenery_small.tsh.json
rct2.scenery_small.tsh0,rct2,rct2;rct1,scenery_small,0A188E81|TSH0    |C4F196B6,8,legacy identity metadata,objects/rct2/scenery_small/rct2.scenery_small.tsh0.json,9d05c1dd1efb3d11528849da73085276865186c187f0e1a48828294d1499f1a4,https://github.com/OpenRCT2/objects/blob/978f596972c1163dc670d853dd6add4766f10dbd/objects/rct2/scenery_small/rct2.scenery_small.tsh0.json
rct2.scenery_small.tsh1,rct2,rct2;rct1,scenery_small,0A188E81|TSH1    |24AFE246,8,legacy identity metadata,objects/rct2/scenery_small/rct2.scenery_small.tsh1.json,875faf678912ebcbbe0fbc6cc509cbc04070a859f756ba8bdbd15e481b7b43b1,https://github.com/OpenRCT2/objects/blob/978f596972c1163dc670d853dd6add4766f10dbd/objects/rct2/scenery_small/rct2.scenery_small.tsh1.json
rct2.scenery_small.tsh2,rct2,rct2;rct1,scenery_small,0A188E81|TSH2    |AAFD434F,8,legacy identity metadata,objects/rct2/scenery_small/rct2.scenery_small.tsh2.json,dfb606459517c17095491e3475fd587a4408611851f8fb19b7e85ad221b4aea7,https://github.com/OpenRCT2/objects/blob/978f596972c1163dc670d853dd6add4766f10dbd/objects/rct2/scenery_small/rct2.scenery_small.tsh2.json
rct2.scenery_small.tsh3,rct2,rct2;rct1,scenery_small,0A188E81|TSH3    |19E48E9F,8,legacy identity metadata,objects/rct2/scenery_small/rct2.scenery_small.tsh3.json,0750fcba37e9bb5c01be9fd8d6fcf8ef93aa1ed4fd14d2926b26d438e1160868,https://github.com/OpenRCT2/objects/blob/978f596972c1163dc670d853dd6add4766f10dbd/objects/rct2/scenery_small/rct2.scenery_small.tsh3.json
rct2.scenery_small.tsh4,rct2,rct2;rct1,scenery_small,0A188E81|TSH4    |D40D037A,8,legacy identity metadata,objects/rct2/scenery_small/rct2.scenery_small.tsh4.json,3977607015e1703009964fb4999327ec7ad6452b793c4ea2dda52150505959b7,https://github.com/OpenRCT2/objects/blob/978f596972c1163dc670d853dd6add4766f10dbd/objects/rct2/scenery_small/rct2.scenery_small.tsh4.json
rct2.scenery_small.tsh5,rct2,rct2;rct1,scenery_small,0A188E81|TSH5    |483B3D87,8,legacy identity metadata,objects/rct2/scenery_small/rct2.scenery_small.tsh5.json,f85a9e40d4a3dc8533a393619ef13f32fee154df54891aee6ed2f022e487c4b5,https://github.com/OpenRCT2/objects/blob/978f596972c1163dc670d853dd6add4766f10dbd/objects/rct2/scenery_small/rct2.scenery_small.tsh5.json
rct2.scenery_small.tsk,rct2,rct2;rct1ll,scenery_small,0A188F81|TSK     |748BAFAA,8,legacy identity metadata,objects/rct2/scenery_small/rct2.scenery_small.tsk.json,6ae250d9bb4e1d6adc9d64aded17b0d1fc6363455ab349d37628680e055fe976,https://github.com/OpenRCT2/objects/blob/978f596972c1163dc670d853dd6add4766f10dbd/objects/rct2/scenery_small/rct2.scenery_small.tsk.json
rct2.scenery_small.tsm,rct2,rct2;rct1ll,scenery_small,0A188F81|TSM     |43DD2192,8,legacy identity metadata,objects/rct2/scenery_small/rct2.scenery_small.tsm.json,4c2b4687d62dcd446c8d3f1bbf48085eb3797c6bcc209430a0f7db3db99782ca,https://github.com/OpenRCT2/objects/blob/978f596972c1163dc670d853dd6add4766f10dbd/objects/rct2/scenery_small/rct2.scenery_small.tsm.json
rct2.scenery_small.tsmp,rct2,rct2;rct1ll,scenery_small,0A188F81|TSMP    |DA20C586,8,legacy identity metadata,objects/rct2/scenery_small/rct2.scenery_small.tsmp.json,b1b84136ec310eac2cfaf3bf451ece684738f5df40aad3c53f5b60b62b09dec0,https://github.com/OpenRCT2/objects/blob/978f596972c1163dc670d853dd6add4766f10dbd/objects/rct2/scenery_small/rct2.scenery_small.tsmp.json
rct2.scenery_small.tsnb,rct2,rct2;rct1ll,scenery_small,0A188F81|TSNB    |E7B50A25,8,legacy identity metadata,objects/rct2/scenery_small/rct2.scenery_small.tsnb.json,d3fb960cab2a30445a497a32356d8d76bc074c618b7f10c3009e1b27f39aade7,https://github.com/OpenRCT2/objects/blob/978f596972c1163dc670d853dd6add4766f10dbd/objects/rct2/scenery_small/rct2.scenery_small.tsnb.json
rct2.scenery_small.tsnc,rct2,rct2;rct1ll,scenery_small,0A188F81|TSNC    |030D3FA4,8,legacy identity metadata,objects/rct2/scenery_small/rct2.scenery_small.tsnc.json,5d0dbde2b716579bdb5dd0ff69281a83aa43afa089ff1262a023e4592a694f67,https://github.com/OpenRCT2/objects/blob/978f596972c1163dc670d853dd6add4766f10dbd/objects/rct2/scenery_small/rct2.scenery_small.tsnc.json
rct2.scenery_small.tsp,rct2,rct2;rct1,scenery_small,0A188F81|TSP     |DC469571,8,legacy identity metadata,objects/rct2/scenery_small/rct2.scenery_small.tsp.json,012a2a0dd218185ff2c1c9942af13bf8fb17fde9f2a975952110d16f0d82c0be,https://github.com/OpenRCT2/objects/blob/978f596972c1163dc670d853dd6add4766f10dbd/objects/rct2/scenery_small/rct2.scenery_small.tsp.json
rct2.scenery_small.tsp1,rct2,rct2;rct1ll,scenery_small,0A188F81|TSP1    |076FBECA,8,legacy identity metadata,objects/rct2/scenery_small/rct2.scenery_small.tsp1.json,d3a90b27ba87db9caaf11cd4292a395c2ebee4426c80594e725af55e28826cb6,https://github.com/OpenRCT2/objects/blob/978f596972c1163dc670d853dd6add4766f10dbd/objects/rct2/scenery_small/rct2.scenery_small.tsp1.json
rct2.scenery_small.tsp2,rct2,rct2;rct1ll,scenery_small,0A188F81|TSP2    |B4B1A204,8,legacy identity metadata,objects/rct2/scenery_small/rct2.scenery_small.tsp2.json,69b6710e270144ea3fd009dad0aaf029703732b123922afaf38172ec9e9cb074,https://github.com/OpenRCT2/objects/blob/978f596972c1163dc670d853dd6add4766f10dbd/objects/rct2/scenery_small/rct2.scenery_small.tsp2.json
rct2.scenery_small.tsph,rct2,rct2;rct1ll,scenery_small,0A188F81|TSPH    |A36E1476,8,legacy identity metadata,objects/rct2/scenery_small/rct2.scenery_small.tsph.json,0160bf8f613ad3f253f87377fdbedd0d16636911f73e73058d1ce57d2d8088bc,https://github.com/OpenRCT2/objects/blob/978f596972c1163dc670d853dd6add4766f10dbd/objects/rct2/scenery_small/rct2.scenery_small.tsph.json
rct2.scenery_small.tsq,rct2,rct2;rct1,scenery_small,0A188F81|TSQ     |58563469,8,legacy identity metadata,objects/rct2/scenery_small/rct2.scenery_small.tsq.json,f336a5c93df089a4bc96217c10ac43f98b701ce94759801190502e759740ca39,https://github.com/OpenRCT2/objects/blob/978f596972c1163dc670d853dd6add4766f10dbd/objects/rct2/scenery_small/rct2.scenery_small.tsq.json
rct2.scenery_small.tst1,rct2,rct2;rct1,scenery_small,0A188F81|TST1    |77EC0E5C,8,legacy identity metadata,objects/rct2/scenery_small/rct2.scenery_small.tst1.json,a94c2120e1eab63bf481d10b1e106f362d0532452a176d03117cd7f045749108,https://github.com/OpenRCT2/objects/blob/978f596972c1163dc670d853dd6add4766f10dbd/objects/rct2/scenery_small/rct2.scenery_small.tst1.json
rct2.scenery_small.tst2,rct2,rct2;rct1,scenery_small,0A188F81|TST2    |5EB74FDD,8,legacy identity metadata,objects/rct2/scenery_small/rct2.scenery_small.tst2.json,791c8db5496e11ec216050a8d41158fc586d909d47b215dd91a9a1529b58adf2,https://github.com/OpenRCT2/objects/blob/978f596972c1163dc670d853dd6add4766f10dbd/objects/rct2/scenery_small/rct2.scenery_small.tst2.json
rct2.scenery_small.tst3,rct2,rct2;rct1,scenery_small,0A188F81|TST3    |1D5FCCBE,8,legacy identity metadata,objects/rct2/scenery_small/rct2.scenery_small.tst3.json,25440c08e8c14647475d05bd0652de3c0c2c267f9ae68bcfeba930e38bac63b9,https://github.com/OpenRCT2/objects/blob/978f596972c1163dc670d853dd6add4766f10dbd/objects/rct2/scenery_small/rct2.scenery_small.tst3.json
rct2.scenery_small.tst4,rct2,rct2;rct1,scenery_small,0A188F81|TST4    |352FD00E,8,legacy identity metadata,objects/rct2/scenery_small/rct2.scenery_small.tst4.json,6d2675402140707803b0f92044962dc0ad4681c4ddf2a0ba259ebf03fc6c1be3,https://github.com/OpenRCT2/objects/blob/978f596972c1163dc670d853dd6add4766f10dbd/objects/rct2/scenery_small/rct2.scenery_small.tst4.json
rct2.scenery_small.tst5,rct2,rct2;rct1,scenery_small,0A188F81|TST5    |B4739CB0,8,legacy identity metadata,objects/rct2/scenery_small/rct2.scenery_small.tst5.json,aa5ee1fee8b47d7ce367782e8b0e8ca7438c6f266a07441e44a3307deac6892f,https://github.com/OpenRCT2/objects/blob/978f596972c1163dc670d853dd6add4766f10dbd/objects/rct2/scenery_small/rct2.scenery_small.tst5.json
rct2.scenery_small.tstd,rct2,rct2;rct1,scenery_small,0A188F81|TSTD    |045F3DF2,8,legacy identity metadata,objects/rct2/scenery_small/rct2.scenery_small.tstd.json,f24da002c52ebc1f767ebab615aba3022bedfbccfb3587719fc20e1eb4c618ff,https://github.com/OpenRCT2/objects/blob/978f596972c1163dc670d853dd6add4766f10dbd/objects/rct2/scenery_small/rct2.scenery_small.tstd.json
rct2.scenery_small.tt1,rct2,rct2;rct1,scenery_small,0A188F81|TT1     |3E3119F0,8,legacy identity metadata,objects/rct2/scenery_small/rct2.scenery_small.tt1.json,30273d4dd6f408cb1cce4f41cb29173b1384ef5aa8613aa24d4661de9661fd22,https://github.com/OpenRCT2/objects/blob/978f596972c1163dc670d853dd6add4766f10dbd/objects/rct2/scenery_small/rct2.scenery_small.tt1.json
rct2.scenery_small.ttf,rct2,rct2;rct1,scenery_small,0A188F81|TTF     |5B6F3E9F,8,legacy identity metadata,objects/rct2/scenery_small/rct2.scenery_small.ttf.json,0046fedf0d38af799be9a4ee89a089ea6c03a9c9458e7c34414847d53dfa1f42,https://github.com/OpenRCT2/objects/blob/978f596972c1163dc670d853dd6add4766f10dbd/objects/rct2/scenery_small/rct2.scenery_small.ttf.json
rct2.scenery_small.ttg,rct2,rct2;rct1ll,scenery_small,0A188F81|TTG     |798F1CAE,8,legacy identity metadata,objects/rct2/scenery_small/rct2.scenery_small.ttg.json,5bd93f0633a0371e8b55d73af8fc86b6bddca4ec5e8ef15da36e5bb5a112a435,https://github.com/OpenRCT2/objects/blob/978f596972c1163dc670d853dd6add4766f10dbd/objects/rct2/scenery_small/rct2.scenery_small.ttg.json
rct2.scenery_small.tus,rct2,rct2;rct1,scenery_small,0A188F81|TUS     |AAD01F5C,8,legacy identity metadata,objects/rct2/scenery_small/rct2.scenery_small.tus.json,bb5448b7527df86b6a3736d6cd8aaa0d89e676fd0abe30a76b9438c164bb0b5d,https://github.com/OpenRCT2/objects/blob/978f596972c1163dc670d853dd6add4766f10dbd/objects/rct2/scenery_small/rct2.scenery_small.tus.json
rct2.scenery_small.tvl,rct2,rct2;rct1,scenery_small,0A188F81|TVL     |205462AF,8,legacy identity metadata,objects/rct2/scenery_small/rct2.scenery_small.tvl.json,0bd4613d950920913ae112babb003039eff18ec1093956443c3b321c4e9d1642,https://github.com/OpenRCT2/objects/blob/978f596972c1163dc670d853dd6add4766f10dbd/objects/rct2/scenery_small/rct2.scenery_small.tvl.json
rct2.scenery_small.twf,rct2,rct2;rct1,scenery_small,0A188F81|TWF     |9ADDF494,8,legacy identity metadata,objects/rct2/scenery_small/rct2.scenery_small.twf.json,a2963071615e40440206fe65970271d5cb0a32301fd330c4907210b40c4bda05,https://github.com/OpenRCT2/objects/blob/978f596972c1163dc670d853dd6add4766f10dbd/objects/rct2/scenery_small/rct2.scenery_small.twf.json
rct2.scenery_small.twh1,rct2,rct2;rct1,scenery_small,0A188F81|TWH1    |73AA4CC1,8,legacy identity metadata,objects/rct2/scenery_small/rct2.scenery_small.twh1.json,d1cba9f7f956b39df82670b364540bc708151d7936cb97eeef60244de4c277e5,https://github.com/OpenRCT2/objects/blob/978f596972c1163dc670d853dd6add4766f10dbd/objects/rct2/scenery_small/rct2.scenery_small.twh1.json
rct2.scenery_small.twh2,rct2,rct2;rct1,scenery_small,0A188F81|TWH2    |C779E5E9,8,legacy identity metadata,objects/rct2/scenery_small/rct2.scenery_small.twh2.json,82f1ccef6e6ea80952b964c7cb7c10426f5771c709e7323bb722dfc2dad26fe3,https://github.com/OpenRCT2/objects/blob/978f596972c1163dc670d853dd6add4766f10dbd/objects/rct2/scenery_small/rct2.scenery_small.twh2.json
rct2.scenery_small.twn,rct2,rct2;rct1,scenery_small,0A188F81|TWN     |2F72F539,8,legacy identity metadata,objects/rct2/scenery_small/rct2.scenery_small.twn.json,6aa90f74c9dfc1ede2794e455b92e67d8f07845d2c730734db45cfd90b9e4961,https://github.com/OpenRCT2/objects/blob/978f596972c1163dc670d853dd6add4766f10dbd/objects/rct2/scenery_small/rct2.scenery_small.twn.json
rct2.scenery_small.twp,rct2,rct2;rct1,scenery_small,0A188F81|TWP     |A6ED42E9,8,legacy identity metadata,objects/rct2/scenery_small/rct2.scenery_small.twp.json,2fa9eac9dd06fe7d398b8024da5aaed190c70b66e4124ff58fbce22a699449c3,https://github.com/OpenRCT2/objects/blob/978f596972c1163dc670d853dd6add4766f10dbd/objects/rct2/scenery_small/rct2.scenery_small.twp.json
rct2.scenery_small.tww,rct2,rct2;rct1,scenery_small,0A188F81|TWW     |96B22788,8,legacy identity metadata,objects/rct2/scenery_small/rct2.scenery_small.tww.json,cb8a14d02701b51e2c8fba35aa6942a5f1b644d21fa3941cc40160985a39810e,https://github.com/OpenRCT2/objects/blob/978f596972c1163dc670d853dd6add4766f10dbd/objects/rct2/scenery_small/rct2.scenery_small.tww.json
rct2.scenery_small.wag1,rct2,rct2,scenery_small,0A188F81|WAG1    |0338E962,8,legacy identity metadata,objects/rct2/scenery_small/rct2.scenery_small.wag1.json,e1ac8697c69fc4d1d316c712bbc5bf514e58de7f2d6d3abc1e8eeb8970083ea2,https://github.com/OpenRCT2/objects/blob/978f596972c1163dc670d853dd6add4766f10dbd/objects/rct2/scenery_small/rct2.scenery_small.wag1.json
rct2.scenery_small.wag2,rct2,rct2,scenery_small,0A188F81|WAG2    |B20D6AFE,8,legacy identity metadata,objects/rct2/scenery_small/rct2.scenery_small.wag2.json,f8384cb087c41f6bc9f291a720ea1ae3e1a0a461e209b6186711da88e23d7e58,https://github.com/OpenRCT2/objects/blob/978f596972c1163dc670d853dd6add4766f10dbd/objects/rct2/scenery_small/rct2.scenery_small.wag2.json
rct2.scenery_small.wasp,rct2,rct2,scenery_small,0A188F81|WASP    |3DF99AB3,8,legacy identity metadata,objects/rct2/scenery_small/rct2.scenery_small.wasp.json,359e7c88eb5c30046f3108bf2af9cf904ca866a4563915e1008523bd75aea0a3,https://github.com/OpenRCT2/objects/blob/978f596972c1163dc670d853dd6add4766f10dbd/objects/rct2/scenery_small/rct2.scenery_small.wasp.json
rct2.scenery_small.wdbase,rct2,rct2,scenery_small,0A188F81|WDBASE  |C7C2A874,8,legacy identity metadata,objects/rct2/scenery_small/rct2.scenery_small.wdbase.json,fbc22e0e9f6a2f396e0519a6f8a509c4cb21c9a02e96586b63177f9e37436d64,https://github.com/OpenRCT2/objects/blob/978f596972c1163dc670d853dd6add4766f10dbd/objects/rct2/scenery_small/rct2.scenery_small.wdbase.json
rct2.scenery_small.wdiag,rct2,rct2,scenery_small,0A188F81|WDIAG   |61659473,8,legacy identity metadata,objects/rct2/scenery_small/rct2.scenery_small.wdiag.json,b513f72d55c937365890fdfc3aef1e0be74292fbb2e249787f19307be38a5d1b,https://github.com/OpenRCT2/objects/blob/978f596972c1163dc670d853dd6add4766f10dbd/objects/rct2/scenery_small/rct2.scenery_small.wdiag.json
rct2.scenery_small.whoriz,rct2,rct2,scenery_small,0A188F81|WHORIZ  |8EB1913D,8,legacy identity metadata,objects/rct2/scenery_small/rct2.scenery_small.whoriz.json,0a1928c788368c7a84009f9ee6892edb7d2eb87c0c5ea74ad09d27b4da9761b2,https://github.com/OpenRCT2/objects/blob/978f596972c1163dc670d853dd6add4766f10dbd/objects/rct2/scenery_small/rct2.scenery_small.whoriz.json
rct2.scenery_small.wspout,rct2,rct2,scenery_small,0A188F81|WSPOUT  |8B6F5DFB,8,legacy identity metadata,objects/rct2/scenery_small/rct2.scenery_small.wspout.json,9929372fed335ca466f78e79e7d0ae5ad61adfcfdc58a4c492a5de10edccdcd3,https://github.com/OpenRCT2/objects/blob/978f596972c1163dc670d853dd6add4766f10dbd/objects/rct2/scenery_small/rct2.scenery_small.wspout.json
rct2.scenery_wall.wallbadm,rct2,rct2,scenery_wall,0A188F83|WALLBADM|6623F4AE,8,legacy identity metadata,objects/rct2/scenery_wall/rct2.scenery_wall.wallbadm.json,ae2854e70b4f21e040595fac11f851154f7f607c6df486f62671d8c9a779a24d,https://github.com/OpenRCT2/objects/blob/978f596972c1163dc670d853dd6add4766f10dbd/objects/rct2/scenery_wall/rct2.scenery_wall.wallbadm.json
rct2.scenery_wall.wallbb16,rct2,rct2,scenery_wall,0A188F83|WALLBB16|36489750,8,legacy identity metadata,objects/rct2/scenery_wall/rct2.scenery_wall.wallbb16/object.json,609486f770facd276e96b4fe456872bead7f72020b89db525cf61c3f98e56122,https://github.com/OpenRCT2/objects/blob/978f596972c1163dc670d853dd6add4766f10dbd/objects/rct2/scenery_wall/rct2.scenery_wall.wallbb16/object.json
rct2.scenery_wall.wallbb32,rct2,rct2,scenery_wall,0A188F83|WALLBB32|C3263A29,8,legacy identity metadata,objects/rct2/scenery_wall/rct2.scenery_wall.wallbb32/object.json,bfaafb9a22c27f79674e6369a993f2085aeb95974c2f72d42c0a7f2eade66e7b,https://github.com/OpenRCT2/objects/blob/978f596972c1163dc670d853dd6add4766f10dbd/objects/rct2/scenery_wall/rct2.scenery_wall.wallbb32/object.json
rct2.scenery_wall.wallbb33,rct2,rct2,scenery_wall,0A188F83|WALLBB33|FEDDB829,8,legacy identity metadata,objects/rct2/scenery_wall/rct2.scenery_wall.wallbb33.json,55271df094e81a4b4d94c40ddebb846aab97c3bd540ae36b1363961ac2b33c98,https://github.com/OpenRCT2/objects/blob/978f596972c1163dc670d853dd6add4766f10dbd/objects/rct2/scenery_wall/rct2.scenery_wall.wallbb33.json
rct2.scenery_wall.wallbb34,rct2,rct2,scenery_wall,0A188F83|WALLBB34|37E35643,8,legacy identity metadata,objects/rct2/scenery_wall/rct2.scenery_wall.wallbb34.json,65128d8dc6e36f7f5ad0e69d601938aaac5c387c7a1ddfadeb4ec81381b2780d,https://github.com/OpenRCT2/objects/blob/978f596972c1163dc670d853dd6add4766f10dbd/objects/rct2/scenery_wall/rct2.scenery_wall.wallbb34.json
rct2.scenery_wall.wallbb8,rct2,rct2,scenery_wall,0A188F83|WALLBB8 |931CD127,8,legacy identity metadata,objects/rct2/scenery_wall/rct2.scenery_wall.wallbb8/object.json,81f856a2b1471fb109fbbbe6d8c5e83b52a964028822b7845b54a81a336bb56f,https://github.com/OpenRCT2/objects/blob/978f596972c1163dc670d853dd6add4766f10dbd/objects/rct2/scenery_wall/rct2.scenery_wall.wallbb8/object.json
rct2.scenery_wall.wallbr16,rct2,rct2,scenery_wall,0A188F83|WALLBR16|032D2B9E,8,legacy identity metadata,objects/rct2/scenery_wall/rct2.scenery_wall.wallbr16/object.json,f12fdbbc493d1b375c95b9e8c9ad92e5bcafda934abb218fc567053e90acb0da,https://github.com/OpenRCT2/objects/blob/978f596972c1163dc670d853dd6add4766f10dbd/objects/rct2/scenery_wall/rct2.scenery_wall.wallbr16/object.json
rct2.scenery_wall.wallbr32,rct2,rct2,scenery_wall,0A188F83|WALLBR32|06D302F6,8,legacy identity metadata,objects/rct2/scenery_wall/rct2.scenery_wall.wallbr32/object.json,5877128d54d8dabf9605f8be5cd9b8d432e50e1b1d9c3265b7e2476a680c47bb,https://github.com/OpenRCT2/objects/blob/978f596972c1163dc670d853dd6add4766f10dbd/objects/rct2/scenery_wall/rct2.scenery_wall.wallbr32/object.json
rct2.scenery_wall.wallbr8,rct2,rct2,scenery_wall,0A188F83|WALLBR8 |62297B83,8,legacy identity metadata,objects/rct2/scenery_wall/rct2.scenery_wall.wallbr8/object.json,e5c04649e0e5923577fbd479c55cf9947d5079b6f6b07f732c80ee9806ef4465,https://github.com/OpenRCT2/objects/blob/978f596972c1163dc670d853dd6add4766f10dbd/objects/rct2/scenery_wall/rct2.scenery_wall.wallbr8/object.json
rct2.scenery_wall.wallbrdr,rct2,rct2,scenery_wall,0A188F83|WALLBRDR|5075A44F,8,legacy identity metadata,objects/rct2/scenery_wall/rct2.scenery_wall.wallbrdr.json,df7361a87b21dad23b05a5b7a463a306dcd3ed7c123ec9fe53519e9d6b401555,https://github.com/OpenRCT2/objects/blob/978f596972c1163dc670d853dd6add4766f10dbd/objects/rct2/scenery_wall/rct2.scenery_wall.wallbrdr.json
rct2.scenery_wall.wallbrwn,rct2,rct2,scenery_wall,0A188F83|WALLBRWN|FA72CFD1,8,legacy identity metadata,objects/rct2/scenery_wall/rct2.scenery_wall.wallbrwn.json,97c747d2e4ebfe159203c520a81c8a4fdcf15cc33c2ff75fca4691361e6133e5,https://github.com/OpenRCT2/objects/blob/978f596972c1163dc670d853dd6add4766f10dbd/objects/rct2/scenery_wall/rct2.scenery_wall.wallbrwn.json
rct2.scenery_wall.wallcb16,rct2,rct2,scenery_wall,0A188F83|WALLCB16|1F74AF04,8,legacy identity metadata,objects/rct2/scenery_wall/rct2.scenery_wall.wallcb16/object.json,41a8cbcd3a8cf8950ed0b492f8f816603c4ddaf1e8a2eba2e29d8413513bb22e,https://github.com/OpenRCT2/objects/blob/978f596972c1163dc670d853dd6add4766f10dbd/objects/rct2/scenery_wall/rct2.scenery_wall.wallcb16/object.json
rct2.scenery_wall.wallcb32,rct2,rct2,scenery_wall,0A188F83|WALLCB32|A0DA7D6C,8,legacy identity metadata,objects/rct2/scenery_wall/rct2.scenery_wall.wallcb32/object.json,a3c4bacce7bd65facf0c86e8f1bd03a27c1ca29a2ff0753ccedf98d2b91df0c8,https://github.com/OpenRCT2/objects/blob/978f596972c1163dc670d853dd6add4766f10dbd/objects/rct2/scenery_wall/rct2.scenery_wall.wallcb32/object.json
rct2.scenery_wall.wallcb8,rct2,rct2,scenery_wall,0A188F83|WALLCB8 |A2F48548,8,legacy identity metadata,objects/rct2/scenery_wall/rct2.scenery_wall.wallcb8/object.json,c0e12b46574935a2aaedf390d3b84037ca6ae491a48576d7edf6dd5ae70c4a9f,https://github.com/OpenRCT2/objects/blob/978f596972c1163dc670d853dd6add4766f10dbd/objects/rct2/scenery_wall/rct2.scenery_wall.wallcb8/object.json
rct2.scenery_wall.wallcbdr,rct2,rct2,scenery_wall,0A188F83|WALLCBDR|F80EC8AB,8,legacy identity metadata,objects/rct2/scenery_wall/rct2.scenery_wall.wallcbdr.json,a44331cb373ca10ffa5e6ec94f9fc807c494267f1940a3d04c873f598d88313a,https://github.com/OpenRCT2/objects/blob/978f596972c1163dc670d853dd6add4766f10dbd/objects/rct2/scenery_wall/rct2.scenery_wall.wallcbdr.json
rct2.scenery_wall.wallcbpc,rct2,rct2,scenery_wall,0A188F83|WALLCBPC|98C6D52C,8,legacy identity metadata,objects/rct2/scenery_wall/rct2.scenery_wall.wallcbpc.json,98cb0358fb0d1367b76ca1b1db3acbb2c7458469a760e068e38d0077af1554d9,https://github.com/OpenRCT2/objects/blob/978f596972c1163dc670d853dd6add4766f10dbd/objects/rct2/scenery_wall/rct2.scenery_wall.wallcbpc.json
rct2.scenery_wall.wallcbwn,rct2,rct2,scenery_wall,0A188F83|WALLCBWN|1026EE04,8,legacy identity metadata,objects/rct2/scenery_wall/rct2.scenery_wall.wallcbwn.json,e74103308547b7c39ce8b38ac4550c201690c9eced5023873f839392da49ef36,https://github.com/OpenRCT2/objects/blob/978f596972c1163dc670d853dd6add4766f10dbd/objects/rct2/scenery_wall/rct2.scenery_wall.wallcbwn.json
rct2.scenery_wall.wallcf16,rct2,rct2,scenery_wall,0A188F83|WALLCF16|AA31A4D5,8,legacy identity metadata,objects/rct2/scenery_wall/rct2.scenery_wall.wallcf16/object.json,d84d46e78cf4c7146999fcc65a2325179d23fa3366a0e911184048ada3feb0fe,https://github.com/OpenRCT2/objects/blob/978f596972c1163dc670d853dd6add4766f10dbd/objects/rct2/scenery_wall/rct2.scenery_wall.wallcf16/object.json
rct2.scenery_wall.wallcf32,rct2,rct2,scenery_wall,0A188F83|WALLCF32|6C86C234,8,legacy identity metadata,objects/rct2/scenery_wall/rct2.scenery_wall.wallcf32/object.json,0e053ba6f802ad15665857d8324af529286432d78b355374bb8ce12921366636,https://github.com/OpenRCT2/objects/blob/978f596972c1163dc670d853dd6add4766f10dbd/objects/rct2/scenery_wall/rct2.scenery_wall.wallcf32/object.json
rct2.scenery_wall.wallcf8,rct2,rct2,scenery_wall,0A188F83|WALLCF8 |0CF7C95A,8,legacy identity metadata,objects/rct2/scenery_wall/rct2.scenery_wall.wallcf8/object.json,899f1aaa132f7a7a48fe445bd01f978faa44c27ae8edcc4ff00b8e29c2eed589,https://github.com/OpenRCT2/objects/blob/978f596972c1163dc670d853dd6add4766f10dbd/objects/rct2/scenery_wall/rct2.scenery_wall.wallcf8/object.json
rct2.scenery_wall.wallcfar,rct2,rct2,scenery_wall,0A188F83|WALLCFAR|02A53FF1,8,legacy identity metadata,objects/rct2/scenery_wall/rct2.scenery_wall.wallcfar.json,76ebc782b04305e403c07d66802bd2a0607a578d3fad979792ccb26d48dc3f6f,https://github.com/OpenRCT2/objects/blob/978f596972c1163dc670d853dd6add4766f10dbd/objects/rct2/scenery_wall/rct2.scenery_wall.wallcfar.json
rct2.scenery_wall.wallcfdr,rct2,rct2,scenery_wall,0A188F83|WALLCFDR|6BF8363B,8,legacy identity metadata,objects/rct2/scenery_wall/rct2.scenery_wall.wallcfdr.json,09d53033cca12ad0b44e27d48c135dd6d785109cde2ed81e8c0093dddd56f78b,https://github.com/OpenRCT2/objects/blob/978f596972c1163dc670d853dd6add4766f10dbd/objects/rct2/scenery_wall/rct2.scenery_wall.wallcfdr.json
rct2.scenery_wall.wallcfpc,rct2,rct2,scenery_wall,0A188F83|WALLCFPC|C005DDC5,8,legacy identity metadata,objects/rct2/scenery_wall/rct2.scenery_wall.wallcfpc.json,e9ef330f9a5e06036ce051ed4b4b734d967b03b8f9d120f0106e216dcc710848,https://github.com/OpenRCT2/objects/blob/978f596972c1163dc670d853dd6add4766f10dbd/objects/rct2/scenery_wall/rct2.scenery_wall.wallcfpc.json
rct2.scenery_wall.wallcfwn,rct2,rct2,scenery_wall,0A188F83|WALLCFWN|15ADAAD9,8,legacy identity metadata,objects/rct2/scenery_wall/rct2.scenery_wall.wallcfwn.json,29bc9b57360a13b3ca6dd736d0c2eb9dcf54f6bb1f6ed6582420fcc8d83b0fbb,https://github.com/OpenRCT2/objects/blob/978f596972c1163dc670d853dd6add4766f10dbd/objects/rct2/scenery_wall/rct2.scenery_wall.wallcfwn.json
rct2.scenery_wall.wallco16,rct2,rct2,scenery_wall,0A188F83|WALLCO16|DDA31F29,8,legacy identity metadata,objects/rct2/scenery_wall/rct2.scenery_wall.wallco16.json,0e42bd2eeba50873bdd244c9c605f09d2b4e32278300e85b25bd55fb2b4b9b4b,https://github.com/OpenRCT2/objects/blob/978f596972c1163dc670d853dd6add4766f10dbd/objects/rct2/scenery_wall/rct2.scenery_wall.wallco16.json
rct2.scenery_wall.wallcw32,rct2,rct2,scenery_wall,0A188F83|WALLCW32|291A3078,8,legacy identity metadata,objects/rct2/scenery_wall/rct2.scenery_wall.wallcw32.json,a1589aba1424fc46cebb3fc61d68ace7a6c36f4ceeb4e10c6c4eb21d1404fda4,https://github.com/OpenRCT2/objects/blob/978f596972c1163dc670d853dd6add4766f10dbd/objects/rct2/scenery_wall/rct2.scenery_wall.wallcw32.json
rct2.scenery_wall.wallcx32,rct2,rct2,scenery_wall,0A188F83|WALLCX32|DDCD565C,8,legacy identity metadata,objects/rct2/scenery_wall/rct2.scenery_wall.wallcx32.json,f6e959acfd9b5d775506d4eead5f2d199f14df6dc9c450027063ce49ec504c4f,https://github.com/OpenRCT2/objects/blob/978f596972c1163dc670d853dd6add4766f10dbd/objects/rct2/scenery_wall/rct2.scenery_wall.wallcx32.json
rct2.scenery_wall.wallcy32,rct2,rct2,scenery_wall,0A188F83|WALLCY32|F937396C,8,legacy identity metadata,objects/rct2/scenery_wall/rct2.scenery_wall.wallcy32.json,4d5ea499d5cecc655a2cdc4f0f716d8b23e36f57c8dc91fb88f4ec6550dc0562,https://github.com/OpenRCT2/objects/blob/978f596972c1163dc670d853dd6add4766f10dbd/objects/rct2/scenery_wall/rct2.scenery_wall.wallcy32.json
rct2.scenery_wall.wallcz32,rct2,rct2,scenery_wall,0A188F83|WALLCZ32|1A95D0E2,8,legacy identity metadata,objects/rct2/scenery_wall/rct2.scenery_wall.wallcz32.json,de114a48ed946e6a8cfac8215e88dc8b5ea520013b83c8c3d866e96921474cb1,https://github.com/OpenRCT2/objects/blob/978f596972c1163dc670d853dd6add4766f10dbd/objects/rct2/scenery_wall/rct2.scenery_wall.wallcz32.json
rct2.scenery_wall.wallgl16,rct2,rct2;rct1aa,scenery_wall,0A188F83|WALLGL16|9384A2A8,8,legacy identity metadata,objects/rct2/scenery_wall/rct2.scenery_wall.wallgl16.json,6bfb7b5178069bf3b64782f407d4497ac184092d357525928014bed91f19156e,https://github.com/OpenRCT2/objects/blob/978f596972c1163dc670d853dd6add4766f10dbd/objects/rct2/scenery_wall/rct2.scenery_wall.wallgl16.json
rct2.scenery_wall.wallgl32,rct2,rct2,scenery_wall,0A188F83|WALLGL32|872881D9,8,legacy identity metadata,objects/rct2/scenery_wall/rct2.scenery_wall.wallgl32.json,7cf07121bdaeecf53cd3eac61e3fa27c41a951a25b39579b8dfb7d203cc3fa5b,https://github.com/OpenRCT2/objects/blob/978f596972c1163dc670d853dd6add4766f10dbd/objects/rct2/scenery_wall/rct2.scenery_wall.wallgl32.json
rct2.scenery_wall.wallgl8,rct2,rct2,scenery_wall,0A188083|WALLGL8 |30B90E48,8,legacy identity metadata,objects/rct2/scenery_wall/rct2.scenery_wall.wallgl8.json,e67459f4f9f592ee89ad573115093ffcd1c68cb19a03ae7fc34ee933b04a168c,https://github.com/OpenRCT2/objects/blob/978f596972c1163dc670d853dd6add4766f10dbd/objects/rct2/scenery_wall/rct2.scenery_wall.wallgl8.json
rct2.scenery_wall.wallig16,rct2,rct2,scenery_wall,0A188083|WALLIG16|4F5D1974,8,legacy identity metadata,objects/rct2/scenery_wall/rct2.scenery_wall.wallig16/object.json,6a6f3cb83382ecd27a97588aca72c29229acdfbfdd5847309705f3e989dd513c,https://github.com/OpenRCT2/objects/blob/978f596972c1163dc670d853dd6add4766f10dbd/objects/rct2/scenery_wall/rct2.scenery_wall.wallig16/object.json
rct2.scenery_wall.wallig24,rct2,rct2,scenery_wall,0A188083|WALLIG24|FFA037CA,8,legacy identity metadata,objects/rct2/scenery_wall/rct2.scenery_wall.wallig24.json,22b12fd88728dd7f78ca64be60c51ec3f3625d003b7745cffdf83d53e5fb63a8,https://github.com/OpenRCT2/objects/blob/978f596972c1163dc670d853dd6add4766f10dbd/objects/rct2/scenery_wall/rct2.scenery_wall.wallig24.json
rct2.scenery_wall.walljb16,rct2,rct2,scenery_wall,0A188083|WALLJB16|F17540CC,8,legacy identity metadata,objects/rct2/scenery_wall/rct2.scenery_wall.walljb16.json,11bca4680fd3a4f98e11f35e9d058902ebf53112eb83c63bef68659c125d850b,https://github.com/OpenRCT2/objects/blob/978f596972c1163dc670d853dd6add4766f10dbd/objects/rct2/scenery_wall/rct2.scenery_wall.walljb16.json
rct2.scenery_wall.walljn32,rct2,rct2,scenery_wall,0A188083|WALLJN32|F9AD8329,8,legacy identity metadata,objects/rct2/scenery_wall/rct2.scenery_wall.walljn32.json,65663940bf094004ff73a1a921211a96351dbc94b60881f3631ca1d97b64fca3,https://github.com/OpenRCT2/objects/blob/978f596972c1163dc670d853dd6add4766f10dbd/objects/rct2/scenery_wall/rct2.scenery_wall.walljn32.json
rct2.scenery_wall.walllt32,rct2,rct2,scenery_wall,0A188083|WALLLT32|29EB1232,8,legacy identity metadata,objects/rct2/scenery_wall/rct2.scenery_wall.walllt32.json,d11bfc1033648e2a0f9a7f5e6e0201fb949df511d849a54816b0c2121b06340b,https://github.com/OpenRCT2/objects/blob/978f596972c1163dc670d853dd6add4766f10dbd/objects/rct2/scenery_wall/rct2.scenery_wall.walllt32.json
rct2.scenery_wall.wallmm16,rct2,rct2,scenery_wall,0A188083|WALLMM16|1855FE1C,8,legacy identity metadata,objects/rct2/scenery_wall/rct2.scenery_wall.wallmm16/object.json,df73f85aa0cf66b143ecb5ebfcc2c158d3b16df5d90092f7ddb441a622de48a6,https://github.com/OpenRCT2/objects/blob/978f596972c1163dc670d853dd6add4766f10dbd/objects/rct2/scenery_wall/rct2.scenery_wall.wallmm16/object.json
rct2.scenery_wall.wallmm17,rct2,rct2,scenery_wall,0A188083|WALLMM17|2C41A023,8,legacy identity metadata,objects/rct2/scenery_wall/rct2.scenery_wall.wallmm17/object.json,44c0e30ab256249d11bbd95330aad88c1f6ca217cb942c8ae8f3d0fa4f1722d0,https://github.com/OpenRCT2/objects/blob/978f596972c1163dc670d853dd6add4766f10dbd/objects/rct2/scenery_wall/rct2.scenery_wall.wallmm17/object.json
rct2.scenery_wall.wallmn32,rct2,rct2,scenery_wall,0A188083|WALLMN32|94D67C44,8,legacy identity metadata,objects/rct2/scenery_wall/rct2.scenery_wall.wallmn32.json,05cd3bff16a004a332da1f7234b7b8c36601a9abac63f4e1bfc0507dcd786a02,https://github.com/OpenRCT2/objects/blob/978f596972c1163dc670d853dd6add4766f10dbd/objects/rct2/scenery_wall/rct2.scenery_wall.wallmn32.json
rct2.scenery_wall.wallnt32,rct2,rct2,scenery_wall,0A188083|WALLNT32|2DB65E37,8,legacy identity metadata,objects/rct2/scenery_wall/rct2.scenery_wall.wallnt32.json,39a8e633271d77b39db35947f171407740b1b0dd78c7ab80539d335d2636407a,https://github.com/OpenRCT2/objects/blob/978f596972c1163dc670d853dd6add4766f10dbd/objects/rct2/scenery_wall/rct2.scenery_wall.wallnt32.json
rct2.scenery_wall.wallnt33,rct2,rct2,scenery_wall,0A188083|WALLNT33|7260EE4B,8,legacy identity metadata,objects/rct2/scenery_wall/rct2.scenery_wall.wallnt33.json,877a94de42f67eeccd4c7f41a1d139544041cbc2c3973c6ff3836d7acbe72ef4,https://github.com/OpenRCT2/objects/blob/978f596972c1163dc670d853dd6add4766f10dbd/objects/rct2/scenery_wall/rct2.scenery_wall.wallnt33.json
rct2.scenery_wall.wallpg32,rct2,rct2,scenery_wall,0A188083|WALLPG32|557989CB,8,legacy identity metadata,objects/rct2/scenery_wall/rct2.scenery_wall.wallpg32.json,ad4b03789728c7f2dd4f5b70b4da6499b09004b6c0f48f75a18f278c745404b6,https://github.com/OpenRCT2/objects/blob/978f596972c1163dc670d853dd6add4766f10dbd/objects/rct2/scenery_wall/rct2.scenery_wall.wallpg32.json
rct2.scenery_wall.wallpost,rct2,rct2,scenery_wall,0A188083|WALLPOST|33BA01E4,8,legacy identity metadata,objects/rct2/scenery_wall/rct2.scenery_wall.wallpost.json,400a9b82afcc9adb206033f2d07d4d52f0075af7f259dd8857e784f8214ea3b3,https://github.com/OpenRCT2/objects/blob/978f596972c1163dc670d853dd6add4766f10dbd/objects/rct2/scenery_wall/rct2.scenery_wall.wallpost.json
rct2.scenery_wall.wallpr32,rct2,rct2,scenery_wall,0A188083|WALLPR32|0202049B,8,legacy identity metadata,objects/rct2/scenery_wall/rct2.scenery_wall.wallpr32.json,fe2ee043829f0aecf1056e08ebd103a7638f54555c1b44fdff9bd4c9f65f3772,https://github.com/OpenRCT2/objects/blob/978f596972c1163dc670d853dd6add4766f10dbd/objects/rct2/scenery_wall/rct2.scenery_wall.wallpr32.json
rct2.scenery_wall.wallpr33,rct2,rct2,scenery_wall,0A188083|WALLPR33|D5F060B0,8,legacy identity metadata,objects/rct2/scenery_wall/rct2.scenery_wall.wallpr33.json,fc5fce2d34b348cd84c2df43694e438033c6767902d8a64c0bc3b71c9f1e353f,https://github.com/OpenRCT2/objects/blob/978f596972c1163dc670d853dd6add4766f10dbd/objects/rct2/scenery_wall/rct2.scenery_wall.wallpr33.json
rct2.scenery_wall.wallpr34,rct2,rct2,scenery_wall,0A188083|WALLPR34|D6F3DBA8,8,legacy identity metadata,objects/rct2/scenery_wall/rct2.scenery_wall.wallpr34.json,9d9936bc4b57675ce445e24b02840528dbdec31ced07c1d7011cd4fbdc3e7648,https://github.com/OpenRCT2/objects/blob/978f596972c1163dc670d853dd6add4766f10dbd/objects/rct2/scenery_wall/rct2.scenery_wall.wallpr34.json
rct2.scenery_wall.wallpr35,rct2,rct2,scenery_wall,0A188083|WALLPR35|CA536704,8,legacy identity metadata,objects/rct2/scenery_wall/rct2.scenery_wall.wallpr35.json,b92005799dbce765b0e4346dab02b8169251daeb1d574e8ceb4f7b03accb579c,https://github.com/OpenRCT2/objects/blob/978f596972c1163dc670d853dd6add4766f10dbd/objects/rct2/scenery_wall/rct2.scenery_wall.wallpr35.json
rct2.scenery_wall.wallrh32,rct2,rct2,scenery_wall,0A188083|WALLRH32|64600158,8,legacy identity metadata,objects/rct2/scenery_wall/rct2.scenery_wall.wallrh32/object.json,f47da60895f2b4b50122a0b56a53a3c9683c301612c5a616b161015b82bce29a,https://github.com/OpenRCT2/objects/blob/978f596972c1163dc670d853dd6add4766f10dbd/objects/rct2/scenery_wall/rct2.scenery_wall.wallrh32/object.json
rct2.scenery_wall.wallrk32,rct2,rct2,scenery_wall,0A188083|WALLRK32|161D5FEB,8,legacy identity metadata,objects/rct2/scenery_wall/rct2.scenery_wall.wallrk32.json,0539c89a90359f33154240143a64b2652e69203fb8ea7e726950ab1fd2b89163,https://github.com/OpenRCT2/objects/blob/978f596972c1163dc670d853dd6add4766f10dbd/objects/rct2/scenery_wall/rct2.scenery_wall.wallrk32.json
rct2.scenery_wall.wallrs16,rct2,rct2,scenery_wall,0A188083|WALLRS16|57D07FBF,8,legacy identity metadata,objects/rct2/scenery_wall/rct2.scenery_wall.wallrs16/object.json,b0ce94f2f0ca51741dbb6bf4b00ec0d6614569d9dd40b548eaac2474e74d54c9,https://github.com/OpenRCT2/objects/blob/978f596972c1163dc670d853dd6add4766f10dbd/objects/rct2/scenery_wall/rct2.scenery_wall.wallrs16/object.json
rct2.scenery_wall.wallrs32,rct2,rct2,scenery_wall,0A188083|WALLRS32|929966E1,8,legacy identity metadata,objects/rct2/scenery_wall/rct2.scenery_wall.wallrs32/object.json,827e847504fded29ea19da372707ff20d7ac279514442c125d2b836e94380582,https://github.com/OpenRCT2/objects/blob/978f596972c1163dc670d853dd6add4766f10dbd/objects/rct2/scenery_wall/rct2.scenery_wall.wallrs32/object.json
rct2.scenery_wall.wallrs8,rct2,rct2,scenery_wall,0A188083|WALLRS8 |C671FD95,8,legacy identity metadata,objects/rct2/scenery_wall/rct2.scenery_wall.wallrs8/object.json,34454d02eba1469824ad9df60e6c8577b0f727ce4d6850bbfea493b12f360041,https://github.com/OpenRCT2/objects/blob/978f596972c1163dc670d853dd6add4766f10dbd/objects/rct2/scenery_wall/rct2.scenery_wall.wallrs8/object.json
rct2.scenery_wall.wallsc16,rct2,rct2,scenery_wall,0A188083|WALLSC16|F9E8A378,8,legacy identity metadata,objects/rct2/scenery_wall/rct2.scenery_wall.wallsc16.json,b4a87224c409e1230361f9672fd50243ff0c4dab2d41b4c2437327f93a09ab16,https://github.com/OpenRCT2/objects/blob/978f596972c1163dc670d853dd6add4766f10dbd/objects/rct2/scenery_wall/rct2.scenery_wall.wallsc16.json
rct2.scenery_wall.wallsign,rct2,rct2,scenery_wall,0A188083|WALLSIGN|7FC85B12,8,legacy identity metadata,objects/rct2/scenery_wall/rct2.scenery_wall.wallsign.json,270dc0db7be57e9433d7742cad47f0ded8685c5378414e189a4041b6ddc44952,https://github.com/OpenRCT2/objects/blob/978f596972c1163dc670d853dd6add4766f10dbd/objects/rct2/scenery_wall/rct2.scenery_wall.wallsign.json
rct2.scenery_wall.wallsk16,rct2,rct2,scenery_wall,0A188083|WALLSK16|5CE28444,8,legacy identity metadata,objects/rct2/scenery_wall/rct2.scenery_wall.wallsk16.json,1bcc66370baaa074d9c1ba9a6deecc87a3d0d34490f8e5f61569138f45adc678,https://github.com/OpenRCT2/objects/blob/978f596972c1163dc670d853dd6add4766f10dbd/objects/rct2/scenery_wall/rct2.scenery_wall.wallsk16.json
rct2.scenery_wall.wallsk32,rct2,rct2,scenery_wall,0A188083|WALLSK32|A5A37F77,8,legacy identity metadata,objects/rct2/scenery_wall/rct2.scenery_wall.wallsk32.json,801b61875eaff384ffc843dff73f4c1f86056d94bea920e406b4ad89bb4d5d4b,https://github.com/OpenRCT2/objects/blob/978f596972c1163dc670d853dd6add4766f10dbd/objects/rct2/scenery_wall/rct2.scenery_wall.wallsk32.json
rct2.scenery_wall.wallsp32,rct2,rct2,scenery_wall,0A188083|WALLSP32|71F9044B,8,legacy identity metadata,objects/rct2/scenery_wall/rct2.scenery_wall.wallsp32.json,1197f153ff230866f228d0d5e7a09fe5995f93f59ca12cab500f5178a5893cd0,https://github.com/OpenRCT2/objects/blob/978f596972c1163dc670d853dd6add4766f10dbd/objects/rct2/scenery_wall/rct2.scenery_wall.wallsp32.json
rct2.scenery_wall.wallst16,rct2,rct2,scenery_wall,0A188083|WALLST16|FE9C7157,8,legacy identity metadata,objects/rct2/scenery_wall/rct2.scenery_wall.wallst16/object.json,be13bcfe7450f69a926936c62df59522828e42c715704f68e51647b4f1961088,https://github.com/OpenRCT2/objects/blob/978f596972c1163dc670d853dd6add4766f10dbd/objects/rct2/scenery_wall/rct2.scenery_wall.wallst16/object.json
rct2.scenery_wall.wallst32,rct2,rct2,scenery_wall,0A188083|WALLST32|C4FFD57E,8,legacy identity metadata,objects/rct2/scenery_wall/rct2.scenery_wall.wallst32/object.json,058055ba721d6a7b7b3c80bdf5bc7e9133dd64c67c84f970c8bf8b20defb1433,https://github.com/OpenRCT2/objects/blob/978f596972c1163dc670d853dd6add4766f10dbd/objects/rct2/scenery_wall/rct2.scenery_wall.wallst32/object.json
rct2.scenery_wall.wallst8,rct2,rct2,scenery_wall,0A188083|WALLST8 |301FA257,8,legacy identity metadata,objects/rct2/scenery_wall/rct2.scenery_wall.wallst8/object.json,912af9774b27d4014ee8e2e866931427af489e917df765b620d970b2567de1a0,https://github.com/OpenRCT2/objects/blob/978f596972c1163dc670d853dd6add4766f10dbd/objects/rct2/scenery_wall/rct2.scenery_wall.wallst8/object.json
rct2.scenery_wall.wallstfn,rct2,rct2,scenery_wall,0A188083|WALLSTFN|7BF74EB9,8,legacy identity metadata,objects/rct2/scenery_wall/rct2.scenery_wall.wallstfn.json,7e4c2bc190dddb65a05e6593abfab3db43d4c748c662ad97caf223c922dade84,https://github.com/OpenRCT2/objects/blob/978f596972c1163dc670d853dd6add4766f10dbd/objects/rct2/scenery_wall/rct2.scenery_wall.wallstfn.json
rct2.scenery_wall.wallstwn,rct2,rct2,scenery_wall,0A188083|WALLSTWN|CE727918,8,legacy identity metadata,objects/rct2/scenery_wall/rct2.scenery_wall.wallstwn.json,2999adea40b821e4fe275f9da7cdfee812834b2da5090f7e080d783a886524be,https://github.com/OpenRCT2/objects/blob/978f596972c1163dc670d853dd6add4766f10dbd/objects/rct2/scenery_wall/rct2.scenery_wall.wallstwn.json
rct2.scenery_wall.walltn32,rct2,rct2,scenery_wall,0A188083|WALLTN32|6806A4D3,8,legacy identity metadata,objects/rct2/scenery_wall/rct2.scenery_wall.walltn32/object.json,1942089664b76758633289b85d5c3ee09e935cd6d60f8893e82d0cad8eca994e,https://github.com/OpenRCT2/objects/blob/978f596972c1163dc670d853dd6add4766f10dbd/objects/rct2/scenery_wall/rct2.scenery_wall.walltn32/object.json
rct2.scenery_wall.walltxgt,rct2,rct2,scenery_wall,0A188083|WALLTXGT|7F83D331,8,legacy identity metadata,objects/rct2/scenery_wall/rct2.scenery_wall.walltxgt.json,924661b6c803e399668e7cf4aacf8f053abc96b43d054529d3220c369420c284,https://github.com/OpenRCT2/objects/blob/978f596972c1163dc670d853dd6add4766f10dbd/objects/rct2/scenery_wall/rct2.scenery_wall.walltxgt.json
rct2.scenery_wall.wallu132,rct2,rct2,scenery_wall,0A188083|WALLU132|C78DDB55,8,legacy identity metadata,objects/rct2/scenery_wall/rct2.scenery_wall.wallu132.json,efc93b8d6ed9aa3e8c9f6a471717a428dc12c07660d1706087f5f24e7a230ed1,https://github.com/OpenRCT2/objects/blob/978f596972c1163dc670d853dd6add4766f10dbd/objects/rct2/scenery_wall/rct2.scenery_wall.wallu132.json
rct2.scenery_wall.wallu232,rct2,rct2,scenery_wall,0A188083|WALLU232|1EF7B5EC,8,legacy identity metadata,objects/rct2/scenery_wall/rct2.scenery_wall.wallu232.json,fd4c52297ce61908eb297755a524ecb2dda903b6c21ab2540307ca4854c4584e,https://github.com/OpenRCT2/objects/blob/978f596972c1163dc670d853dd6add4766f10dbd/objects/rct2/scenery_wall/rct2.scenery_wall.wallu232.json
rct2.scenery_wall.wallwd16,rct2,rct2,scenery_wall,0A188083|WALLWD16|98C0F81E,8,legacy identity metadata,objects/rct2/scenery_wall/rct2.scenery_wall.wallwd16/object.json,104e8ee22723705e15e344e894beae2e5a5391fa5ed231f7909cc1596a19891a,https://github.com/OpenRCT2/objects/blob/978f596972c1163dc670d853dd6add4766f10dbd/objects/rct2/scenery_wall/rct2.scenery_wall.wallwd16/object.json
rct2.scenery_wall.wallwd32,rct2,rct2,scenery_wall,0A188083|WALLWD32|C23363B1,8,legacy identity metadata,objects/rct2/scenery_wall/rct2.scenery_wall.wallwd32/object.json,0d8be7dce53861d37a386b3e98dc65425d2b21ce12c227d933cbd69c22d18646,https://github.com/OpenRCT2/objects/blob/978f596972c1163dc670d853dd6add4766f10dbd/objects/rct2/scenery_wall/rct2.scenery_wall.wallwd32/object.json
rct2.scenery_wall.wallwd33,rct2,rct2,scenery_wall,0A188083|WALLWD33|2056AA30,8,legacy identity metadata,objects/rct2/scenery_wall/rct2.scenery_wall.wallwd33.json,eb684fa6b624385f35000bd35cbc6d9cc8de8f8b969e7362c8fd875421c54428,https://github.com/OpenRCT2/objects/blob/978f596972c1163dc670d853dd6add4766f10dbd/objects/rct2/scenery_wall/rct2.scenery_wall.wallwd33.json
rct2.scenery_wall.wallwd8,rct2,rct2,scenery_wall,0A188083|WALLWD8 |19014AAC,8,legacy identity metadata,objects/rct2/scenery_wall/rct2.scenery_wall.wallwd8/object.json,78d2ac298f313703d04be9eb665c93347ca5687d373efc2f5873b210d89a5a0d,https://github.com/OpenRCT2/objects/blob/978f596972c1163dc670d853dd6add4766f10dbd/objects/rct2/scenery_wall/rct2.scenery_wall.wallwd8/object.json
rct2.scenery_wall.wallwdps,rct2,rct2,scenery_wall,0A188083|WALLWDPS|1E81D5B7,8,legacy identity metadata,objects/rct2/scenery_wall/rct2.scenery_wall.wallwdps.json,1267951a6dc45f0caa587f2121b1c9961574a43f08106444b6f4ffa56e952b84,https://github.com/OpenRCT2/objects/blob/978f596972c1163dc670d853dd6add4766f10dbd/objects/rct2/scenery_wall/rct2.scenery_wall.wallwdps.json
rct2.scenery_wall.wallwf32,rct2,rct2,scenery_wall,0A188083|WALLWF32|A93FEE6A,8,legacy identity metadata,objects/rct2/scenery_wall/rct2.scenery_wall.wallwf32.json,9a3fa470dafe795826105dd629a46e33cc9655abda88bdc0a20ca708c682534d,https://github.com/OpenRCT2/objects/blob/978f596972c1163dc670d853dd6add4766f10dbd/objects/rct2/scenery_wall/rct2.scenery_wall.wallwf32.json
rct2.scenery_wall.wbr1,rct2,rct2;rct1,scenery_wall,0A188083|WBR1    |626EBFEE,8,legacy identity metadata,objects/rct2/scenery_wall/rct2.scenery_wall.wbr1.json,aa85929bafe7d809c8f70a4153abae1cb49bc5e21288794ad071a3f0de38d4b1,https://github.com/OpenRCT2/objects/blob/978f596972c1163dc670d853dd6add4766f10dbd/objects/rct2/scenery_wall/rct2.scenery_wall.wbr1.json
rct2.scenery_wall.wbr1a,rct2,rct2,scenery_wall,0A188083|WBR1A   |B589A46E,8,legacy identity metadata,objects/rct2/scenery_wall/rct2.scenery_wall.wbr1a/object.json,1bb61345c86d40119a2ccce1063664f971ac0c69f67820d3eb44642552871eaf,https://github.com/OpenRCT2/objects/blob/978f596972c1163dc670d853dd6add4766f10dbd/objects/rct2/scenery_wall/rct2.scenery_wall.wbr1a/object.json
rct2.scenery_wall.wbr2,rct2,rct2;rct1,scenery_wall,0A188083|WBR2    |A7D94550,8,legacy identity metadata,objects/rct2/scenery_wall/rct2.scenery_wall.wbr2.json,a56105fef82271ce30936f279490c6f2ca3262dde35f96fb57352d17875b21fe,https://github.com/OpenRCT2/objects/blob/978f596972c1163dc670d853dd6add4766f10dbd/objects/rct2/scenery_wall/rct2.scenery_wall.wbr2.json
rct2.scenery_wall.wbr2a,rct2,rct2,scenery_wall,0A188083|WBR2A   |C81495F0,8,legacy identity metadata,objects/rct2/scenery_wall/rct2.scenery_wall.wbr2a/object.json,7f596cd840a5d813c8dce88f6e21cd75475be6865ba0eca5186802bd18fa735e,https://github.com/OpenRCT2/objects/blob/978f596972c1163dc670d853dd6add4766f10dbd/objects/rct2/scenery_wall/rct2.scenery_wall.wbr2a/object.json
rct2.scenery_wall.wbr3,rct2,rct2;rct1,scenery_wall,0A188083|WBR3    |42E08C38,8,legacy identity metadata,objects/rct2/scenery_wall/rct2.scenery_wall.wbr3.json,77fdde5d01bcce821b4524f7293e592c1783116f92842bc2150cee3503de4cbc,https://github.com/OpenRCT2/objects/blob/978f596972c1163dc670d853dd6add4766f10dbd/objects/rct2/scenery_wall/rct2.scenery_wall.wbr3.json
rct2.scenery_wall.wbrg,rct2,rct2;rct1,scenery_wall,0A188083|WBRG    |722151FB,8,legacy identity metadata,objects/rct2/scenery_wall/rct2.scenery_wall.wbrg.json,86f981e26f251a02aec679ebedae8c3e316682f5437eb1d0e4e7d37cb525250e,https://github.com/OpenRCT2/objects/blob/978f596972c1163dc670d853dd6add4766f10dbd/objects/rct2/scenery_wall/rct2.scenery_wall.wbrg.json
rct2.scenery_wall.wbw,rct2,rct2;rct1aa,scenery_wall,0A188083|WBW     |09DC2C82,8,legacy identity metadata,objects/rct2/scenery_wall/rct2.scenery_wall.wbw.json,5e19fc75f784d198785bc791d7e45ac8cc9ae9a22c42cd2af1fe89a7254a6938,https://github.com/OpenRCT2/objects/blob/978f596972c1163dc670d853dd6add4766f10dbd/objects/rct2/scenery_wall/rct2.scenery_wall.wbw.json
rct2.scenery_wall.wc1,rct2,rct2;rct1ll,scenery_wall,0A188083|WC1     |C679E854,8,legacy identity metadata,objects/rct2/scenery_wall/rct2.scenery_wall.wc1.json,daa633f695dadc8cf0cc0773d363d29459709318473a89b55d54876c6ac6aa47,https://github.com/OpenRCT2/objects/blob/978f596972c1163dc670d853dd6add4766f10dbd/objects/rct2/scenery_wall/rct2.scenery_wall.wc1.json
rct2.scenery_wall.wc10,rct2,rct2;rct1ll,scenery_wall,0A188083|WC10    |B1DFF34A,8,legacy identity metadata,objects/rct2/scenery_wall/rct2.scenery_wall.wc10.json,feee07a2496f7948809f8aa6c68fda7eca4eb84edfda15123f8ed19d3dc1ec0f,https://github.com/OpenRCT2/objects/blob/978f596972c1163dc670d853dd6add4766f10dbd/objects/rct2/scenery_wall/rct2.scenery_wall.wc10.json
rct2.scenery_wall.wc11,rct2,rct2;rct1ll,scenery_wall,0A188083|WC11    |7890BCDE,8,legacy identity metadata,objects/rct2/scenery_wall/rct2.scenery_wall.wc11.json,d43f6fdf1b7535b6504b515418b775e06481018d48a563c6040a94f90fb431e9,https://github.com/OpenRCT2/objects/blob/978f596972c1163dc670d853dd6add4766f10dbd/objects/rct2/scenery_wall/rct2.scenery_wall.wc11.json
rct2.scenery_wall.wc12,rct2,rct2;rct1ll,scenery_wall,0A188083|WC12    |7E62BBB8,8,legacy identity metadata,objects/rct2/scenery_wall/rct2.scenery_wall.wc12.json,1001815a53095fe0d9a49eeabe8cb838d8d353504bd52a28c69cdea5d4f1b1f6,https://github.com/OpenRCT2/objects/blob/978f596972c1163dc670d853dd6add4766f10dbd/objects/rct2/scenery_wall/rct2.scenery_wall.wc12.json
rct2.scenery_wall.wc13,rct2,rct2;rct1ll,scenery_wall,0A188083|WC13    |080A7C75,8,legacy identity metadata,objects/rct2/scenery_wall/rct2.scenery_wall.wc13.json,0ac0f1f45ba9f0aa8dafe781b545f43ea679ae729a3167a8d0170e5204f01608,https://github.com/OpenRCT2/objects/blob/978f596972c1163dc670d853dd6add4766f10dbd/objects/rct2/scenery_wall/rct2.scenery_wall.wc13.json
rct2.scenery_wall.wc14,rct2,rct2;rct1ll,scenery_wall,0A188083|WC14    |AD58E567,8,legacy identity metadata,objects/rct2/scenery_wall/rct2.scenery_wall.wc14.json,234292c4a6182e1b38b6d6d101f61ccc57789a767c927022d9a892cba2b9340d,https://github.com/OpenRCT2/objects/blob/978f596972c1163dc670d853dd6add4766f10dbd/objects/rct2/scenery_wall/rct2.scenery_wall.wc14.json
rct2.scenery_wall.wc15,rct2,rct2;rct1ll,scenery_wall,0A188083|WC15    |11683792,8,legacy identity metadata,objects/rct2/scenery_wall/rct2.scenery_wall.wc15/object.json,4ff957890c6479e8aad762e14193a827a8b30a35fccff72e2d73d4a0fa26b6f6,https://github.com/OpenRCT2/objects/blob/978f596972c1163dc670d853dd6add4766f10dbd/objects/rct2/scenery_wall/rct2.scenery_wall.wc15/object.json
rct2.scenery_wall.wc16,rct2,rct2;rct1ll,scenery_wall,0A188083|WC16    |6B892532,8,legacy identity metadata,objects/rct2/scenery_wall/rct2.scenery_wall.wc16.json,940258082d2d188ccf31e369f8c9249584706658e596b5f947fc01b76d1b4523,https://github.com/OpenRCT2/objects/blob/978f596972c1163dc670d853dd6add4766f10dbd/objects/rct2/scenery_wall/rct2.scenery_wall.wc16.json
rct2.scenery_wall.wc17,rct2,rct2;rct1ll,scenery_wall,0A188083|WC17    |BD358821,8,legacy identity metadata,objects/rct2/scenery_wall/rct2.scenery_wall.wc17.json,d184821ef1df477d894704f3946d9b1f272980bffdecfe87a72a5e73a7cab481,https://github.com/OpenRCT2/objects/blob/978f596972c1163dc670d853dd6add4766f10dbd/objects/rct2/scenery_wall/rct2.scenery_wall.wc17.json
rct2.scenery_wall.wc18,rct2,rct2;rct1ll,scenery_wall,0A188083|WC18    |7210A0FD,8,legacy identity metadata,objects/rct2/scenery_wall/rct2.scenery_wall.wc18.json,ef4f54fe3ad5e1fe79a7673e929168a01cbccc94c363d6a5f1a5029a51585954,https://github.com/OpenRCT2/objects/blob/978f596972c1163dc670d853dd6add4766f10dbd/objects/rct2/scenery_wall/rct2.scenery_wall.wc18.json
rct2.scenery_wall.wc2,rct2,rct2;rct1ll,scenery_wall,0A188083|WC2     |BFA78279,8,legacy identity metadata,objects/rct2/scenery_wall/rct2.scenery_wall.wc2.json,16fd7ed2da8a3356562f755b139cc77ed47991898961d58098d0d3cbd8667abe,https://github.com/OpenRCT2/objects/blob/978f596972c1163dc670d853dd6add4766f10dbd/objects/rct2/scenery_wall/rct2.scenery_wall.wc2.json
rct2.scenery_wall.wc3,rct2,rct2;rct1,scenery_wall,0A188083|WC3     |6D7B0A93,8,legacy identity metadata,objects/rct2/scenery_wall/rct2.scenery_wall.wc3.json,9c43315049b3355b24de437307ae468dc434a075ddc878aa5cbd5539fdf4df54,https://github.com/OpenRCT2/objects/blob/978f596972c1163dc670d853dd6add4766f10dbd/objects/rct2/scenery_wall/rct2.scenery_wall.wc3.json
rct2.scenery_wall.wc4,rct2,rct2;rct1ll,scenery_wall,0A188083|WC4     |FE452767,8,legacy identity metadata,objects/rct2/scenery_wall/rct2.scenery_wall.wc4.json,13d5ec79334af54ca394af48119289cabde038eee623482856877eab29be7d53,https://github.com/OpenRCT2/objects/blob/978f596972c1163dc670d853dd6add4766f10dbd/objects/rct2/scenery_wall/rct2.scenery_wall.wc4.json
rct2.scenery_wall.wc5,rct2,rct2;rct1ll,scenery_wall,0A188083|WC5     |6F558527,8,legacy identity metadata,objects/rct2/scenery_wall/rct2.scenery_wall.wc5.json,8c7bfbac69789a0a96a5b831af82e448bf1984cde07a1b0490b4907583362256,https://github.com/OpenRCT2/objects/blob/978f596972c1163dc670d853dd6add4766f10dbd/objects/rct2/scenery_wall/rct2.scenery_wall.wc5.json
rct2.scenery_wall.wc6,rct2,rct2;rct1ll,scenery_wall,0A188083|WC6     |F894DD11,8,legacy identity metadata,objects/rct2/scenery_wall/rct2.scenery_wall.wc6.json,c60e6305dfa1f0859561ad7b3a38751917fd6d307e9360f7a7ae73c2212dd47b,https://github.com/OpenRCT2/objects/blob/978f596972c1163dc670d853dd6add4766f10dbd/objects/rct2/scenery_wall/rct2.scenery_wall.wc6.json
rct2.scenery_wall.wc7,rct2,rct2;rct1ll,scenery_wall,0A188083|WC7     |DC910B2A,8,legacy identity metadata,objects/rct2/scenery_wall/rct2.scenery_wall.wc7.json,d28881ac236d2e8c39cb78ac65a0f74469bf7ddee469139ec9d4fc9b71a1f4c4,https://github.com/OpenRCT2/objects/blob/978f596972c1163dc670d853dd6add4766f10dbd/objects/rct2/scenery_wall/rct2.scenery_wall.wc7.json
rct2.scenery_wall.wc8,rct2,rct2;rct1ll,scenery_wall,0A188083|WC8     |6DBEDA6C,8,legacy identity metadata,objects/rct2/scenery_wall/rct2.scenery_wall.wc8.json,2a1d22b10d2c1c405f7a677655189226d4b7e40dcd80c4a2732ac5a010f5d89a,https://github.com/OpenRCT2/objects/blob/978f596972c1163dc670d853dd6add4766f10dbd/objects/rct2/scenery_wall/rct2.scenery_wall.wc8.json
rct2.scenery_wall.wc9,rct2,rct2;rct1ll,scenery_wall,0A188083|WC9     |44006931,8,legacy identity metadata,objects/rct2/scenery_wall/rct2.scenery_wall.wc9.json,db2291b840b1d235db5062ced2e64d8ee42d6297d6b7c8d277ec166cf521747e,https://github.com/OpenRCT2/objects/blob/978f596972c1163dc670d853dd6add4766f10dbd/objects/rct2/scenery_wall/rct2.scenery_wall.wc9.json
rct2.scenery_wall.wch,rct2,rct2;rct1,scenery_wall,0A188083|WCH     |2BD5344E,8,legacy identity metadata,objects/rct2/scenery_wall/rct2.scenery_wall.wch.json,0e8ae75034509a98c06acd9d6b45cb6ca7142785dd85dac8d1fefb22876720fb,https://github.com/OpenRCT2/objects/blob/978f596972c1163dc670d853dd6add4766f10dbd/objects/rct2/scenery_wall/rct2.scenery_wall.wch.json
rct2.scenery_wall.wchg,rct2,rct2;rct1,scenery_wall,0A188083|WCHG    |EF8BD740,8,legacy identity metadata,objects/rct2/scenery_wall/rct2.scenery_wall.wchg.json,041ab311874cc1f320636a3e456844f70d23b4ec4a8aac2a18bd3ef65ba9b813,https://github.com/OpenRCT2/objects/blob/978f596972c1163dc670d853dd6add4766f10dbd/objects/rct2/scenery_wall/rct2.scenery_wall.wchg.json
rct2.scenery_wall.wcw1,rct2,rct2;rct1,scenery_wall,0A188083|WCW1    |E2F42BBC,8,legacy identity metadata,objects/rct2/scenery_wall/rct2.scenery_wall.wcw1.json,97a886dfe9a4c5472b181a69d15c4adc86a44744df5d49ddcfdb29cc081c1161,https://github.com/OpenRCT2/objects/blob/978f596972c1163dc670d853dd6add4766f10dbd/objects/rct2/scenery_wall/rct2.scenery_wall.wcw1.json
rct2.scenery_wall.wcw2,rct2,rct2;rct1,scenery_wall,0A188083|WCW2    |6D3994F3,8,legacy identity metadata,objects/rct2/scenery_wall/rct2.scenery_wall.wcw2.json,9590cd615c28156e6468636cf9f040ba89d765a1707aac852336993d60f8af85,https://github.com/OpenRCT2/objects/blob/978f596972c1163dc670d853dd6add4766f10dbd/objects/rct2/scenery_wall/rct2.scenery_wall.wcw2.json
rct2.scenery_wall.wew,rct2,rct2;rct1,scenery_wall,0A188083|WEW     |AEAAC459,8,legacy identity metadata,objects/rct2/scenery_wall/rct2.scenery_wall.wew.json,0f94ba790561210640c11ce2e28dd0c0044df7833adf26de6d58b570cd8f797d,https://github.com/OpenRCT2/objects/blob/978f596972c1163dc670d853dd6add4766f10dbd/objects/rct2/scenery_wall/rct2.scenery_wall.wew.json
rct2.scenery_wall.wfw1,rct2,rct2;rct1,scenery_wall,0A188083|WFW1    |D1026E02,8,legacy identity metadata,objects/rct2/scenery_wall/rct2.scenery_wall.wfw1.json,becd820d3e012548bcc18ca8d40e9d645fa692a04076dc6fe8dd6937a047885d,https://github.com/OpenRCT2/objects/blob/978f596972c1163dc670d853dd6add4766f10dbd/objects/rct2/scenery_wall/rct2.scenery_wall.wfw1.json
rct2.scenery_wall.wfwg,rct2,rct2;rct1,scenery_wall,0A188083|WFWG    |CF02D858,8,legacy identity metadata,objects/rct2/scenery_wall/rct2.scenery_wall.wfwg.json,3ba2749d33d9e7a5c4e454cc405a6dcc22069066f01ea6364b134b3ce669f999,https://github.com/OpenRCT2/objects/blob/978f596972c1163dc670d853dd6add4766f10dbd/objects/rct2/scenery_wall/rct2.scenery_wall.wfwg.json
rct2.scenery_wall.wgw2,rct2,rct2;rct1aa,scenery_wall,0A188083|WGW2    |FC548B09,8,legacy identity metadata,objects/rct2/scenery_wall/rct2.scenery_wall.wgw2.json,28cda765d3438eb0c6a6c76edbdc229fe599f49813615fce7eb38e8be65eaff2,https://github.com/OpenRCT2/objects/blob/978f596972c1163dc670d853dd6add4766f10dbd/objects/rct2/scenery_wall/rct2.scenery_wall.wgw2.json
rct2.scenery_wall.whg,rct2,rct2;rct1,scenery_wall,0A188083|WHG     |3B72463A,8,legacy identity metadata,objects/rct2/scenery_wall/rct2.scenery_wall.whg.json,b27594688f03de25113f4b33e8a93ebef54d32bbf75f6d3ab1fc42e086276f3a,https://github.com/OpenRCT2/objects/blob/978f596972c1163dc670d853dd6add4766f10dbd/objects/rct2/scenery_wall/rct2.scenery_wall.whg.json
rct2.scenery_wall.whgg,rct2,rct2;rct1,scenery_wall,0A188083|WHGG    |B6DFF956,8,legacy identity metadata,objects/rct2/scenery_wall/rct2.scenery_wall.whgg.json,20ee5d96d3e4b52d37fbf65034542a879261439074fbd960b290a626c3747778,https://github.com/OpenRCT2/objects/blob/978f596972c1163dc670d853dd6add4766f10dbd/objects/rct2/scenery_wall/rct2.scenery_wall.whgg.json
rct2.scenery_wall.wjf,rct2,rct2;rct1aa,scenery_wall,0A188083|WJF     |B8DF3244,8,legacy identity metadata,objects/rct2/scenery_wall/rct2.scenery_wall.wjf.json,673988857051aa3aba3906e2789ac094e299c0cfc339d913941bd99a79749600,https://github.com/OpenRCT2/objects/blob/978f596972c1163dc670d853dd6add4766f10dbd/objects/rct2/scenery_wall/rct2.scenery_wall.wjf.json
rct2.scenery_wall.wmf,rct2,rct2;rct1,scenery_wall,0A188083|WMF     |56D68C75,8,legacy identity metadata,objects/rct2/scenery_wall/rct2.scenery_wall.wmf.json,60bcbd7bf09fecc9bea19c372bae2eeba156d97734e6da8c60405344c48204c9,https://github.com/OpenRCT2/objects/blob/978f596972c1163dc670d853dd6add4766f10dbd/objects/rct2/scenery_wall/rct2.scenery_wall.wmf.json
rct2.scenery_wall.wmfg,rct2,rct2;rct1,scenery_wall,0A188083|WMFG    |73C4330F,8,legacy identity metadata,objects/rct2/scenery_wall/rct2.scenery_wall.wmfg.json,0fa4ef08d4eb5ee132182d914829dd73879a22bfc8bf2eea96f292a8a4e568c9,https://github.com/OpenRCT2/objects/blob/978f596972c1163dc670d853dd6add4766f10dbd/objects/rct2/scenery_wall/rct2.scenery_wall.wmfg.json
rct2.scenery_wall.wmw,rct2,rct2;rct1,scenery_wall,0A188083|WMW     |7EEA8099,8,legacy identity metadata,objects/rct2/scenery_wall/rct2.scenery_wall.wmw.json,2cee45425879423e2f95680165b3c4bf75281c240b4d256e7b1fec8e5ad35e36,https://github.com/OpenRCT2/objects/blob/978f596972c1163dc670d853dd6add4766f10dbd/objects/rct2/scenery_wall/rct2.scenery_wall.wmw.json
rct2.scenery_wall.wmww,rct2,rct2;rct1aa,scenery_wall,0A188083|WMWW    |A7C87B33,8,legacy identity metadata,objects/rct2/scenery_wall/rct2.scenery_wall.wmww.json,cca07ea78874683e89a52a0aa0d2641b52b11bb66a4ed4c457aa7eff8a682110,https://github.com/OpenRCT2/objects/blob/978f596972c1163dc670d853dd6add4766f10dbd/objects/rct2/scenery_wall/rct2.scenery_wall.wmww.json
rct2.scenery_wall.wpf,rct2,rct2;rct1,scenery_wall,0A188083|WPF     |7379BD18,8,legacy identity metadata,objects/rct2/scenery_wall/rct2.scenery_wall.wpf.json,22aefc27355c3c3f433b2cd8550c4ababff8a3126e3da9170b1ddccd8a0605f5,https://github.com/OpenRCT2/objects/blob/978f596972c1163dc670d853dd6add4766f10dbd/objects/rct2/scenery_wall/rct2.scenery_wall.wpf.json
rct2.scenery_wall.wpfg,rct2,rct2;rct1,scenery_wall,0A188083|WPFG    |24F6C0FC,8,legacy identity metadata,objects/rct2/scenery_wall/rct2.scenery_wall.wpfg.json,12b8520df82e046abdf17ca80a2b4f3d8314857fcbd0267ff85da957e5d89888,https://github.com/OpenRCT2/objects/blob/978f596972c1163dc670d853dd6add4766f10dbd/objects/rct2/scenery_wall/rct2.scenery_wall.wpfg.json
rct2.scenery_wall.wpw1,rct2,rct2;rct1aa,scenery_wall,0A188083|WPW1    |0FCCAFFA,8,legacy identity metadata,objects/rct2/scenery_wall/rct2.scenery_wall.wpw1.json,7bc078e0aab2a5b1db0a08643ee91390b44a268babccc121e14a89c02c8eb0f8,https://github.com/OpenRCT2/objects/blob/978f596972c1163dc670d853dd6add4766f10dbd/objects/rct2/scenery_wall/rct2.scenery_wall.wpw1.json
rct2.scenery_wall.wpw2,rct2,rct2;rct1aa,scenery_wall,0A188083|WPW2    |7EACAD48,8,legacy identity metadata,objects/rct2/scenery_wall/rct2.scenery_wall.wpw2.json,ac6a491f711ccfec8b6eb9ad41b7bb053f975f7b2fcf7de4841c0e830a46b5ee,https://github.com/OpenRCT2/objects/blob/978f596972c1163dc670d853dd6add4766f10dbd/objects/rct2/scenery_wall/rct2.scenery_wall.wpw2.json
rct2.scenery_wall.wpw3,rct2,rct2;rct1ll,scenery_wall,0A188083|WPW3    |08815186,8,legacy identity metadata,objects/rct2/scenery_wall/rct2.scenery_wall.wpw3.json,e8c4a369a471525f7d621db20d872ba1fc66343c4613daffe0b9bb571990f715,https://github.com/OpenRCT2/objects/blob/978f596972c1163dc670d853dd6add4766f10dbd/objects/rct2/scenery_wall/rct2.scenery_wall.wpw3.json
rct2.scenery_wall.wrw,rct2,rct2;rct1,scenery_wall,0A188083|WRW     |13C8B592,8,legacy identity metadata,objects/rct2/scenery_wall/rct2.scenery_wall.wrw.json,78056c92270f0f9c0436f4107d240cf994593464c23c29116cea5c34a9911d16,https://github.com/OpenRCT2/objects/blob/978f596972c1163dc670d853dd6add4766f10dbd/objects/rct2/scenery_wall/rct2.scenery_wall.wrw.json
rct2.scenery_wall.wrwa,rct2,rct2,scenery_wall,0A188083|WRWA    |18B65C75,8,legacy identity metadata,objects/rct2/scenery_wall/rct2.scenery_wall.wrwa.json,cfbea3b5d36a3d0c808aea6b6ec92dd9ee6162ecb6d0c0dfc89fd2f930c2212a,https://github.com/OpenRCT2/objects/blob/978f596972c1163dc670d853dd6add4766f10dbd/objects/rct2/scenery_wall/rct2.scenery_wall.wrwa.json
rct2.scenery_wall.wsw,rct2,rct2;rct1,scenery_wall,0A188083|WSW     |4793349E,8,legacy identity metadata,objects/rct2/scenery_wall/rct2.scenery_wall.wsw.json,a6cb56edfc1a8499ec9edc1432fd45f554595b9321786ea95ebefe582244a444,https://github.com/OpenRCT2/objects/blob/978f596972c1163dc670d853dd6add4766f10dbd/objects/rct2/scenery_wall/rct2.scenery_wall.wsw.json
rct2.scenery_wall.wsw1,rct2,rct2;rct1,scenery_wall,0A188083|WSW1    |EC8B12C6,8,legacy identity metadata,objects/rct2/scenery_wall/rct2.scenery_wall.wsw1.json,53489f2b0c5835cb68da735c99edd15ebb719ca70f92461a2577ef5906efe2bc,https://github.com/OpenRCT2/objects/blob/978f596972c1163dc670d853dd6add4766f10dbd/objects/rct2/scenery_wall/rct2.scenery_wall.wsw1.json
rct2.scenery_wall.wsw2,rct2,rct2;rct1,scenery_wall,0A188083|WSW2    |354277C5,8,legacy identity metadata,objects/rct2/scenery_wall/rct2.scenery_wall.wsw2.json,3e55d65b2ced8a57017e568a5670307953c9bb57f8f0edbfda52a6fd410f38ce,https://github.com/OpenRCT2/objects/blob/978f596972c1163dc670d853dd6add4766f10dbd/objects/rct2/scenery_wall/rct2.scenery_wall.wsw2.json
rct2.scenery_wall.wswg,rct2,rct2;rct1,scenery_wall,0A188083|WSWG    |8E5C34E3,8,legacy identity metadata,objects/rct2/scenery_wall/rct2.scenery_wall.wswg.json,237f2921fd4c249584655911a892c4111fcb16d51f063d0ef1896c3dae1f0364,https://github.com/OpenRCT2/objects/blob/978f596972c1163dc670d853dd6add4766f10dbd/objects/rct2/scenery_wall/rct2.scenery_wall.wswg.json
rct2.scenery_wall.wwtw,rct2,rct2;rct1aa,scenery_wall,0A188083|WWTW    |280B4965,8,legacy identity metadata,objects/rct2/scenery_wall/rct2.scenery_wall.wwtw.json,18d34794edaabc3cd44846483c77824c621f784fa2c243895b84df24effdd345,https://github.com/OpenRCT2/objects/blob/978f596972c1163dc670d853dd6add4766f10dbd/objects/rct2/scenery_wall/rct2.scenery_wall.wwtw.json
rct2.scenery_wall.wwtwa,rct2,rct2,scenery_wall,0A188083|WWTWA   |94A393D0,8,legacy identity metadata,objects/rct2/scenery_wall/rct2.scenery_wall.wwtwa.json,641d81dc644bc7ec09a9e1993a7e54d48e88a8ff7fbda76cfe276935c41d1842,https://github.com/OpenRCT2/objects/blob/978f596972c1163dc670d853dd6add4766f10dbd/objects/rct2/scenery_wall/rct2.scenery_wall.wwtwa.json
rct2.station.abstract,rct2,rct2;rct1ll,station,0000008D|#RCT2STA|00000000,8,synthetic built-in identity,objects/rct2/station/rct2.station.abstract/object.json,7c9b9ca30fd8b4863cecf725cc5806a053f8fe1a993232e9944fedca9d5e62a6,https://github.com/OpenRCT2/objects/blob/978f596972c1163dc670d853dd6add4766f10dbd/objects/rct2/station/rct2.station.abstract/object.json
rct2.station.canvas_tent,rct2,rct2;rct1ll,station,0000008D|#RCT2STV|00000000,8,synthetic built-in identity,objects/rct2/station/rct2.station.canvas_tent/object.json,898598f5826f1dae1c448e8a5f78b05de4d8b4623565dcd521c0793970e2a408,https://github.com/OpenRCT2/objects/blob/978f596972c1163dc670d853dd6add4766f10dbd/objects/rct2/station/rct2.station.canvas_tent/object.json
rct2.station.castle_brown,rct2,rct2;rct1ll,station,0000008D|#RCT2ST4|00000000,8,synthetic built-in identity,objects/rct2/station/rct2.station.castle_brown/object.json,d25fed3a204f3e4d84800117e61728fbbe382037af5eef88178df98ed3ff80f1,https://github.com/OpenRCT2/objects/blob/978f596972c1163dc670d853dd6add4766f10dbd/objects/rct2/station/rct2.station.castle_brown/object.json
rct2.station.castle_grey,rct2,rct2;rct1ll,station,0000008D|#RCT2ST3|00000000,8,synthetic built-in identity,objects/rct2/station/rct2.station.castle_grey/object.json,d22fe4c946aba68ee8910d283106f5ae2fbc4b90fb460af6f98b34d5f92b4230,https://github.com/OpenRCT2/objects/blob/978f596972c1163dc670d853dd6add4766f10dbd/objects/rct2/station/rct2.station.castle_grey/object.json
rct2.station.classical,rct2,rct2;rct1ll,station,0000008D|#RCT2STC|00000000,8,synthetic built-in identity,objects/rct2/station/rct2.station.classical/object.json,389842882d6546b0fd12ad4ec8b9fee90b872a090f382938f5ea1876ad4794cb,https://github.com/OpenRCT2/objects/blob/978f596972c1163dc670d853dd6add4766f10dbd/objects/rct2/station/rct2.station.classical/object.json
rct2.station.jungle,rct2,rct2;rct1ll,station,0000008D|#RCT2STJ|00000000,8,synthetic built-in identity,objects/rct2/station/rct2.station.jungle/object.json,2ed3f1f955bfb7c504282bb2529e2bc14eec38ea8c54521cad738b2056b44c70,https://github.com/OpenRCT2/objects/blob/978f596972c1163dc670d853dd6add4766f10dbd/objects/rct2/station/rct2.station.jungle/object.json
rct2.station.log,rct2,rct2;rct1ll,station,0000008D|#RCT2STL|00000000,8,synthetic built-in identity,objects/rct2/station/rct2.station.log/object.json,7a0c0e28a49a06b0bde1d2d8e6b5cd78103013376c67cfa97da71c9cb949c2fb,https://github.com/OpenRCT2/objects/blob/978f596972c1163dc670d853dd6add4766f10dbd/objects/rct2/station/rct2.station.log/object.json
rct2.station.pagoda,rct2,rct2;rct1ll,station,0000008D|#RCT2STP|00000000,8,synthetic built-in identity,objects/rct2/station/rct2.station.pagoda/object.json,1effc9c1a1a252ac8aae61d28c6971d0e067586af0c0441ced12bb0e2f8cefc2,https://github.com/OpenRCT2/objects/blob/978f596972c1163dc670d853dd6add4766f10dbd/objects/rct2/station/rct2.station.pagoda/object.json
rct2.station.plain,rct2,rct2;rct1,station,0000008D|#RCT2STN|00000000,8,synthetic built-in identity,objects/rct2/station/rct2.station.plain/object.json,def595ade3dbaf0466a8bdd1378f32cb8b88d819628ed4b984c3e8775629c8c3,https://github.com/OpenRCT2/objects/blob/978f596972c1163dc670d853dd6add4766f10dbd/objects/rct2/station/rct2.station.plain/object.json
rct2.station.snow,rct2,rct2;rct1ll,station,0000008D|#RCT2STS|00000000,8,synthetic built-in identity,objects/rct2/station/rct2.station.snow/object.json,ae08f05f79a6c17ea3e66a76556e6e085ab7dd0638e9411ed525faf25b939f8e,https://github.com/OpenRCT2/objects/blob/978f596972c1163dc670d853dd6add4766f10dbd/objects/rct2/station/rct2.station.snow/object.json
rct2.station.space,rct2,rct2;rct1ll,station,0000008D|#RCT2STE|00000000,8,synthetic built-in identity,objects/rct2/station/rct2.station.space/object.json,5bc59f4836eab5b4f8fcbe21ea2473bfed35997e1aca3e4d7d9bbe4893a566fc,https://github.com/OpenRCT2/objects/blob/978f596972c1163dc670d853dd6add4766f10dbd/objects/rct2/station/rct2.station.space/object.json
rct2.station.wooden,rct2,rct2;rct1ll,station,0000008D|#RCT2STW|00000000,8,synthetic built-in identity,objects/rct2/station/rct2.station.wooden/object.json,62bec3382ddcc2c91d47455123be23547d130a76c0220d5e97bb00f01e278860,https://github.com/OpenRCT2/objects/blob/978f596972c1163dc670d853dd6add4766f10dbd/objects/rct2/station/rct2.station.wooden/object.json
rct2.terrain_edge.ice,rct2,rct2;rct1ll,terrain_edge,0000008C|#RCT2EIC|00000000,8,synthetic built-in identity,objects/rct2/terrain_edge/rct2.terrain_edge.ice/object.json,dafda37240031614606ffca9986cefa27ac4b435b7ab26d1692deef706280afd,https://github.com/OpenRCT2/objects/blob/978f596972c1163dc670d853dd6add4766f10dbd/objects/rct2/terrain_edge/rct2.terrain_edge.ice/object.json
rct2.terrain_edge.rock,rct2,rct2;rct1,terrain_edge,0000008C|#RCT2ERO|00000000,8,synthetic built-in identity,objects/rct2/terrain_edge/rct2.terrain_edge.rock/object.json,5fe8badac5688c69221405f15900456835682bcf36d5c57cf3fb1fcacaf5c9fe,https://github.com/OpenRCT2/objects/blob/978f596972c1163dc670d853dd6add4766f10dbd/objects/rct2/terrain_edge/rct2.terrain_edge.rock/object.json
rct2.terrain_edge.wood_black,rct2,rct2;rct1aa,terrain_edge,0000008C|#RCT2EWB|00000000,8,synthetic built-in identity,objects/rct2/terrain_edge/rct2.terrain_edge.wood_black/object.json,061a39b3ada84d99f3bcf497209b11b9567d284618af4880857d45604bf6bde1,https://github.com/OpenRCT2/objects/blob/978f596972c1163dc670d853dd6add4766f10dbd/objects/rct2/terrain_edge/rct2.terrain_edge.wood_black/object.json
rct2.terrain_edge.wood_red,rct2,rct2;rct1,terrain_edge,0000008C|#RCT2EWR|00000000,8,synthetic built-in identity,objects/rct2/terrain_edge/rct2.terrain_edge.wood_red/object.json,f78322249b2631ebfe3e2e547ad609a8a16b98c020ae4b49cfeda17184eb72f8,https://github.com/OpenRCT2/objects/blob/978f596972c1163dc670d853dd6add4766f10dbd/objects/rct2/terrain_edge/rct2.terrain_edge.wood_red/object.json
rct2.terrain_surface.chequerboard,rct2,rct2;rct1,terrain_surface,0000008B|#RCT2SCH|00000000,8,synthetic built-in identity,objects/rct2/terrain_surface/rct2.terrain_surface.chequerboard.json,65346a7b23d97bc2218af61891a2ea165fc7015853dfa5164c98aadb74dac7de,https://github.com/OpenRCT2/objects/blob/978f596972c1163dc670d853dd6add4766f10dbd/objects/rct2/terrain_surface/rct2.terrain_surface.chequerboard.json
rct2.terrain_surface.designer_grid,rct2,rct2,terrain_surface,,,source-marked reconstruction,objects/rct2/terrain_surface/rct2.terrain_surface.designer_grid/object.json,ec0815bd9d7baff1ca2d220040a22dea0bd4e8f67a7d836c7ff84f9b59ca34cc,https://github.com/OpenRCT2/objects/blob/978f596972c1163dc670d853dd6add4766f10dbd/objects/rct2/terrain_surface/rct2.terrain_surface.designer_grid/object.json
rct2.terrain_surface.dirt,rct2,rct2;rct1,terrain_surface,0000008B|#RCT2SDI|00000000,8,synthetic built-in identity,objects/rct2/terrain_surface/rct2.terrain_surface.dirt.json,f146671fcd956cfe0e64a32294c3361051856d2b3c125432b99b31a6e0512fb8,https://github.com/OpenRCT2/objects/blob/978f596972c1163dc670d853dd6add4766f10dbd/objects/rct2/terrain_surface/rct2.terrain_surface.dirt.json
rct2.terrain_surface.grass,rct2,rct2;rct1,terrain_surface,0000008B|#RCT2SGR|00000000,8,synthetic built-in identity,objects/rct2/terrain_surface/rct2.terrain_surface.grass.json,001e6f70916dc1ca8bafe49b849198ddee8c05af3d366f5fa02f9a007cf12ca0,https://github.com/OpenRCT2/objects/blob/978f596972c1163dc670d853dd6add4766f10dbd/objects/rct2/terrain_surface/rct2.terrain_surface.grass.json
rct2.terrain_surface.grass_clumps,rct2,rct2;rct1aa,terrain_surface,0000008B|#RCT2SGC|00000000,8,synthetic built-in identity,objects/rct2/terrain_surface/rct2.terrain_surface.grass_clumps.json,1d3be6e0faf118bfda35634394e1fb572cdda057eecbdd876392373a7b4b8703,https://github.com/OpenRCT2/objects/blob/978f596972c1163dc670d853dd6add4766f10dbd/objects/rct2/terrain_surface/rct2.terrain_surface.grass_clumps.json
rct2.terrain_surface.grid,rct2,rct2;rct1ll,terrain_surface,,,source-marked reconstruction,objects/rct2/terrain_surface/rct2.terrain_surface.grid/object.json,a71ebe4b937d0b1a6369aac97951c74fdf1e01bb4c77f6bee37ff9243db0c369,https://github.com/OpenRCT2/objects/blob/978f596972c1163dc670d853dd6add4766f10dbd/objects/rct2/terrain_surface/rct2.terrain_surface.grid/object.json
rct2.terrain_surface.ice,rct2,rct2;rct1ll,terrain_surface,0000008B|#RCT2SIC|00000000,8,synthetic built-in identity,objects/rct2/terrain_surface/rct2.terrain_surface.ice.json,630e35fb60531d7a82c204ba352e680d410427ba014663fff08021f5b3eaf7fd,https://github.com/OpenRCT2/objects/blob/978f596972c1163dc670d853dd6add4766f10dbd/objects/rct2/terrain_surface/rct2.terrain_surface.ice.json
rct2.terrain_surface.martian,rct2,rct2;rct1,terrain_surface,0000008B|#RCT2SMA|00000000,8,synthetic built-in identity,objects/rct2/terrain_surface/rct2.terrain_surface.martian.json,bb0a00398afa52f27864934319a2a5e7edc0eca08f6e56c3d421a880b9d868c4,https://github.com/OpenRCT2/objects/blob/978f596972c1163dc670d853dd6add4766f10dbd/objects/rct2/terrain_surface/rct2.terrain_surface.martian.json
rct2.terrain_surface.rock,rct2,rct2;rct1,terrain_surface,0000008B|#RCT2SRO|00000000,8,synthetic built-in identity,objects/rct2/terrain_surface/rct2.terrain_surface.rock.json,76fcaa9be5045c240fa6be5d9c703df33ffda6384552f2b5987882dc6756cf1f,https://github.com/OpenRCT2/objects/blob/978f596972c1163dc670d853dd6add4766f10dbd/objects/rct2/terrain_surface/rct2.terrain_surface.rock.json
rct2.terrain_surface.sand,rct2,rct2;rct1,terrain_surface,0000008B|#RCT2SSY|00000000,8,synthetic built-in identity,objects/rct2/terrain_surface/rct2.terrain_surface.sand.json,6ed31a4bd8fc9899541d46d3248ee297282466a274d3c245f9d4971b613e57a3,https://github.com/OpenRCT2/objects/blob/978f596972c1163dc670d853dd6add4766f10dbd/objects/rct2/terrain_surface/rct2.terrain_surface.sand.json
rct2.terrain_surface.sand_brown,rct2,rct2,terrain_surface,0000008B|#RCT2SSA|00000000,8,synthetic built-in identity,objects/rct2/terrain_surface/rct2.terrain_surface.sand_brown.json,e3a4808000bb462d1f8cd3ce22f732f688a2b27664df29a96ecde96df0ce219f,https://github.com/OpenRCT2/objects/blob/978f596972c1163dc670d853dd6add4766f10dbd/objects/rct2/terrain_surface/rct2.terrain_surface.sand_brown.json
rct2.terrain_surface.sand_red,rct2,rct2,terrain_surface,0000008B|#RCT2SSR|00000000,8,synthetic built-in identity,objects/rct2/terrain_surface/rct2.terrain_surface.sand_red.json,7d2615ecd3c0ff66f39e8656996bb61ff4276a231edfedd5cdfb34019e9aa16b,https://github.com/OpenRCT2/objects/blob/978f596972c1163dc670d853dd6add4766f10dbd/objects/rct2/terrain_surface/rct2.terrain_surface.sand_red.json
rct2.water.wtrcyan,rct2,rct2;rct1,water,0A188089|WTRCYAN |2E8428E4,8,legacy identity metadata,objects/rct2/water/rct2.water.wtrcyan.json,2c1473dafd3d41e7cb59be82ec4efc914f9a62551262293f21bced140c0df57e,https://github.com/OpenRCT2/objects/blob/978f596972c1163dc670d853dd6add4766f10dbd/objects/rct2/water/rct2.water.wtrcyan.json
rct2.water.wtrgreen,rct2,rct2,water,0A188089|WTRGREEN|4025590B,8,legacy identity metadata,objects/rct2/water/rct2.water.wtrgreen.json,5fc6d590f512a0ca14c785614b6f84378cc9002b5e7641363a74c7fe83ee14f6,https://github.com/OpenRCT2/objects/blob/978f596972c1163dc670d853dd6add4766f10dbd/objects/rct2/water/rct2.water.wtrgreen.json
rct2.water.wtrgreen_fix,rct2,rct2,water,,,replacement metadata; do not count twice,objects/rct2/water/rct2.water.wtrgreen_fix.json,7c9aaf321b4117e4ee39a6fbad83aa86592440c87e274d05cbd017ac0cb6b90d,https://github.com/OpenRCT2/objects/blob/978f596972c1163dc670d853dd6add4766f10dbd/objects/rct2/water/rct2.water.wtrgreen_fix.json
rct2.water.wtrgrn,rct2,rct2,water,0A188089|WTRGRN  |E5856EC6,8,legacy identity metadata,objects/rct2/water/rct2.water.wtrgrn.json,3c5cc36b7dc7b5f905c8a6b40a9ad1c22bea370f9d96d9ecc196d57ede46d4b6,https://github.com/OpenRCT2/objects/blob/978f596972c1163dc670d853dd6add4766f10dbd/objects/rct2/water/rct2.water.wtrgrn.json
rct2.water.wtrorng,rct2,rct2;rct1ll,water,0A188089|WTRORNG |78871B11,8,legacy identity metadata,objects/rct2/water/rct2.water.wtrorng.json,3e302c9e9e7a238d8af12e912f0442eac7101e60225a8e541e3a0e9efe401f2f,https://github.com/OpenRCT2/objects/blob/978f596972c1163dc670d853dd6add4766f10dbd/objects/rct2/water/rct2.water.wtrorng.json
rct2.water.wtrorng_fix,rct2,rct2;rct1ll,water,,,replacement metadata; do not count twice,objects/rct2/water/rct2.water.wtrorng_fix.json,3980fa8b292e7bfb42a5aee5cfcfb0c28bbc4e99cd32af6ff789d2480a12b168,https://github.com/OpenRCT2/objects/blob/978f596972c1163dc670d853dd6add4766f10dbd/objects/rct2/water/rct2.water.wtrorng_fix.json
