reference_id,namespace,source_memberships,object_type,original_id,original_source_nibble,identity_evidence,source_path,source_sha256,source_url,modern_type_tokens,original_type_slots,categories_reference,clearance_native,min_cars,max_cars,sold_products,car_component_seats,car_component_mass_native,car_component_spacing_native,empty_car_components,behavior_status,asset_status
openrct2.ride.alpine_coaster,official,official,ride,00000000|#ALPINEC|00000000,0,synthetic built-in identity,objects/official/ride/openrct2.ride.alpine_coaster/object.json,60233442d32e04056ceb0b34028fdf4ac331286b9a5c27f0550301cc4338059c,https://github.com/OpenRCT2/objects/blob/978f596972c1163dc670d853dd6add4766f10dbd/objects/official/ride/openrct2.ride.alpine_coaster/object.json,alpine_rc,98,rollercoaster,,1,1,,2,450,150931,0,not verified against original; not a production implementation registry,original media excluded; independently authored asset pending
openrct2.ride.hybrid_coaster,official,official,ride,00000000|#HYBRIDC|00000000,0,synthetic built-in identity,objects/official/ride/openrct2.ride.hybrid_coaster/object.json,ea27b988bab8cc8bba803345226cf3e6709702f314cedd5891ef263ad4a2250b,https://github.com/OpenRCT2/objects/blob/978f596972c1163dc670d853dd6add4766f10dbd/objects/official/ride/openrct2.ride.hybrid_coaster/object.json,hybrid_rc,96,rollercoaster,,3,6,,4;4,510;480,182706;170790,0,not verified against original; not a production implementation registry,original media excluded; independently authored asset pending
openrct2.ride.modern_twister,official,official,ride,00000000|#X7MEGA |00000000,0,synthetic built-in identity,objects/official/ride/openrct2.ride.modern_twister/object.json,dacb6cf19b953b18b913880cc54a9bb2d17fa6b2123fed57adec1fb9047dc388,https://github.com/OpenRCT2/objects/blob/978f596972c1163dc670d853dd6add4766f10dbd/objects/official/ride/openrct2.ride.modern_twister/object.json,lsm_rc,101,rollercoaster,,3,6,,4;4,640;580,211296;211296,0,not verified against original; not a production implementation registry,original media excluded; independently authored asset pending
openrct2.ride.single_rail_coaster,official,official,ride,00000000|#SINGLER|00000000,0,synthetic built-in identity,objects/official/ride/openrct2.ride.single_rail_coaster/object.json,f23c7159407fa117fdaba1bacc467450faeb37bbeadedf44406fa6c655db346a,https://github.com/OpenRCT2/objects/blob/978f596972c1163dc670d853dd6add4766f10dbd/objects/official/ride/openrct2.ride.single_rail_coaster/object.json,single_rail_rc,97,rollercoaster,,5,12,,1;1,220;200,99296;99296,0,not verified against original; not a production implementation registry,original media excluded; independently authored asset pending
rct2dlc.ride.zpanda,official,official,ride,09F8EB00|ZPANDA  |3AA2065C,0,legacy identity metadata,objects/official/ride/rct2dlc.ride.zpanda/object.json,6a71336970490a80604e93d928b5260503f6ef7524495a28959264168e52e03e,https://github.com/OpenRCT2/objects/blob/978f596972c1163dc670d853dd6add4766f10dbd/objects/official/ride/rct2dlc.ride.zpanda/object.json,junior_rc,4,rollercoaster,,4,15,,1;0,240;,148172;34864,2,not verified against original; not a production implementation registry,original media excluded; independently authored asset pending
rct2.ride.4x4,rct2,rct2,ride,0A188A80|4X4     |0DB8676C,8,legacy identity metadata,objects/rct2/ride/rct2.ride.4x4.json,b2646c270c111f96fe4d40326ffa2f1d26871c87410c51c1b65efe5118763645,https://github.com/OpenRCT2/objects/blob/978f596972c1163dc670d853dd6add4766f10dbd/objects/rct2/ride/rct2.ride.4x4.json,monster_trucks,11,gentle,,3,3,,2;0,500;,165604;34864,2,not verified against original; not a production implementation registry,original media excluded; independently authored asset pending
rct2.ride.aml1,rct2,rct2;rct1ll,ride,0A188A80|AML1    |4FA82E87,8,legacy identity metadata,objects/rct2/ride/rct2.ride.aml1.json,74997db0adc6002d017585da9302f6be456f1cf2a7aef6fb804903cbae2741ca,https://github.com/OpenRCT2/objects/blob/978f596972c1163dc670d853dd6add4766f10dbd/objects/rct2/ride/rct2.ride.aml1.json,miniature_railway,5,transport,,3,8,,0;0;6,3000;110;600,313776;209184;270196,2,not verified against original; not a production implementation registry,original media excluded; independently authored asset pending
rct2.ride.amt1,rct2,rct2;rct1,ride,0A188A80|AMT1    |53A59CAC,8,legacy identity metadata,objects/rct2/ride/rct2.ride.amt1.json,d2649df0682b6c4a46fb7404df8db9ec5fa4621ad9394ae81b875b3028f644d2,https://github.com/OpenRCT2/objects/blob/978f596972c1163dc670d853dd6add4766f10dbd/objects/rct2/ride/rct2.ride.amt1.json,mine_train_rc,17,rollercoaster,,,9,,2;4,500;500,209184;209184,,not verified against original; not a production implementation registry,original media excluded; independently authored asset pending
rct2.ride.arrsw1,rct2,rct2;rct1,ride,0A188A80|ARRSW1  |0861F5A7,8,legacy identity metadata,objects/rct2/ride/rct2.ride.arrsw1.json,12279a9a1a04c327656c00b435e071a868bf59b88276282d3bba0b0a645f0cb4,https://github.com/OpenRCT2/objects/blob/978f596972c1163dc670d853dd6add4766f10dbd/objects/rct2/ride/rct2.ride.arrsw1.json,suspended_swinging_rc,2,rollercoaster,,,8,,4,950,287628,,not verified against original; not a production implementation registry,original media excluded; independently authored asset pending
rct2.ride.arrsw2,rct2,rct2;rct1,ride,0A188A80|ARRSW2  |7F202742,8,legacy identity metadata,objects/rct2/ride/rct2.ride.arrsw2.json,65ae022dcd5801b1eac3b989374e7c047a3ec84b9fd5395c8b8a14a379b2f260,https://github.com/OpenRCT2/objects/blob/978f596972c1163dc670d853dd6add4766f10dbd/objects/rct2/ride/rct2.ride.arrsw2.json,suspended_swinging_rc,2,rollercoaster,,,8,,4,950,287628,,not verified against original; not a production implementation registry,original media excluded; independently authored asset pending
rct2.ride.arrt1,rct2,rct2,ride,0A188A80|ARRT1   |6EAF6062,8,legacy identity metadata,objects/rct2/ride/rct2.ride.arrt1.json,ba1af43a559abd9e29006ad4d63d2ed32b51832d3f4754ee6a24d54c2e8e99c3,https://github.com/OpenRCT2/objects/blob/978f596972c1163dc670d853dd6add4766f10dbd/objects/rct2/ride/rct2.ride.arrt1.json,corkscrew_rc,19,rollercoaster,,3,9,,4;4;0,600;500;50,261480;226616;52296,1,not verified against original; not a production implementation registry,original media excluded; independently authored asset pending
rct2.ride.arrt2,rct2,rct2;rct1ll,ride,0A188A80|ARRT2   |9A9CBE22,8,legacy identity metadata,objects/rct2/ride/rct2.ride.arrt2.json,e96a94be10a2efcaf8bdda49d7f228527530f7bf7d6874f7c0d42195dd866531,https://github.com/OpenRCT2/objects/blob/978f596972c1163dc670d853dd6add4766f10dbd/objects/rct2/ride/rct2.ride.arrt2.json,hypercoaster,19,rollercoaster,,2,8,,6;6,650;610,287628;252764,,not verified against original; not a production implementation registry,original media excluded; independently authored asset pending
rct2.ride.arrx,rct2,rct2,ride,0A188A80|ARRX    |9BA47335,8,legacy identity metadata,objects/rct2/ride/rct2.ride.arrx.json,a9f535ac983d780458db7e4a30f4a80b47b4dc7b09e7709d38edfabd3ed6e974,https://github.com/OpenRCT2/objects/blob/978f596972c1163dc670d853dd6add4766f10dbd/objects/rct2/ride/rct2.ride.arrx.json,multi_dimension_rc,55,rollercoaster,,4,7,,4;4,1000;1000,174320;174320,,not verified against original; not a production implementation registry,original media excluded; independently authored asset pending
rct2.ride.atm1,rct2,rct2,ride,0A188A80|ATM1    |BBDCC13A,8,legacy identity metadata,objects/rct2/ride/rct2.ride.atm1.json,80b6264104e86980f5935660eaeb532c893b67a2cbc75823c439683747bdfe78,https://github.com/OpenRCT2/objects/blob/978f596972c1163dc670d853dd6add4766f10dbd/objects/rct2/ride/rct2.ride.atm1.json,cash_machine,45,stall,64,,,,0,,139456,,not verified against original; not a production implementation registry,original media excluded; independently authored asset pending
rct2.ride.balln,rct2,rct2;rct1,ride,0A188A80|BALLN   |765799AF,8,legacy identity metadata,objects/rct2/ride/rct2.ride.balln.json,5a0026385910c09023caba5d8656849a746948a1b1f50518f627f7f1ef0d275f,https://github.com/OpenRCT2/objects/blob/978f596972c1163dc670d853dd6add4766f10dbd/objects/rct2/ride/rct2.ride.balln.json,shop,32,stall,56,,,balloon,,,,,not verified against original; not a production implementation registry,original media excluded; independently authored asset pending
rct2.ride.batfl,rct2,rct2,ride,0A188A80|BATFL   |95108819,8,legacy identity metadata,objects/rct2/ride/rct2.ride.batfl.json,a4c78ac010b6cdb5c7c49fb41d192f3ce9228408a0f19ea4fea9f20349df3f91,https://github.com/OpenRCT2/objects/blob/978f596972c1163dc670d853dd6add4766f10dbd/objects/rct2/ride/rct2.ride.batfl.json,mini_suspended_rc,7,rollercoaster,,,,,2,320,165604,,not verified against original; not a production implementation registry,original media excluded; independently authored asset pending
rct2.ride.bboat,rct2,rct2;rct1,ride,0A188A80|BBOAT   |732C7635,8,legacy identity metadata,objects/rct2/ride/rct2.ride.bboat.json,e9b2224be69d10ebbe799482eee516666d5ffd8ea00b2a6652df50fc5c700902,https://github.com/OpenRCT2/objects/blob/978f596972c1163dc670d853dd6add4766f10dbd/objects/rct2/ride/rct2.ride.bboat.json,boat_hire,8,water;thrill,,,,,2,140,183036,,not verified against original; not a production implementation registry,original media excluded; independently authored asset pending
rct2.ride.bmair,rct2,rct2,ride,0A188A80|BMAIR   |28DE8ACD,8,legacy identity metadata,objects/rct2/ride/rct2.ride.bmair.json,051bf713c011985873ae8675291bdfc6bafc1e3f6bedbf6a19871877c03ee310,https://github.com/OpenRCT2/objects/blob/978f596972c1163dc670d853dd6add4766f10dbd/objects/rct2/ride/rct2.ride.bmair.json,flying_rc,57,rollercoaster,,3,8,,4;4,950;950,183036;183036,,not verified against original; not a production implementation registry,original media excluded; independently authored asset pending
rct2.ride.bmfl,rct2,rct2;rct1aa,ride,0A188A80|BMFL    |F6F209D9,8,legacy identity metadata,objects/rct2/ride/rct2.ride.bmfl.json,c20d3a963d7d6aef95bdf7b02a41fa6f3b42cd43783ba2bce6b7128a8bb8f8d2,https://github.com/OpenRCT2/objects/blob/978f596972c1163dc670d853dd6add4766f10dbd/objects/rct2/ride/rct2.ride.bmfl.json,twister_rc,51,rollercoaster,,4,8,,4,710,130740,,not verified against original; not a production implementation registry,original media excluded; independently authored asset pending
rct2.ride.bmrb,rct2,rct2;rct1aa,ride,0A188A80|BMRB    |DFE3E54D,8,legacy identity metadata,objects/rct2/ride/rct2.ride.bmrb.json,a111056dd2292c6b835d61316ad27fd086e435bb7cfdedf6e51e95d1d9d775e1,https://github.com/OpenRCT2/objects/blob/978f596972c1163dc670d853dd6add4766f10dbd/objects/rct2/ride/rct2.ride.bmrb.json,hyper_twister,51,rollercoaster,,5,10,,4;0,680;525,130740;95876,1,not verified against original; not a production implementation registry,original media excluded; independently authored asset pending
rct2.ride.bmsd,rct2,rct2;rct1aa,ride,0A188A80|BMSD    |E64D1747,8,legacy identity metadata,objects/rct2/ride/rct2.ride.bmsd.json,2c9304a1ef882ed28651c48e9b7697c029b4d88353d42c5e882d507901dcfc7f,https://github.com/OpenRCT2/objects/blob/978f596972c1163dc670d853dd6add4766f10dbd/objects/rct2/ride/rct2.ride.bmsd.json,twister_rc,51,rollercoaster,,5,9,,4;0,650;525,130740;95876,1,not verified against original; not a production implementation registry,original media excluded; independently authored asset pending
rct2.ride.bmsu,rct2,rct2;rct1aa,ride,0A188A80|BMSU    |53DA160D,8,legacy identity metadata,objects/rct2/ride/rct2.ride.bmsu.json,615f0e19dd1418cb372fc848c35b17a9cd09c59f303985a992563be896882442,https://github.com/OpenRCT2/objects/blob/978f596972c1163dc670d853dd6add4766f10dbd/objects/rct2/ride/rct2.ride.bmsu.json,twister_rc,51,rollercoaster,,5,9,,4;0,740;525,130740;95876,1,not verified against original; not a production implementation registry,original media excluded; independently authored asset pending
rct2.ride.bmvd,rct2,rct2;rct1,ride,0A188A80|BMVD    |2652B6A8,8,legacy identity metadata,objects/rct2/ride/rct2.ride.bmvd.json,3003bfe16009838bf82edfe6fd010e149dbf3b40d19596736b8fa19a93b571dd,https://github.com/OpenRCT2/objects/blob/978f596972c1163dc670d853dd6add4766f10dbd/objects/rct2/ride/rct2.ride.bmvd.json,vertical_drop_rc,44,rollercoaster,,,3,,6,2000,156888,,not verified against original; not a production implementation registry,original media excluded; independently authored asset pending
rct2.ride.bnoodles,rct2,rct2,ride,0A188A80|BNOODLES|D51D649F,8,legacy identity metadata,objects/rct2/ride/rct2.ride.bnoodles.json,1219303caa9603efaeeebd9f4783f1a760a990099ac77fb4ffb5fab1aeeb9f63,https://github.com/OpenRCT2/objects/blob/978f596972c1163dc670d853dd6add4766f10dbd/objects/rct2/ride/rct2.ride.bnoodles.json,food_stall,28,stall,56,,,beef_noodles,,,,,not verified against original; not a production implementation registry,original media excluded; independently authored asset pending
rct2.ride.bob1,rct2,rct2;rct1,ride,0A188A80|BOB1    |2A8F112F,8,legacy identity metadata,objects/rct2/ride/rct2.ride.bob1.json,3885bf344499379e51d4011b53c66823592540e4d2729655ea8f8dcfc159447f,https://github.com/OpenRCT2/objects/blob/978f596972c1163dc670d853dd6add4766f10dbd/objects/rct2/ride/rct2.ride.bob1.json,bobsleigh_rc,13,rollercoaster,,,8,,2,600,200468,,not verified against original; not a production implementation registry,original media excluded; independently authored asset pending
rct2.ride.burgb,rct2,rct2;rct1,ride,0A188A80|BURGB   |2BBB59E4,8,legacy identity metadata,objects/rct2/ride/rct2.ride.burgb.json,219c285fe81658b3ec195fd65b4d455977a6666d9448c2c68e3b336ba2de190c,https://github.com/OpenRCT2/objects/blob/978f596972c1163dc670d853dd6add4766f10dbd/objects/rct2/ride/rct2.ride.burgb.json,food_stall,28,stall,32,,,burger,,,,,not verified against original; not a production implementation registry,original media excluded; independently authored asset pending
rct2.ride.c3d,rct2,rct2;rct1,ride,0A188A80|C3D     |CF02AAF7,8,legacy identity metadata,objects/rct2/ride/rct2.ride.c3d.json,47055433f81ab00204eb5c39417f2a29eda8a0a5b18acbfabae9ed73be9ad273,https://github.com/OpenRCT2/objects/blob/978f596972c1163dc670d853dd6add4766f10dbd/objects/rct2/ride/rct2.ride.c3d.json,3d_cinema,39,thrill,,,,,20,200,139456,,not verified against original; not a production implementation registry,original media excluded; independently authored asset pending
rct2.ride.cboat,rct2,rct2;rct1,ride,0A188A80|CBOAT   |7E79535C,8,legacy identity metadata,objects/rct2/ride/rct2.ride.cboat.json,0df6bf030a0cf217f21d62446dfec2512bffa481a92a53e2de83c3ca7061ce58,https://github.com/OpenRCT2/objects/blob/978f596972c1163dc670d853dd6add4766f10dbd/objects/rct2/ride/rct2.ride.cboat.json,boat_hire,8,water;gentle,,,,,2,180,278912,,not verified against original; not a production implementation registry,original media excluded; independently authored asset pending
rct2.ride.chbuild,rct2,rct2;rct1aa,ride,0A188A80|CHBUILD |B3C76043,8,legacy identity metadata,objects/rct2/ride/rct2.ride.chbuild.json,0e37e383f59a9f36aec6197386ccee8510fa121c88953e00c94ae472695236f9,https://github.com/OpenRCT2/objects/blob/978f596972c1163dc670d853dd6add4766f10dbd/objects/rct2/ride/rct2.ride.chbuild.json,crooked_house,71,gentle,,,,,5,3000,139456,,not verified against original; not a production implementation registry,original media excluded; independently authored asset pending
rct2.ride.chcks,rct2,rct2;rct1ll,ride,0A188A80|CHCKS   |307F0F41,8,legacy identity metadata,objects/rct2/ride/rct2.ride.chcks.json,a0057e823c2b7b135fb5305f868d259d10ef43a52a7ed46b4a738c54bba0e6a0,https://github.com/OpenRCT2/objects/blob/978f596972c1163dc670d853dd6add4766f10dbd/objects/rct2/ride/rct2.ride.chcks.json,food_stall,28,stall,64,,,chicken,,,,,not verified against original; not a production implementation registry,original media excluded; independently authored asset pending
rct2.ride.chknug,rct2,rct2,ride,0A188A80|CHKNUG  |FB824A39,8,legacy identity metadata,objects/rct2/ride/rct2.ride.chknug.json,9088d366b87dc954f64fd72bf93ddaf2f9774612248319fe3f0d5513177d7dc3,https://github.com/OpenRCT2/objects/blob/978f596972c1163dc670d853dd6add4766f10dbd/objects/rct2/ride/rct2.ride.chknug.json,food_stall,28,stall,40,,,chicken,,,,,not verified against original; not a production implementation registry,original media excluded; independently authored asset pending
rct2.ride.chpsh,rct2,rct2;rct1,ride,0A188A80|CHPSH   |7A476E0A,8,legacy identity metadata,objects/rct2/ride/rct2.ride.chpsh.json,59a5556bff004040365c6cb5839de4623069b7913b5ac7075f46662990e6c182,https://github.com/OpenRCT2/objects/blob/978f596972c1163dc670d853dd6add4766f10dbd/objects/rct2/ride/rct2.ride.chpsh.json,food_stall,28,stall,64,,,chips,,,,,not verified against original; not a production implementation registry,original media excluded; independently authored asset pending
rct2.ride.chpsh2,rct2,rct2,ride,0A188A80|CHPSH2  |080C4E7D,8,legacy identity metadata,objects/rct2/ride/rct2.ride.chpsh2.json,11511ee25172eb91d1edd1963e20a1fb072972fc93ad47fcd6e4701fdfd4efa1,https://github.com/OpenRCT2/objects/blob/978f596972c1163dc670d853dd6add4766f10dbd/objects/rct2/ride/rct2.ride.chpsh2.json,food_stall,28,stall,40,,,chips,,,,,not verified against original; not a production implementation registry,original media excluded; independently authored asset pending
rct2.ride.cindr,rct2,rct2,ride,0A188A80|CINDR   |E62108E8,8,legacy identity metadata,objects/rct2/ride/rct2.ride.cindr.json,e145b8840dc4106df6cfdc98876bf2cab090d842066e0e2a45d788827382dd9e,https://github.com/OpenRCT2/objects/blob/978f596972c1163dc670d853dd6add4766f10dbd/objects/rct2/ride/rct2.ride.cindr.json,drink_stall,30,stall,64,,,sujeonggwa,,,,,not verified against original; not a production implementation registry,original media excluded; independently authored asset pending
rct2.ride.circus1,rct2,rct2;rct1aa,ride,0A188A80|CIRCUS1 |2BCEECE3,8,legacy identity metadata,objects/rct2/ride/rct2.ride.circus1.json,c4e3d55a9a6a737f40458f1e3f0d65785ea68321f8ceb690f4438f378a24a745,https://github.com/OpenRCT2/objects/blob/978f596972c1163dc670d853dd6add4766f10dbd/objects/rct2/ride/rct2.ride.circus1.json,circus,49,gentle,,,,,30,3000,139456,,not verified against original; not a production implementation registry,original media excluded; independently authored asset pending
rct2.ride.clift1,rct2,rct2;rct1,ride,0A188A80|CLIFT1  |A87D4055,8,legacy identity metadata,objects/rct2/ride/rct2.ride.clift1.json,90589a5c00f22a38df48139a88bb94b783bec851665cf698ba4bf33b187d1f3d,https://github.com/OpenRCT2/objects/blob/978f596972c1163dc670d853dd6add4766f10dbd/objects/rct2/ride/rct2.ride.clift1.json,chairlift,18,transport,,,,,2,300,148172,,not verified against original; not a production implementation registry,original media excluded; independently authored asset pending
rct2.ride.clift2,rct2,rct2;rct1aa,ride,0A188A80|CLIFT2  |16FD5E5E,8,legacy identity metadata,objects/rct2/ride/rct2.ride.clift2.json,0cc8981f427002943013b66b84fbb977698d8607ecbd3de92bde8f7ac93f1d67,https://github.com/OpenRCT2/objects/blob/978f596972c1163dc670d853dd6add4766f10dbd/objects/rct2/ride/rct2.ride.clift2.json,chairlift,18,transport,,,,,2,270,148172,,not verified against original; not a production implementation registry,original media excluded; independently authored asset pending
rct2.ride.cndyf,rct2,rct2;rct1,ride,0A188A80|CNDYF   |FFE03AB6,8,legacy identity metadata,objects/rct2/ride/rct2.ride.cndyf.json,5cf855bc7b39da31d7a0159a3686214188b0656f96cf5a157cc852a417bb26ef,https://github.com/OpenRCT2/objects/blob/978f596972c1163dc670d853dd6add4766f10dbd/objects/rct2/ride/rct2.ride.cndyf.json,food_stall,28,stall,48,,,candyfloss,,,,,not verified against original; not a production implementation registry,original media excluded; independently authored asset pending
rct2.ride.coffs,rct2,rct2;rct1ll,ride,0A188A80|COFFS   |10FA5768,8,legacy identity metadata,objects/rct2/ride/rct2.ride.coffs.json,c52ef18ffdcddfe885d5c0d81fa916fce670be385428926315bb790d6b00ad9e,https://github.com/OpenRCT2/objects/blob/978f596972c1163dc670d853dd6add4766f10dbd/objects/rct2/ride/rct2.ride.coffs.json,drink_stall,30,stall,48,,,coffee,,,,,not verified against original; not a production implementation registry,original media excluded; independently authored asset pending
rct2.ride.cookst,rct2,rct2,ride,0A188A80|COOKST  |15E3B0F2,8,legacy identity metadata,objects/rct2/ride/rct2.ride.cookst.json,99b072fe87f1e639bff865280ca8e2dd4bc93979a0c905b1fca3237a347e9212,https://github.com/OpenRCT2/objects/blob/978f596972c1163dc670d853dd6add4766f10dbd/objects/rct2/ride/rct2.ride.cookst.json,food_stall,28,stall,32,,,cookie,,,,,not verified against original; not a production implementation registry,original media excluded; independently authored asset pending
rct2.ride.cstboat,rct2,rct2;rct1ll,ride,0A188A80|CSTBOAT |4B7F9741,8,legacy identity metadata,objects/rct2/ride/rct2.ride.cstboat.json,7f47db099811afa892e67247dd51855298dd5ca3ead809bf65f938c984dbcc59,https://github.com/OpenRCT2/objects/blob/978f596972c1163dc670d853dd6add4766f10dbd/objects/rct2/ride/rct2.ride.cstboat.json,water_coaster,74,water;rollercoaster,,3,3,,6;0,950;,191752;87160,2,not verified against original; not a production implementation registry,original media excluded; independently authored asset pending
rct2.ride.ctcar,rct2,rct2;rct1,ride,0A188A80|CTCAR   |2082E6E1,8,legacy identity metadata,objects/rct2/ride/rct2.ride.ctcar.json,499754638714deda26984d9771c9a4769a15bfe562dca0b7d9c4ac5a67e9fe28,https://github.com/OpenRCT2/objects/blob/978f596972c1163dc670d853dd6add4766f10dbd/objects/rct2/ride/rct2.ride.ctcar.json,car_ride,11,gentle,,3,3,,2;0,300;,148172;34864,2,not verified against original; not a production implementation registry,original media excluded; independently authored asset pending
rct2.ride.ding1,rct2,rct2;rct1,ride,0A188A80|DING1   |7EB3E178,8,legacy identity metadata,objects/rct2/ride/rct2.ride.ding1.json,b058b55951e54f196a5e818330173bca43a043ea763f619b8c57e335addeed85,https://github.com/OpenRCT2/objects/blob/978f596972c1163dc670d853dd6add4766f10dbd/objects/rct2/ride/rct2.ride.ding1.json,dinghy_slide,16,water;rollercoaster,,,,,2,300,200468,,not verified against original; not a production implementation registry,original media excluded; independently authored asset pending
rct2.ride.dodg1,rct2,rct2;rct1,ride,0A188A80|DODG1   |202805C0,8,legacy identity metadata,objects/rct2/ride/rct2.ride.dodg1.json,b825cd7b0c04c44490b4182dcff6a76c01a9f96fa48aee2662379a43f33cc8b0,https://github.com/OpenRCT2/objects/blob/978f596972c1163dc670d853dd6add4766f10dbd/objects/rct2/ride/rct2.ride.dodg1.json,dodgems,25,gentle,,,,,1,200,139456,,not verified against original; not a production implementation registry,original media excluded; independently authored asset pending
rct2.ride.dough,rct2,rct2;rct1ll,ride,0A188A80|DOUGH   |197EC555,8,legacy identity metadata,objects/rct2/ride/rct2.ride.dough.json,f54a307c85c2691e0b258cb7c6d50af539302bdad10530dc0da2285a196382c8,https://github.com/OpenRCT2/objects/blob/978f596972c1163dc670d853dd6add4766f10dbd/objects/rct2/ride/rct2.ride.dough.json,food_stall,28,stall,48,,,doughnut,,,,,not verified against original; not a production implementation registry,original media excluded; independently authored asset pending
rct2.ride.drnks,rct2,rct2;rct1,ride,0A188A80|DRNKS   |CF2608E1,8,legacy identity metadata,objects/rct2/ride/rct2.ride.drnks.json,a48f1a9ad5f22104e28da7f9796d45c1b8e79f44371989e6346bf092e2831713,https://github.com/OpenRCT2/objects/blob/978f596972c1163dc670d853dd6add4766f10dbd/objects/rct2/ride/rct2.ride.drnks.json,drink_stall,30,stall,48,,,drink,,,,,not verified against original; not a production implementation registry,original media excluded; independently authored asset pending
rct2.ride.enterp,rct2,rct2;rct1ll,ride,0A188A80|ENTERP  |CAD5290B,8,legacy identity metadata,objects/rct2/ride/rct2.ride.enterp.json,15fde25b9cafc09460ab600fed369dc9b42fd75c2a737c0d5cb109cc38e8a76b,https://github.com/OpenRCT2/objects/blob/978f596972c1163dc670d853dd6add4766f10dbd/objects/rct2/ride/rct2.ride.enterp.json,enterprise,81,thrill,,,,,16,200,139456,,not verified against original; not a production implementation registry,original media excluded; independently authored asset pending
rct2.ride.faid1,rct2,rct2,ride,0A188A80|FAID1   |F5BF5D9E,8,legacy identity metadata,objects/rct2/ride/rct2.ride.faid1.json,2b2cde75d3ff6bf8a59e546bfeab7ddb61347dc9dff7f1984658d6ecb4c6cb84,https://github.com/OpenRCT2/objects/blob/978f596972c1163dc670d853dd6add4766f10dbd/objects/rct2/ride/rct2.ride.faid1.json,first_aid,48,stall,48,,,,0,,139456,,not verified against original; not a production implementation registry,original media excluded; independently authored asset pending
rct2.ride.frnood,rct2,rct2,ride,0A188A80|FRNOOD  |8CCC386A,8,legacy identity metadata,objects/rct2/ride/rct2.ride.frnood.json,58b16c4e34a8b16d6f84c8c356954f2d2b8865b90a0aa6d5cf6b30228a894092,https://github.com/OpenRCT2/objects/blob/978f596972c1163dc670d853dd6add4766f10dbd/objects/rct2/ride/rct2.ride.frnood.json,food_stall,28,stall,48,,,fried_rice_noodles,,,,,not verified against original; not a production implementation registry,original media excluded; independently authored asset pending
rct2.ride.fsauc,rct2,rct2;rct1aa,ride,0A188A80|FSAUC   |286B8633,8,legacy identity metadata,objects/rct2/ride/rct2.ride.fsauc.json,f6ce96acc5b8a7d16176802b7ae2b13bc3d8e23132734dc7334b35ff0dbff258,https://github.com/OpenRCT2/objects/blob/978f596972c1163dc670d853dd6add4766f10dbd/objects/rct2/ride/rct2.ride.fsauc.json,flying_saucers,70,gentle,,,,,1,190,139456,,not verified against original; not a production implementation registry,original media excluded; independently authored asset pending
rct2.ride.funcake,rct2,rct2,ride,0A188A80|FUNCAKE |042CE30B,8,legacy identity metadata,objects/rct2/ride/rct2.ride.funcake.json,9bca763e7f62e0c3e280353a680a00882e7a420794ce1d07867dccd532f3b073,https://github.com/OpenRCT2/objects/blob/978f596972c1163dc670d853dd6add4766f10dbd/objects/rct2/ride/rct2.ride.funcake.json,food_stall,28,stall,32,,,funnel_cake,,,,,not verified against original; not a production implementation registry,original media excluded; independently authored asset pending
rct2.ride.fwh1,rct2,rct2;rct1,ride,0A188A80|FWH1    |BE0E9ADE,8,legacy identity metadata,objects/rct2/ride/rct2.ride.fwh1.json,c5dc70e4ebccc89c09b1a1b0080bb3417700940023c431cf572744b499522e2d,https://github.com/OpenRCT2/objects/blob/978f596972c1163dc670d853dd6add4766f10dbd/objects/rct2/ride/rct2.ride.fwh1.json,ferris_wheel,37,gentle,,,,,32,3000,139456,,not verified against original; not a production implementation registry,original media excluded; independently authored asset pending
rct2.ride.gdrop1,rct2,rct2;rct1aa,ride,0A188A80|GDROP1  |CFBA20A5,8,legacy identity metadata,objects/rct2/ride/rct2.ride.gdrop1.json,0bce7c4301078c6d131ce6aa965b8d3968612d23247bb9d0c1fb3fc36fae112f,https://github.com/OpenRCT2/objects/blob/978f596972c1163dc670d853dd6add4766f10dbd/objects/rct2/ride/rct2.ride.gdrop1.json,roto_drop,69,thrill,,,,,16,1800,174320,,not verified against original; not a production implementation registry,original media excluded; independently authored asset pending
rct2.ride.golf1,rct2,rct2;rct1aa,ride,0A188A80|GOLF1   |FD380E73,8,legacy identity metadata,objects/rct2/ride/rct2.ride.golf1.json,2cd90b1bb40561edaad17e0d2ad308c6196e7fb2190caa9f92806a567cdfe2d9,https://github.com/OpenRCT2/objects/blob/978f596972c1163dc670d853dd6add4766f10dbd/objects/rct2/ride/rct2.ride.golf1.json,mini_golf,67,gentle,,2,2,,0;1,;100,17432;17432,1,not verified against original; not a production implementation registry,original media excluded; independently authored asset pending
rct2.ride.goltr,rct2,rct2,ride,0A188A80|GOLTR   |F03D99BC,8,legacy identity metadata,objects/rct2/ride/rct2.ride.goltr.json,47bd88e9558bbd7317c727b87d816638ac4e239a451d388f28156a3bf3b29705,https://github.com/OpenRCT2/objects/blob/978f596972c1163dc670d853dd6add4766f10dbd/objects/rct2/ride/rct2.ride.goltr.json,hyper_twister,51,rollercoaster,,4,6,,6;0,1400;400,296344;87160,1,not verified against original; not a production implementation registry,original media excluded; independently authored asset pending
rct2.ride.gtc,rct2,rct2;rct1aa,ride,0A188A80|GTC     |9F6FE3B5,8,legacy identity metadata,objects/rct2/ride/rct2.ride.gtc.json,e8e61c9f2b1a561f89b3d281cddab24a9503c777bb5805b50c51aef7182fbfa8,https://github.com/OpenRCT2/objects/blob/978f596972c1163dc670d853dd6add4766f10dbd/objects/rct2/ride/rct2.ride.gtc.json,ghost_train,50,gentle,,3,3,,2;0,300;,148172;34864,2,not verified against original; not a production implementation registry,original media excluded; independently authored asset pending
rct2.ride.hatst,rct2,rct2;rct1aa,ride,0A188A80|HATST   |DAE9D00C,8,legacy identity metadata,objects/rct2/ride/rct2.ride.hatst.json,7bbaa8188e765f83d7dae7081ca5292d5817580b258f15df248046d9c673ea62,https://github.com/OpenRCT2/objects/blob/978f596972c1163dc670d853dd6add4766f10dbd/objects/rct2/ride/rct2.ride.hatst.json,shop,32,stall,32,,,hat,,,,,not verified against original; not a production implementation registry,original media excluded; independently authored asset pending
rct2.ride.hchoc,rct2,rct2,ride,0A188A80|HCHOC   |41EF07E7,8,legacy identity metadata,objects/rct2/ride/rct2.ride.hchoc.json,5cf969068eb7d274930d5e2ded4ee614fd5e402d232aedde5df9ebafd741d2f9,https://github.com/OpenRCT2/objects/blob/978f596972c1163dc670d853dd6add4766f10dbd/objects/rct2/ride/rct2.ride.hchoc.json,drink_stall,30,stall,32,,,chocolate,,,,,not verified against original; not a production implementation registry,original media excluded; independently authored asset pending
rct2.ride.helicar,rct2,rct2;rct1aa,ride,0A188A80|HELICAR |A4EBEE6C,8,legacy identity metadata,objects/rct2/ride/rct2.ride.helicar.json,696c99c9ab28cea12f159d8ea217e6de602fc5f1443619fa1e32334f241b9a5c,https://github.com/OpenRCT2/objects/blob/978f596972c1163dc670d853dd6add4766f10dbd/objects/rct2/ride/rct2.ride.helicar.json,mini_helicopters,61,gentle,,3,3,,2;0,270;,148172;34864,2,not verified against original; not a production implementation registry,original media excluded; independently authored asset pending
rct2.ride.hhbuild,rct2,rct2;rct1,ride,0A188A80|HHBUILD |36C99378,8,legacy identity metadata,objects/rct2/ride/rct2.ride.hhbuild.json,c8155d2291dbdda9c42f32d99ccaa11438337d8aac7ab4391b5be3df214c029f,https://github.com/OpenRCT2/objects/blob/978f596972c1163dc670d853dd6add4766f10dbd/objects/rct2/ride/rct2.ride.hhbuild.json,haunted_house,47,gentle,,,,,15,3000,139456,,not verified against original; not a production implementation registry,original media excluded; independently authored asset pending
rct2.ride.hmaze,rct2,rct2;rct1,ride,0A188A80|HMAZE   |5BD31A4B,8,legacy identity metadata,objects/rct2/ride/rct2.ride.hmaze.json,dc287d119e4c800d9206e42c159b0ae719e6c8da39fe2330903ee2508f09f1cb,https://github.com/OpenRCT2/objects/blob/978f596972c1163dc670d853dd6add4766f10dbd/objects/rct2/ride/rct2.ride.hmaze.json,maze,20,gentle,,,,,0,,139456,,not verified against original; not a production implementation registry,original media excluded; independently authored asset pending
rct2.ride.hmcar,rct2,rct2,ride,0A188A80|HMCAR   |A151BA28,8,legacy identity metadata,objects/rct2/ride/rct2.ride.hmcar.json,d9f9189bec72d3133bbe516cc7455542a14781faa5d8f8ad13d26d3436162821,https://github.com/OpenRCT2/objects/blob/978f596972c1163dc670d853dd6add4766f10dbd/objects/rct2/ride/rct2.ride.hmcar.json,ghost_train,50,gentle,,3,3,,2;0,300;,87160;34864,2,not verified against original; not a production implementation registry,original media excluded; independently authored asset pending
rct2.ride.hotds,rct2,rct2;rct1aa,ride,0A188A80|HOTDS   |248F70CD,8,legacy identity metadata,objects/rct2/ride/rct2.ride.hotds.json,32a60eae5997f007f4346413a8f81a6799411f02a395c3067fb99e71811ca463,https://github.com/OpenRCT2/objects/blob/978f596972c1163dc670d853dd6add4766f10dbd/objects/rct2/ride/rct2.ride.hotds.json,food_stall,28,stall,48,,,hot_dog,,,,,not verified against original; not a production implementation registry,original media excluded; independently authored asset pending
rct2.ride.hskelt,rct2,rct2;rct1,ride,0A188A80|HSKELT  |3380F9BF,8,legacy identity metadata,objects/rct2/ride/rct2.ride.hskelt.json,7fdce7a5cb19ae28997f25b5afefb16cd4995bafe6106a6f3bb73353a55668e2,https://github.com/OpenRCT2/objects/blob/978f596972c1163dc670d853dd6add4766f10dbd/objects/rct2/ride/rct2.ride.hskelt.json,spiral_slide,21,gentle,,,,,0,,139456,,not verified against original; not a production implementation registry,original media excluded; independently authored asset pending
rct2.ride.icecr1,rct2,rct2;rct1,ride,0A188A80|ICECR1  |E3CF92CE,8,legacy identity metadata,objects/rct2/ride/rct2.ride.icecr1/object.json,9274a8ca3e45931003e0369f1d8e972a5c994ae127da10fdad8d31eafbd82734,https://github.com/OpenRCT2/objects/blob/978f596972c1163dc670d853dd6add4766f10dbd/objects/rct2/ride/rct2.ride.icecr1/object.json,food_stall,28,stall,56,,,ice_cream,,,,,not verified against original; not a production implementation registry,original media excluded; independently authored asset pending
rct2.ride.icecr2,rct2,rct2,ride,0A188A80|ICECR2  |3D5E0792,8,legacy identity metadata,objects/rct2/ride/rct2.ride.icecr2.json,1f2bc698894602e57c80e38ed42a56c79f1ae31f4a4492305c5253142f042da8,https://github.com/OpenRCT2/objects/blob/978f596972c1163dc670d853dd6add4766f10dbd/objects/rct2/ride/rct2.ride.icecr2.json,food_stall,28,stall,64,,,ice_cream,,,,,not verified against original; not a production implementation registry,original media excluded; independently authored asset pending
rct2.ride.icetst,rct2,rct2,ride,0A188A80|ICETST  |4550D0CE,8,legacy identity metadata,objects/rct2/ride/rct2.ride.icetst.json,33cad728c553e664341b8eeb00466669b82ca4f58c6dfb17259d794a70369a26,https://github.com/OpenRCT2/objects/blob/978f596972c1163dc670d853dd6add4766f10dbd/objects/rct2/ride/rct2.ride.icetst.json,drink_stall,30,stall,56,,,iced_tea,,,,,not verified against original; not a production implementation registry,original media excluded; independently authored asset pending
rct2.ride.infok,rct2,rct2;rct1,ride,0A188A80|INFOK   |6888ED73,8,legacy identity metadata,objects/rct2/ride/rct2.ride.infok.json,0981b0e506f650c40862d99682d91f78dd0df2993b7603557a71056b04d92595,https://github.com/OpenRCT2/objects/blob/978f596972c1163dc670d853dd6add4766f10dbd/objects/rct2/ride/rct2.ride.infok.json,information_kiosk,35,stall,48,,,map;umbrella,0,,139456,,not verified against original; not a production implementation registry,original media excluded; independently authored asset pending
rct2.ride.intbob,rct2,rct2,ride,0A188A80|INTBOB  |499CD9EA,8,legacy identity metadata,objects/rct2/ride/rct2.ride.intbob.json,10534509c3688e06719f0454d9e45956670cfb407d4c021834dc00f06051f008,https://github.com/OpenRCT2/objects/blob/978f596972c1163dc670d853dd6add4766f10dbd/objects/rct2/ride/rct2.ride.intbob.json,bobsleigh_rc,13,rollercoaster,,,,,6,1400,296344,,not verified against original; not a production implementation registry,original media excluded; independently authored asset pending
rct2.ride.intinv,rct2,rct2,ride,0A188A80|INTINV  |695D7C15,8,legacy identity metadata,objects/rct2/ride/rct2.ride.intinv.json,dba135451c0fc1f34717808f6f8484566ad6aff019e68ed7c9c6eea245c2e3a4,https://github.com/OpenRCT2/objects/blob/978f596972c1163dc670d853dd6add4766f10dbd/objects/rct2/ride/rct2.ride.intinv.json,inverted_impulse_rc,86,rollercoaster,,4,9,,4,770,244048,,not verified against original; not a production implementation registry,original media excluded; independently authored asset pending
rct2.ride.intst,rct2,rct2,ride,0A188A80|INTST   |59F1CF92,8,legacy identity metadata,objects/rct2/ride/rct2.ride.intst.json,3d09e392d1beacb723d21364eae4162d4332ceb8d60b09b278cfca59e115051d,https://github.com/OpenRCT2/objects/blob/978f596972c1163dc670d853dd6add4766f10dbd/objects/rct2/ride/rct2.ride.intst.json,giga_rc,68,rollercoaster,,4,9,,4;4,600;550,296344;191752,,not verified against original; not a production implementation registry,original media excluded; independently authored asset pending
rct2.ride.ivmc1,rct2,rct2;rct1ll,ride,0A188A80|IVMC1   |18AC17FC,8,legacy identity metadata,objects/rct2/ride/rct2.ride.ivmc1.json,0ce278a161c8a8647d70de4721bd8219849d90acae885f9cbdb8dff33475896f,https://github.com/OpenRCT2/objects/blob/978f596972c1163dc670d853dd6add4766f10dbd/objects/rct2/ride/rct2.ride.ivmc1.json,inverted_hairpin_rc,76,rollercoaster,,,,,4,570,156888,,not verified against original; not a production implementation registry,original media excluded; independently authored asset pending
rct2.ride.jski,rct2,rct2;rct1ll,ride,0A188A80|JSKI    |E08C3F3A,8,legacy identity metadata,objects/rct2/ride/rct2.ride.jski.json,b1774f4a0af92f0bd7e703cf6a529a35bf89271d77b26aa2a3a1813e40e9a25f,https://github.com/OpenRCT2/objects/blob/978f596972c1163dc670d853dd6add4766f10dbd/objects/rct2/ride/rct2.ride.jski.json,boat_hire,8,water;thrill,,,,,1,160,183036,,not verified against original; not a production implementation registry,original media excluded; independently authored asset pending
rct2.ride.jstar1,rct2,rct2,ride,0A188B80|JSTAR1  |5885991E,8,legacy identity metadata,objects/rct2/ride/rct2.ride.jstar1.json,9b55ec4764942f703a1f0e0e0c1c429a4b3392320d3f75f6c136f13426ed7711,https://github.com/OpenRCT2/objects/blob/978f596972c1163dc670d853dd6add4766f10dbd/objects/rct2/ride/rct2.ride.jstar1.json,mini_rc,87,rollercoaster,,,,,4,790,322492,,not verified against original; not a production implementation registry,original media excluded; independently authored asset pending
rct2.ride.kart1,rct2,rct2,ride,0A188B80|KART1   |56DFF5D7,8,legacy identity metadata,objects/rct2/ride/rct2.ride.kart1.json,6943e2ab6d81e6f6a3904c5ed8c0d71539b61d704c05fe4356ea52680f4197ad,https://github.com/OpenRCT2/objects/blob/978f596972c1163dc670d853dd6add4766f10dbd/objects/rct2/ride/rct2.ride.kart1.json,go_karts,22,thrill,,,,,1,250,152888,,not verified against original; not a production implementation registry,original media excluded; independently authored asset pending
rct2.ride.lemst,rct2,rct2;rct1ll,ride,0A188B80|LEMST   |B20D8919,8,legacy identity metadata,objects/rct2/ride/rct2.ride.lemst.json,b1bafcb28a5819060d0830916c55c67f3b6d12de3ffd059b28b5faebe5699d62,https://github.com/OpenRCT2/objects/blob/978f596972c1163dc670d853dd6add4766f10dbd/objects/rct2/ride/rct2.ride.lemst.json,drink_stall,30,stall,32,,,lemonade,,,,,not verified against original; not a production implementation registry,original media excluded; independently authored asset pending
rct2.ride.lfb1,rct2,rct2;rct1,ride,0A188B80|LFB1    |202DF350,8,legacy identity metadata,objects/rct2/ride/rct2.ride.lfb1.json,ecd0192857b6e87c78ac8f16d4d92fa9ab07b95796126d06f5571dad261dd5a4,https://github.com/OpenRCT2/objects/blob/978f596972c1163dc670d853dd6add4766f10dbd/objects/rct2/ride/rct2.ride.lfb1.json,log_flume,23,water,,,,,4;4,250;250,252764;252764,,not verified against original; not a production implementation registry,original media excluded; independently authored asset pending
rct2.ride.lift1,rct2,rct2,ride,0A188B80|LIFT1   |F43C91B2,8,legacy identity metadata,objects/rct2/ride/rct2.ride.lift1.json,3ee0f92e5bc38269a584e5101db1bda91575359b7d47abc7d81037fadd79de22,https://github.com/OpenRCT2/objects/blob/978f596972c1163dc670d853dd6add4766f10dbd/objects/rct2/ride/rct2.ride.lift1.json,lift,43,transport,,,,,16,1000,862884,,not verified against original; not a production implementation registry,original media excluded; independently authored asset pending
rct2.ride.mbsoup,rct2,rct2,ride,0A188B80|MBSOUP  |16744215,8,legacy identity metadata,objects/rct2/ride/rct2.ride.mbsoup.json,7b7dc94403f289f83f3d8f2ddc1e70f5f25153fc17bb67e9271947de357b9cdf,https://github.com/OpenRCT2/objects/blob/978f596972c1163dc670d853dd6add4766f10dbd/objects/rct2/ride/rct2.ride.mbsoup.json,food_stall,28,stall,40,,,meatball_soup,,,,,not verified against original; not a production implementation registry,original media excluded; independently authored asset pending
rct2.ride.mcarpet1,rct2,rct2,ride,0A188B80|MCARPET1|073E5C11,8,legacy identity metadata,objects/rct2/ride/rct2.ride.mcarpet1.json,74ac03eef4d8dff0254bb23150b86ffe7fc84a4ccf2577c304ce93bdeac7dbf8,https://github.com/OpenRCT2/objects/blob/978f596972c1163dc670d853dd6add4766f10dbd/objects/rct2/ride/rct2.ride.mcarpet1.json,magic_carpet,77,thrill,,,,,12,200,139456,,not verified against original; not a production implementation registry,original media excluded; independently authored asset pending
rct2.ride.mft,rct2,rct2,ride,0A188B80|MFT     |52488B03,8,legacy identity metadata,objects/rct2/ride/rct2.ride.mft.json,ed0070d48ea17851c580d393e9dc6a496ef24fd9c1a8eafb60fd60a9972f0626,https://github.com/OpenRCT2/objects/blob/978f596972c1163dc670d853dd6add4766f10dbd/objects/rct2/ride/rct2.ride.mft.json,wooden_rc,52,rollercoaster,,6,12,,2;2,350;290,174320;122024,,not verified against original; not a production implementation registry,original media excluded; independently authored asset pending
rct2.ride.mgr1,rct2,rct2;rct1,ride,0A188B80|MGR1    |ADDC8D24,8,legacy identity metadata,objects/rct2/ride/rct2.ride.mgr1.json,6477fcee3d6f20f8084c79ca5718cbd9123056119a444431a185399a72680373,https://github.com/OpenRCT2/objects/blob/978f596972c1163dc670d853dd6add4766f10dbd/objects/rct2/ride/rct2.ride.mgr1.json,merry_go_round,33,gentle,,,,,16,200,139456,,not verified against original; not a production implementation registry,original media excluded; independently authored asset pending
rct2.ride.monbk,rct2,rct2;rct1aa,ride,0A188B80|MONBK   |8078AB77,8,legacy identity metadata,objects/rct2/ride/rct2.ride.monbk.json,8f5bee507ae266e2348e087bf58b6ae20f8cc65b1ce24c970a1ac641d9fbd53d,https://github.com/OpenRCT2/objects/blob/978f596972c1163dc670d853dd6add4766f10dbd/objects/rct2/ride/rct2.ride.monbk.json,monorail_cycles,72,gentle;transport,,,,,1,150,200468,,not verified against original; not a production implementation registry,original media excluded; independently authored asset pending
rct2.ride.mono1,rct2,rct2;rct1,ride,0A188B80|MONO1   |6DF225FF,8,legacy identity metadata,objects/rct2/ride/rct2.ride.mono1.json,274635336cc52ba6e4026f4e71a29355f55ae3f1d264fcbb3f92823549986a93,https://github.com/OpenRCT2/objects/blob/978f596972c1163dc670d853dd6add4766f10dbd/objects/rct2/ride/rct2.ride.mono1.json,monorail,6,transport,,2,8,,10;5;5,1100;1600;1600,313776;313776;313776,,not verified against original; not a production implementation registry,original media excluded; independently authored asset pending
rct2.ride.mono2,rct2,rct2;rct1,ride,0A188B80|MONO2   |4353CF22,8,legacy identity metadata,objects/rct2/ride/rct2.ride.mono2.json,981dc414e0f515505737023cac370742c6706e63ac9203c913eed749ba458446,https://github.com/OpenRCT2/objects/blob/978f596972c1163dc670d853dd6add4766f10dbd/objects/rct2/ride/rct2.ride.mono2.json,monorail,6,transport,,,6,,4,900,200468,,not verified against original; not a production implementation registry,original media excluded; independently authored asset pending
rct2.ride.mono3,rct2,rct2,ride,0A188B80|MONO3   |E6D0B3B8,8,legacy identity metadata,objects/rct2/ride/rct2.ride.mono3.json,19503e4781026a36f55a33cb2e6976cbbd5adf5cdb0de74e62886063ce2a1bfa,https://github.com/OpenRCT2/objects/blob/978f596972c1163dc670d853dd6add4766f10dbd/objects/rct2/ride/rct2.ride.mono3.json,monorail,6,transport,,3,12,,4;4;4,800;1200;1200,191752;296344;296344,,not verified against original; not a production implementation registry,original media excluded; independently authored asset pending
rct2.ride.nemt,rct2,rct2;rct1ll,ride,0A188B80|NEMT    |65343930,8,legacy identity metadata,objects/rct2/ride/rct2.ride.nemt.json,3d687e2496496baf396054c7bdfcf4e412f865af41faa9ca2a122936c85b1d64,https://github.com/OpenRCT2/objects/blob/978f596972c1163dc670d853dd6add4766f10dbd/objects/rct2/ride/rct2.ride.nemt.json,inverted_rc,3,rollercoaster,,4,9,,4,570,130740,,not verified against original; not a production implementation registry,original media excluded; independently authored asset pending
rct2.ride.nrl,rct2,rct2;rct1,ride,0A188B80|NRL     |EB8FF03D,8,legacy identity metadata,objects/rct2/ride/rct2.ride.nrl.json,aecced7b000e8547cbf83789783c5d074f84f8c925eb562d90930ccc7e4d251e,https://github.com/OpenRCT2/objects/blob/978f596972c1163dc670d853dd6add4766f10dbd/objects/rct2/ride/rct2.ride.nrl.json,miniature_railway,5,transport,,3,8,,0;0;6,3000;110;600,296344;183036;270196,2,not verified against original; not a production implementation registry,original media excluded; independently authored asset pending
rct2.ride.nrl2,rct2,rct2;rct1aa,ride,0A188B80|NRL2    |0365419D,8,legacy identity metadata,objects/rct2/ride/rct2.ride.nrl2.json,88631443e31dc64163aef41a5d03ebd26b035633b5ed8243d4b2e6d41114f86e,https://github.com/OpenRCT2/objects/blob/978f596972c1163dc670d853dd6add4766f10dbd/objects/rct2/ride/rct2.ride.nrl2.json,miniature_railway,5,transport,,3,8,,0;0;6,3000;110;600,296344;183036;270196,2,not verified against original; not a production implementation registry,original media excluded; independently authored asset pending
rct2.ride.obs1,rct2,rct2;rct1,ride,0A188B80|OBS1    |D59D67B3,8,legacy identity metadata,objects/rct2/ride/rct2.ride.obs1.json,76e5aadf371a850e95f3d42818afad9bc28ccc75eb3e8bfbf2e808197df71ba1,https://github.com/OpenRCT2/objects/blob/978f596972c1163dc670d853dd6add4766f10dbd/objects/rct2/ride/rct2.ride.obs1.json,observation_tower,14,gentle,,,,,20,2500,862884,,not verified against original; not a production implementation registry,original media excluded; independently authored asset pending
rct2.ride.obs2,rct2,rct2,ride,0A188B80|OBS2    |E9506DED,8,legacy identity metadata,objects/rct2/ride/rct2.ride.obs2.json,3a225b7e054747a2f6e1322ee9cec7c75f0e8af192e120a01fc52e70dd7db781,https://github.com/OpenRCT2/objects/blob/978f596972c1163dc670d853dd6add4766f10dbd/objects/rct2/ride/rct2.ride.obs2.json,observation_tower,14,gentle,,,,,32,2500,862884,,not verified against original; not a production implementation registry,original media excluded; independently authored asset pending
rct2.ride.pizzs,rct2,rct2;rct1,ride,0A188B80|PIZZS   |68C42EB5,8,legacy identity metadata,objects/rct2/ride/rct2.ride.pizzs.json,f976ca95686b1a17e7d2ba82d0586420fd4c7e09c7f8a02b1ac61e6564f4b69e,https://github.com/OpenRCT2/objects/blob/978f596972c1163dc670d853dd6add4766f10dbd/objects/rct2/ride/rct2.ride.pizzs.json,food_stall,28,stall,32,,,pizza,,,,,not verified against original; not a production implementation registry,original media excluded; independently authored asset pending
rct2.ride.pmt1,rct2,rct2,ride,0A188B80|PMT1    |F8FD41B4,8,legacy identity metadata,objects/rct2/ride/rct2.ride.pmt1.json,bd31c33ad17232cda813a2d67f2c1c48f47781710e9fd07ad524f9c16aad65a7,https://github.com/OpenRCT2/objects/blob/978f596972c1163dc670d853dd6add4766f10dbd/objects/rct2/ride/rct2.ride.pmt1.json,mine_ride,88,rollercoaster,,4,10,,2;4,500;500,191752;191752,,not verified against original; not a production implementation registry,original media excluded; independently authored asset pending
rct2.ride.popcs,rct2,rct2;rct1,ride,0A188B80|POPCS   |36E12446,8,legacy identity metadata,objects/rct2/ride/rct2.ride.popcs.json,97e71783b976e01f4c247bc920f5614cd01efb5ddc0f1a0260577cb8c9ce2deb,https://github.com/OpenRCT2/objects/blob/978f596972c1163dc670d853dd6add4766f10dbd/objects/rct2/ride/rct2.ride.popcs.json,food_stall,28,stall,56,,,popcorn,,,,,not verified against original; not a production implementation registry,original media excluded; independently authored asset pending
rct2.ride.premt1,rct2,rct2,ride,0A188B80|PREMT1  |6E69293A,8,legacy identity metadata,objects/rct2/ride/rct2.ride.premt1.json,8626f9ca4a89253abdcbacaa6357f63cda0100fa886cd9b2c0e650f7a39e206e,https://github.com/OpenRCT2/objects/blob/978f596972c1163dc670d853dd6add4766f10dbd/objects/rct2/ride/rct2.ride.premt1.json,lim_launched_rc,90,rollercoaster,,3,7,,4;4,600;500,244048;244048,,not verified against original; not a production implementation registry,original media excluded; independently authored asset pending
rct2.ride.pretst,rct2,rct2,ride,0A188B80|PRETST  |C65F6B89,8,legacy identity metadata,objects/rct2/ride/rct2.ride.pretst.json,487af7ec34aa795789bb19d394afca94982c749fd9f03d9fc8163ba1b718f9fa,https://github.com/OpenRCT2/objects/blob/978f596972c1163dc670d853dd6add4766f10dbd/objects/rct2/ride/rct2.ride.pretst.json,food_stall,28,stall,48,,,pretzel,,,,,not verified against original; not a production implementation registry,original media excluded; independently authored asset pending
rct2.ride.ptct1,rct2,rct2,ride,0A188B80|PTCT1   |A6A5C09F,8,legacy identity metadata,objects/rct2/ride/rct2.ride.ptct1.json,511cf8bb26d21e33766266ed4143d18bf4f27ac88adfa76699d50812077b16c8,https://github.com/OpenRCT2/objects/blob/978f596972c1163dc670d853dd6add4766f10dbd/objects/rct2/ride/rct2.ride.ptct1.json,wooden_rc,52,rollercoaster,,2,7,,4,540,209184,,not verified against original; not a production implementation registry,original media excluded; independently authored asset pending
rct2.ride.ptct2,rct2,rct2,ride,0A188B80|PTCT2   |064CCE3B,8,legacy identity metadata,objects/rct2/ride/rct2.ride.ptct2.json,f2b10fa648e7a89237a6883f13524250a60d8692a57c26b08289b523db0171d4,https://github.com/OpenRCT2/objects/blob/978f596972c1163dc670d853dd6add4766f10dbd/objects/rct2/ride/rct2.ride.ptct2.json,wooden_rc,52,rollercoaster,,2,6,,6,800,287628,,not verified against original; not a production implementation registry,original media excluded; independently authored asset pending
rct2.ride.ptct2r,rct2,rct2,ride,0A188B80|PTCT2R  |4433BD4C,8,legacy identity metadata,objects/rct2/ride/rct2.ride.ptct2r.json,061f18cb2cfb43fcef498fa08d9a84c605865dccc9c3dbc2a998a24a64ac36ac,https://github.com/OpenRCT2/objects/blob/978f596972c1163dc670d853dd6add4766f10dbd/objects/rct2/ride/rct2.ride.ptct2r.json,wooden_rc,52,rollercoaster,,2,6,,6,800,287628,,not verified against original; not a production implementation registry,original media excluded; independently authored asset pending
rct2.ride.rapboat,rct2,rct2;rct1,ride,0A188B80|RAPBOAT |2271B2DD,8,legacy identity metadata,objects/rct2/ride/rct2.ride.rapboat.json,a2c1c9dc7060e807263b8a43536c9fc81b8b456a395230b2b4f3a005caa0fe6c,https://github.com/OpenRCT2/objects/blob/978f596972c1163dc670d853dd6add4766f10dbd/objects/rct2/ride/rct2.ride.rapboat.json,river_rapids,24,water;thrill,,,,,8,450,244048,,not verified against original; not a production implementation registry,original media excluded; independently authored asset pending
rct2.ride.rboat,rct2,rct2;rct1,ride,0A188B80|RBOAT   |E952C72A,8,legacy identity metadata,objects/rct2/ride/rct2.ride.rboat.json,5582f3bfbe1d672607c88e17c5daa5c0772f6643c9eaa19cadbeed0b28ba9ada,https://github.com/OpenRCT2/objects/blob/978f596972c1163dc670d853dd6add4766f10dbd/objects/rct2/ride/rct2.ride.rboat.json,boat_hire,8,water;gentle,,,,,2,110,235332,,not verified against original; not a production implementation registry,original media excluded; independently authored asset pending
rct2.ride.rckc,rct2,rct2,ride,0A188B80|RCKC    |546E3576,8,legacy identity metadata,objects/rct2/ride/rct2.ride.rckc.json,dc761f183dce63c08d4270435c2c30df6749c25f43a56db3f7a7ee306f978a4a,https://github.com/OpenRCT2/objects/blob/978f596972c1163dc670d853dd6add4766f10dbd/objects/rct2/ride/rct2.ride.rckc.json,mini_rc,87,rollercoaster,,1,1,,4,790,322492,,not verified against original; not a production implementation registry,original media excluded; independently authored asset pending
rct2.ride.rcr,rct2,rct2;rct1,ride,0A188B80|RCR     |14407591,8,legacy identity metadata,objects/rct2/ride/rct2.ride.rcr.json,269edde1c06c964fb7913f8eececa5880f3e03c7962d425627564011db133957,https://github.com/OpenRCT2/objects/blob/978f596972c1163dc670d853dd6add4766f10dbd/objects/rct2/ride/rct2.ride.rcr.json,car_ride,11,gentle,,3,3,,1;0,270;,139456;34864,2,not verified against original; not a production implementation registry,original media excluded; independently authored asset pending
rct2.ride.revcar,rct2,rct2;rct1aa,ride,0A188B80|REVCAR  |50718182,8,legacy identity metadata,objects/rct2/ride/rct2.ride.revcar.json,52f9a923fad7539ffb774137e192849716128d07ea160e23ad8a850c7c5ffe20,https://github.com/OpenRCT2/objects/blob/978f596972c1163dc670d853dd6add4766f10dbd/objects/rct2/ride/rct2.ride.revcar.json,reverser_rc,65,rollercoaster,,3,3,,6;6;0,900;900;,87160;87160;95876,2,not verified against original; not a production implementation registry,original media excluded; independently authored asset pending
rct2.ride.revf1,rct2,rct2;rct1,ride,0A188B80|REVF1   |BB21F3B6,8,legacy identity metadata,objects/rct2/ride/rct2.ride.revf1.json,f0aacdc9c405f7fafb2751dd2accc5b8f4845f48e662fd77a416a85435491184,https://github.com/OpenRCT2/objects/blob/978f596972c1163dc670d853dd6add4766f10dbd/objects/rct2/ride/rct2.ride.revf1.json,reverse_freefall_rc,42,rollercoaster,,,,,8,5500,348640,,not verified against original; not a production implementation registry,original media excluded; independently authored asset pending
rct2.ride.rftboat,rct2,rct2;rct1ll,ride,0A188B80|RFTBOAT |9C39AB46,8,legacy identity metadata,objects/rct2/ride/rct2.ride.rftboat.json,db6fa39781cff57e38fe56d84195f026140dd494746dc5a40e3327611cf04ce7,https://github.com/OpenRCT2/objects/blob/978f596972c1163dc670d853dd6add4766f10dbd/objects/rct2/ride/rct2.ride.rftboat.json,river_rafts,79,water;transport,,,,,4,950,244048,,not verified against original; not a production implementation registry,original media excluded; independently authored asset pending
rct2.ride.rsaus,rct2,rct2,ride,0A188B80|RSAUS   |33756690,8,legacy identity metadata,objects/rct2/ride/rct2.ride.rsaus.json,e906faaa66f13d976da4487fee53ff0d960f8dd22dea18a52963b138bfd8b959,https://github.com/OpenRCT2/objects/blob/978f596972c1163dc670d853dd6add4766f10dbd/objects/rct2/ride/rct2.ride.rsaus.json,food_stall,28,stall,48,,,roast_sausage,,,,,not verified against original; not a production implementation registry,original media excluded; independently authored asset pending
rct2.ride.sbox,rct2,rct2,ride,0A188B80|SBOX    |E2B4D8AB,8,legacy identity metadata,objects/rct2/ride/rct2.ride.sbox.json,9a117bd5f295f4c7a93a99f5fa3b38cb6a30b07f088d1dfdd2188a74080f1828,https://github.com/OpenRCT2/objects/blob/978f596972c1163dc670d853dd6add4766f10dbd/objects/rct2/ride/rct2.ride.sbox.json,steeplechase,10,rollercoaster,,,,,4,800,278912,,not verified against original; not a production implementation registry,original media excluded; independently authored asset pending
rct2.ride.scht1,rct2,rct2,ride,0A188B80|SCHT1   |4862FCC8,8,legacy identity metadata,objects/rct2/ride/rct2.ride.scht1.json,67b42d7b8f9b451d64952dd5f3b6f2d931599ee7e47b39d68e8a9ca80dff6f81,https://github.com/OpenRCT2/objects/blob/978f596972c1163dc670d853dd6add4766f10dbd/objects/rct2/ride/rct2.ride.scht1.json,looping_rc,15,rollercoaster,,2,8,,4;4,550;525,270196;183036,,not verified against original; not a production implementation registry,original media excluded; independently authored asset pending
rct2.ride.sfric1,rct2,rct2;rct1aa,ride,0A188B80|SFRIC1  |9880CB23,8,legacy identity metadata,objects/rct2/ride/rct2.ride.sfric1.json,ecbcaa1c0622a3567390a5232311488d08f2950104d6499dd6cb307eeb09e493,https://github.com/OpenRCT2/objects/blob/978f596972c1163dc670d853dd6add4766f10dbd/objects/rct2/ride/rct2.ride.sfric1.json,side_friction_rc,53,rollercoaster,,,3,,4,500,209184,,not verified against original; not a production implementation registry,original media excluded; independently authored asset pending
rct2.ride.simpod,rct2,rct2;rct1,ride,0A1F0280|SIMPOD  |7D9318C3,8,legacy identity metadata,objects/rct2/ride/rct2.ride.simpod.json,3af93fd98295f5fdff096da483f71c12424e8cf17332740d1dc7b164d9dd65ef,https://github.com/OpenRCT2/objects/blob/978f596972c1163dc670d853dd6add4766f10dbd/objects/rct2/ride/rct2.ride.simpod.json,motion_simulator,38,thrill,,,,,8,3000,139456,,not verified against original; not a production implementation registry,original media excluded; independently authored asset pending
rct2.ride.skytr,rct2,rct2;rct1,ride,0A188B80|SKYTR   |AB64B391,8,legacy identity metadata,objects/rct2/ride/rct2.ride.skytr.json,dd0f9d781f70a0bc0ded1502815d418dfe68321c3abf552c1b037f9dd6328270,https://github.com/OpenRCT2/objects/blob/978f596972c1163dc670d853dd6add4766f10dbd/objects/rct2/ride/rct2.ride.skytr.json,mini_suspended_rc,7,rollercoaster,,1,2,,1,300,165604,,not verified against original; not a production implementation registry,original media excluded; independently authored asset pending
rct2.ride.slcfo,rct2,rct2;rct1ll,ride,0A188B80|SLCFO   |7E0B210A,8,legacy identity metadata,objects/rct2/ride/rct2.ride.slcfo.json,14c4a6734fa8d3116ed6bda998d823bb518caa36fe2f765a36ebc49d759bae69,https://github.com/OpenRCT2/objects/blob/978f596972c1163dc670d853dd6add4766f10dbd/objects/rct2/ride/rct2.ride.slcfo.json,compact_inverted_rc,73,rollercoaster,,2,7,,4,580,200468,,not verified against original; not a production implementation registry,original media excluded; independently authored asset pending
rct2.ride.slct,rct2,rct2,ride,0A188B80|SLCT    |702E2F19,8,legacy identity metadata,objects/rct2/ride/rct2.ride.slct.json,924771dd54e7c44927b3ba1f158fe7087161197b26857933fd0b703e94ba1721,https://github.com/OpenRCT2/objects/blob/978f596972c1163dc670d853dd6add4766f10dbd/objects/rct2/ride/rct2.ride.slct.json,compact_inverted_rc,73,rollercoaster,,2,8,,2,560,139456,,not verified against original; not a production implementation registry,original media excluded; independently authored asset pending
rct2.ride.smc1,rct2,rct2;rct1aa,ride,0A188B80|SMC1    |4B7812BB,8,legacy identity metadata,objects/rct2/ride/rct2.ride.smc1.json,a5b7b278732545a42dc930f07790e30e3719a75b6067b67d1c0d5c7643362b42,https://github.com/OpenRCT2/objects/blob/978f596972c1163dc670d853dd6add4766f10dbd/objects/rct2/ride/rct2.ride.smc1.json,steel_wild_mouse,54,rollercoaster,,3,3,,4;0,440;,174320;34864,2,not verified against original; not a production implementation registry,original media excluded; independently authored asset pending
rct2.ride.smc2,rct2,rct2,ride,0A188B80|SMC2    |8A13DDE5,8,legacy identity metadata,objects/rct2/ride/rct2.ride.smc2.json,ea604beeacd2952bf94ebbaac08e411203206689a654e95daa5b9e0ec485793e,https://github.com/OpenRCT2/objects/blob/978f596972c1163dc670d853dd6add4766f10dbd/objects/rct2/ride/rct2.ride.smc2.json,steel_wild_mouse,54,rollercoaster,,3,3,,4;0,440;,174320;34864,2,not verified against original; not a production implementation registry,original media excluded; independently authored asset pending
rct2.ride.smono,rct2,rct2;rct1aa,ride,0A188B80|SMONO   |31FC6615,8,legacy identity metadata,objects/rct2/ride/rct2.ride.smono.json,66ce4b46e6a07a268c64f44f242be6982e5b579d95d5886e94d062819e2ec12f,https://github.com/OpenRCT2/objects/blob/978f596972c1163dc670d853dd6add4766f10dbd/objects/rct2/ride/rct2.ride.smono.json,suspended_monorail,63,transport,,,4,,8,1100,331208,,not verified against original; not a production implementation registry,original media excluded; independently authored asset pending
rct2.ride.souvs,rct2,rct2;rct1,ride,0A188B80|SOUVS   |CDADB499,8,legacy identity metadata,objects/rct2/ride/rct2.ride.souvs.json,4cc48f98e4ee4cd4df930f726151150cc797772128e0ba4e1f78d9a2b16712ce,https://github.com/OpenRCT2/objects/blob/978f596972c1163dc670d853dd6add4766f10dbd/objects/rct2/ride/rct2.ride.souvs.json,shop,32,stall,32,,,toy;umbrella,,,,,not verified against original; not a production implementation registry,original media excluded; independently authored asset pending
rct2.ride.soybean,rct2,rct2,ride,0A188B80|SOYBEAN |C4B8AF32,8,legacy identity metadata,objects/rct2/ride/rct2.ride.soybean.json,15c1de0678deedeca4d74dd91c845ad4c5c090461a681ae38a5870889e39a0ff,https://github.com/OpenRCT2/objects/blob/978f596972c1163dc670d853dd6add4766f10dbd/objects/rct2/ride/rct2.ride.soybean.json,drink_stall,30,stall,48,,,soybean_milk,,,,,not verified against original; not a production implementation registry,original media excluded; independently authored asset pending
rct2.ride.spboat,rct2,rct2;rct1aa,ride,0A188B80|SPBOAT  |1057649F,8,legacy identity metadata,objects/rct2/ride/rct2.ride.spboat.json,60dd688825b91fc4072cce165210af7251ec82820a123d5f9fa16bcbd1dae610,https://github.com/OpenRCT2/objects/blob/978f596972c1163dc670d853dd6add4766f10dbd/objects/rct2/ride/rct2.ride.spboat.json,splash_boats,60,water;thrill,,3,3,,16;0,1250;,191752;87160,2,not verified against original; not a production implementation registry,original media excluded; independently authored asset pending
rct2.ride.spcar,rct2,rct2;rct1,ride,0A188B80|SPCAR   |69F23BC4,8,legacy identity metadata,objects/rct2/ride/rct2.ride.spcar.json,9e82ba31c54b21b2cbb84bd58241590bf9f49290046f0f48859a0dcacf37208c,https://github.com/OpenRCT2/objects/blob/978f596972c1163dc670d853dd6add4766f10dbd/objects/rct2/ride/rct2.ride.spcar.json,car_ride,11,gentle,,3,3,,2;0,300;,174320;34864,2,not verified against original; not a production implementation registry,original media excluded; independently authored asset pending
rct2.ride.spdrcr,rct2,rct2,ride,0A188B80|SPDRCR  |82355DA3,8,legacy identity metadata,objects/rct2/ride/rct2.ride.spdrcr.json,8935c42db5a920ed1cc5df75b7769830dc1d49efb3f84943c948e274a1dde30d,https://github.com/OpenRCT2/objects/blob/978f596972c1163dc670d853dd6add4766f10dbd/objects/rct2/ride/rct2.ride.spdrcr.json,spiral_rc,0,rollercoaster,,,4,,6,1100,357356,,not verified against original; not a production implementation registry,original media excluded; independently authored asset pending
rct2.ride.sqdst,rct2,rct2;rct1aa,ride,0A188B80|SQDST   |D85DF877,8,legacy identity metadata,objects/rct2/ride/rct2.ride.sqdst.json,48eb86c45e34180691000bfb7c68f4dde92a11d72c9d7fe34fdb05b8a8510f0f,https://github.com/OpenRCT2/objects/blob/978f596972c1163dc670d853dd6add4766f10dbd/objects/rct2/ride/rct2.ride.sqdst.json,food_stall,28,stall,56,,,tentacle,,,,,not verified against original; not a production implementation registry,original media excluded; independently authored asset pending
rct2.ride.srings,rct2,rct2;rct1,ride,0A188B80|SRINGS  |BB605CD7,8,legacy identity metadata,objects/rct2/ride/rct2.ride.srings.json,ef61e42d96235733a5a69859bcc219756b273630e2e8b280ec4049848a99ee01,https://github.com/OpenRCT2/objects/blob/978f596972c1163dc670d853dd6add4766f10dbd/objects/rct2/ride/rct2.ride.srings.json,space_rings,41,gentle,,,,,1,1000,139456,,not verified against original; not a production implementation registry,original media excluded; independently authored asset pending
rct2.ride.ssc1,rct2,rct2;rct1,ride,0A188B80|SSC1    |582A63A3,8,legacy identity metadata,objects/rct2/ride/rct2.ride.ssc1.json,afe67b3c41785348a45b52bf669bf4a36d99584b0a30901fcdf81c1c831cb059,https://github.com/OpenRCT2/objects/blob/978f596972c1163dc670d853dd6add4766f10dbd/objects/rct2/ride/rct2.ride.ssc1.json,launched_freefall,12,thrill,,,,,8,1500,862884,,not verified against original; not a production implementation registry,original media excluded; independently authored asset pending
rct2.ride.starfrdr,rct2,rct2,ride,0A188B80|STARFRDR|2FB4B79C,8,legacy identity metadata,objects/rct2/ride/rct2.ride.starfrdr.json,5a9ca5223a8bde16823b154239e7ec181ff80e9f037dfa5e3a28c6bb27de1728,https://github.com/OpenRCT2/objects/blob/978f596972c1163dc670d853dd6add4766f10dbd/objects/rct2/ride/rct2.ride.starfrdr.json,drink_stall,30,stall,56,,,fruit_juice,,,,,not verified against original; not a production implementation registry,original media excluded; independently authored asset pending
rct2.ride.steep1,rct2,rct2;rct1,ride,0A188B80|STEEP1  |68721AAF,8,legacy identity metadata,objects/rct2/ride/rct2.ride.steep1.json,dfd16538244d00419ed59f47cfbabfb6849d6fff68fd9c87cd8777e1612353df,https://github.com/OpenRCT2/objects/blob/978f596972c1163dc670d853dd6add4766f10dbd/objects/rct2/ride/rct2.ride.steep1.json,steeplechase,10,rollercoaster,,,,,2,800,244048,,not verified against original; not a production implementation registry,original media excluded; independently authored asset pending
rct2.ride.steep2,rct2,rct2;rct1,ride,0A188B80|STEEP2  |773C635C,8,legacy identity metadata,objects/rct2/ride/rct2.ride.steep2.json,87394ae77ca64a06757dbe84af14fdd9d1c4f32fb182fd10f001ae981b1fb475,https://github.com/OpenRCT2/objects/blob/978f596972c1163dc670d853dd6add4766f10dbd/objects/rct2/ride/rct2.ride.steep2.json,steeplechase,10,rollercoaster,,,,,2,800,209184,,not verified against original; not a production implementation registry,original media excluded; independently authored asset pending
rct2.ride.submar,rct2,rct2,ride,0A188B80|SUBMAR  |EE311547,8,legacy identity metadata,objects/rct2/ride/rct2.ride.submar.json,47e83c9e6eb618b096565e2632211dc8b6449e5220a36b40fc61a9cc133c4d76,https://github.com/OpenRCT2/objects/blob/978f596972c1163dc670d853dd6add4766f10dbd/objects/rct2/ride/rct2.ride.submar.json,submarine_ride,78,gentle;water,,,,,5,300,278912,,not verified against original; not a production implementation registry,original media excluded; independently authored asset pending
rct2.ride.substl,rct2,rct2,ride,0A188B80|SUBSTL  |F016C58A,8,legacy identity metadata,objects/rct2/ride/rct2.ride.substl.json,5e19fdb713778a2bfc2691e0257a181be1214a59f7cd4e8984a549c5b7ba75aa,https://github.com/OpenRCT2/objects/blob/978f596972c1163dc670d853dd6add4766f10dbd/objects/rct2/ride/rct2.ride.substl.json,food_stall,28,stall,32,,,sub_sandwich,,,,,not verified against original; not a production implementation registry,original media excluded; independently authored asset pending
rct2.ride.sungst,rct2,rct2,ride,0A188B80|SUNGST  |33E79400,8,legacy identity metadata,objects/rct2/ride/rct2.ride.sungst.json,37ce45fa32ab28bac64356202e448bb2b94db5ba4c5bac4110366c9fb7994ba1,https://github.com/OpenRCT2/objects/blob/978f596972c1163dc670d853dd6add4766f10dbd/objects/rct2/ride/rct2.ride.sungst.json,shop,32,stall,32,,,sunglasses,,,,,not verified against original; not a production implementation registry,original media excluded; independently authored asset pending
rct2.ride.swans,rct2,rct2;rct1,ride,0A188B80|SWANS   |EF4071FD,8,legacy identity metadata,objects/rct2/ride/rct2.ride.swans.json,6c8fd6c63aa2013e51197e14b627a2daf1ec73408701a5122f28255888f263ac,https://github.com/OpenRCT2/objects/blob/978f596972c1163dc670d853dd6add4766f10dbd/objects/rct2/ride/rct2.ride.swans.json,boat_hire,8,water;gentle,,,,,4,350,278912,,not verified against original; not a production implementation registry,original media excluded; independently authored asset pending
rct2.ride.swsh1,rct2,rct2;rct1,ride,0A188B80|SWSH1   |3119CB85,8,legacy identity metadata,objects/rct2/ride/rct2.ride.swsh1.json,6d85f9e7fb1d13ce3460669179e0ecc353caf89127721f180a133919e5ad5208,https://github.com/OpenRCT2/objects/blob/978f596972c1163dc670d853dd6add4766f10dbd/objects/rct2/ride/rct2.ride.swsh1.json,swinging_ship,26,thrill,,,,,16,200,139456,,not verified against original; not a production implementation registry,original media excluded; independently authored asset pending
rct2.ride.swsh2,rct2,rct2;rct1,ride,0A188B80|SWSH2   |53CA2501,8,legacy identity metadata,objects/rct2/ride/rct2.ride.swsh2.json,1d9e471263e7afd3f8979771c027a0f2ab30cdf549f6ca2cf1c1ec3c94522477,https://github.com/OpenRCT2/objects/blob/978f596972c1163dc670d853dd6add4766f10dbd/objects/rct2/ride/rct2.ride.swsh2.json,swinging_inverter_ship,27,thrill,,,,,12,200,139456,,not verified against original; not a production implementation registry,original media excluded; independently authored asset pending
rct2.ride.thcar,rct2,rct2;rct1ll,ride,0A188B80|THCAR   |45DFCE16,8,legacy identity metadata,objects/rct2/ride/rct2.ride.thcar.json,8212f16fae01df5a3ef54b50f9f31f4416c299bae8d556a913210b297ecb9116,https://github.com/OpenRCT2/objects/blob/978f596972c1163dc670d853dd6add4766f10dbd/objects/rct2/ride/rct2.ride.thcar.json,air_powered_vertical_rc,75,rollercoaster,,5,9,,2;0,600;500,95876;95876,1,not verified against original; not a production implementation registry,original media excluded; independently authored asset pending
rct2.ride.tlt1,rct2,rct2,ride,0A188B80|TLT1    |D53148B1,8,legacy identity metadata,objects/rct2/ride/rct2.ride.tlt1.json,4938d9b2eb0e2a4634c0a1ceca7e5f3b0e23506a14a2a0eadb88ab70168c60de,https://github.com/OpenRCT2/objects/blob/978f596972c1163dc670d853dd6add4766f10dbd/objects/rct2/ride/rct2.ride.tlt1.json,toilets,36,stall,32,,,,,,,,not verified against original; not a production implementation registry,original media excluded; independently authored asset pending
rct2.ride.tlt2,rct2,rct2,ride,0A188B80|TLT2    |BC739425,8,legacy identity metadata,objects/rct2/ride/rct2.ride.tlt2.json,b49e2f0b9beabcf81524c49e84dc779cd5c811f37abc5073f3767f66d5e0a50b,https://github.com/OpenRCT2/objects/blob/978f596972c1163dc670d853dd6add4766f10dbd/objects/rct2/ride/rct2.ride.tlt2.json,toilets,36,stall,32,,,,,,,,not verified against original; not a production implementation registry,original media excluded; independently authored asset pending
rct2.ride.toffs,rct2,rct2;rct1aa,ride,0A188B80|TOFFS   |2CDB7139,8,legacy identity metadata,objects/rct2/ride/rct2.ride.toffs.json,33589adeed2a042d47457313d23e4ee84cc8f7bbd3d964fab47d7173af4862be,https://github.com/OpenRCT2/objects/blob/978f596972c1163dc670d853dd6add4766f10dbd/objects/rct2/ride/rct2.ride.toffs.json,food_stall,28,stall,64,,,toffee_apple,,,,,not verified against original; not a production implementation registry,original media excluded; independently authored asset pending
rct2.ride.togst,rct2,rct2,ride,0A188B80|TOGST   |48100195,8,legacy identity metadata,objects/rct2/ride/rct2.ride.togst.json,4368cddde9e4bec5d3dd280d415270d8d5f78c2a70ebe568015c114a3f084e19,https://github.com/OpenRCT2/objects/blob/978f596972c1163dc670d853dd6add4766f10dbd/objects/rct2/ride/rct2.ride.togst.json,stand_up_rc,1,rollercoaster,,2,9,,4;4;0,730;730;50,200468;174320;52296,1,not verified against original; not a production implementation registry,original media excluded; independently authored asset pending
rct2.ride.topsp1,rct2,rct2;rct1,ride,0A188B80|TOPSP1  |99EDA9D5,8,legacy identity metadata,objects/rct2/ride/rct2.ride.topsp1.json,dbce6b6a71b5ea2c7a827fbadda5c06b2886e6f49efcc848e870a259f83ddc97,https://github.com/OpenRCT2/objects/blob/978f596972c1163dc670d853dd6add4766f10dbd/objects/rct2/ride/rct2.ride.topsp1.json,top_spin,40,thrill,,,,,8,3000,139456,,not verified against original; not a production implementation registry,original media excluded; independently authored asset pending
rct2.ride.tram1,rct2,rct2,ride,0A188B80|TRAM1   |B16BC043,8,legacy identity metadata,objects/rct2/ride/rct2.ride.tram1.json,8f9d6d50b6c72bb860e39587c3e83427d66d7f75e3b35126463de623d37669c0,https://github.com/OpenRCT2/objects/blob/978f596972c1163dc670d853dd6add4766f10dbd/objects/rct2/ride/rct2.ride.tram1.json,miniature_railway,5,transport,,3,4,,10;0,3000;,357356;34864,2,not verified against original; not a production implementation registry,original media excluded; independently authored asset pending
rct2.ride.trike,rct2,rct2;rct1,ride,0A188B80|TRIKE   |BBC25972,8,legacy identity metadata,objects/rct2/ride/rct2.ride.trike.json,b1e1db84b49ca0de72e6bf329f43437770ec0e759799b667631a2fb8b0e2ade9,https://github.com/OpenRCT2/objects/blob/978f596972c1163dc670d853dd6add4766f10dbd/objects/rct2/ride/rct2.ride.trike.json,boat_hire,8,water;gentle,,,,,2,310,278912,,not verified against original; not a production implementation registry,original media excluded; independently authored asset pending
rct2.ride.truck1,rct2,rct2;rct1,ride,0A188B80|TRUCK1  |58B728C5,8,legacy identity metadata,objects/rct2/ride/rct2.ride.truck1.json,71f1e89aef9c447d3945862acd2dc30b8c0d04cd820d7d08b5e3e5c566bcae1d,https://github.com/OpenRCT2/objects/blob/978f596972c1163dc670d853dd6add4766f10dbd/objects/rct2/ride/rct2.ride.truck1.json,car_ride,11,gentle,,3,3,,1;0,330;,130740;34864,2,not verified against original; not a production implementation registry,original media excluded; independently authored asset pending
rct2.ride.tshrt,rct2,rct2;rct1ll,ride,0A188B80|TSHRT   |A497AD40,8,legacy identity metadata,objects/rct2/ride/rct2.ride.tshrt.json,f089fd21480ed79cc20ad93e51e01be189ee9ebfaf7046cfc398a3870af393db,https://github.com/OpenRCT2/objects/blob/978f596972c1163dc670d853dd6add4766f10dbd/objects/rct2/ride/rct2.ride.tshrt.json,shop,32,stall,32,,,tshirt,,,,,not verified against original; not a production implementation registry,original media excluded; independently authored asset pending
rct2.ride.twist1,rct2,rct2;rct1,ride,0A188B80|TWIST1  |A8EA6B47,8,legacy identity metadata,objects/rct2/ride/rct2.ride.twist1.json,10a7779071e5dd43a9cca3911e1b5d2ba4db0ed92e9722027ab71f18484e0759,https://github.com/OpenRCT2/objects/blob/978f596972c1163dc670d853dd6add4766f10dbd/objects/rct2/ride/rct2.ride.twist1.json,twist,46,thrill,,,,,18,200,139456,,not verified against original; not a production implementation registry,original media excluded; independently authored asset pending
rct2.ride.twist2,rct2,rct2,ride,0A188B80|TWIST2  |028354E6,8,legacy identity metadata,objects/rct2/ride/rct2.ride.twist2.json,c4d845fbe2464f6ac12dcb20ba33817597f30edcfdb6e8f3d58d21acb8361943,https://github.com/OpenRCT2/objects/blob/978f596972c1163dc670d853dd6add4766f10dbd/objects/rct2/ride/rct2.ride.twist2.json,twist,46,thrill,,,,,18,200,139456,,not verified against original; not a production implementation registry,original media excluded; independently authored asset pending
rct2.ride.utcar,rct2,rct2;rct1aa,ride,0A188B80|UTCAR   |3E35239B,8,legacy identity metadata,objects/rct2/ride/rct2.ride.utcar.json,f5c9d43b63488b74a924baec57557b989b420a9d552376452b4f203e240fe95e,https://github.com/OpenRCT2/objects/blob/978f596972c1163dc670d853dd6add4766f10dbd/objects/rct2/ride/rct2.ride.utcar.json,heartline_twister_rc,66,rollercoaster,,,,,4;4,950;950,278912;278912,,not verified against original; not a production implementation registry,original media excluded; independently authored asset pending
rct2.ride.utcarr,rct2,rct2;rct1aa,ride,0A188C80|UTCARR  |A91D1013,8,legacy identity metadata,objects/rct2/ride/rct2.ride.utcarr.json,8e1b5fa15c9d389a65000a2a3ed3b9f98d362da2fb1510553aff05677219ad4f,https://github.com/OpenRCT2/objects/blob/978f596972c1163dc670d853dd6add4766f10dbd/objects/rct2/ride/rct2.ride.utcarr.json,heartline_twister_rc,66,rollercoaster,,,,,4;4,950;950,278912;278912,,not verified against original; not a production implementation registry,original media excluded; independently authored asset pending
rct2.ride.vcr,rct2,rct2;rct1aa,ride,0A188C80|VCR     |04C462E7,8,legacy identity metadata,objects/rct2/ride/rct2.ride.vcr.json,b3ca5ccfc435fd87da5e4758d0e44f496157dc43f08ffd351b3005ca8d5f9fff,https://github.com/OpenRCT2/objects/blob/978f596972c1163dc670d853dd6add4766f10dbd/objects/rct2/ride/rct2.ride.vcr.json,car_ride,11,gentle,,3,3,,2;0,330;,165604;34864,2,not verified against original; not a production implementation registry,original media excluded; independently authored asset pending
rct2.ride.vekdv,rct2,rct2,ride,0A188C80|VEKDV   |F1CEB26E,8,legacy identity metadata,objects/rct2/ride/rct2.ride.vekdv.json,4b6742d5f86df65148ce3c0e613bce175fe993f07aeb789db6b01b07ad174e4b,https://github.com/OpenRCT2/objects/blob/978f596972c1163dc670d853dd6add4766f10dbd/objects/rct2/ride/rct2.ride.vekdv.json,compact_inverted_rc,73,rollercoaster,,4,7,,4,590,174320,,not verified against original; not a production implementation registry,original media excluded; independently authored asset pending
rct2.ride.vekst,rct2,rct2;rct1aa,ride,0A188C80|VEKST   |4F5F2BAE,8,legacy identity metadata,objects/rct2/ride/rct2.ride.vekst.json,7745eb8de2960b0156f200f39804dcc52de00249681d8ff78600f5be5c01ffec,https://github.com/OpenRCT2/objects/blob/978f596972c1163dc670d853dd6add4766f10dbd/objects/rct2/ride/rct2.ride.vekst.json,lay_down_rc,62,rollercoaster,,3,6,,4;4,950;950,209184;209184,,not verified against original; not a production implementation registry,original media excluded; independently authored asset pending
rct2.ride.vekvamp,rct2,rct2,ride,0A188C80|VEKVAMP |9EEE264F,8,legacy identity metadata,objects/rct2/ride/rct2.ride.vekvamp.json,0b63eae0a413be82c18bcdc446b5b6f1034acdf832c07166f2db795bda5ba0b4,https://github.com/OpenRCT2/objects/blob/978f596972c1163dc670d853dd6add4766f10dbd/objects/rct2/ride/rct2.ride.vekvamp.json,suspended_swinging_rc,2,rollercoaster,,5,12,,2,500,139456,,not verified against original; not a production implementation registry,original media excluded; independently authored asset pending
rct2.ride.vreel,rct2,rct2;rct1aa,ride,0A188C80|VREEL   |5E89C4A1,8,legacy identity metadata,objects/rct2/ride/rct2.ride.vreel.json,01dcb126b5bab1226eb65906033b302f2998dc4bc2f92b6bb7719e8a5c5bc819,https://github.com/OpenRCT2/objects/blob/978f596972c1163dc670d853dd6add4766f10dbd/objects/rct2/ride/rct2.ride.vreel.json,virginia_reel,59,rollercoaster,,,,,4,600,209184,,not verified against original; not a production implementation registry,original media excluded; independently authored asset pending
rct2.ride.wcatc,rct2,rct2,ride,0A188C80|WCATC   |31EA2D13,8,legacy identity metadata,objects/rct2/ride/rct2.ride.wcatc.json,6cd4f5cedc6ea4fa3a63797f9a9ce32ce08317c2489a85912f9a07f8c33206da,https://github.com/OpenRCT2/objects/blob/978f596972c1163dc670d853dd6add4766f10dbd/objects/rct2/ride/rct2.ride.wcatc.json,mini_rc,87,rollercoaster,,,,,4,700,235332,,not verified against original; not a production implementation registry,original media excluded; independently authored asset pending
rct2.ride.wmmine,rct2,rct2;rct1,ride,0A188C80|WMMINE  |F15E8338,8,legacy identity metadata,objects/rct2/ride/rct2.ride.wmmine.json,0e637ab240cdb87049a4d654ba06daa441fcf1d5da5c07fbeef5cb4ef0a15634,https://github.com/OpenRCT2/objects/blob/978f596972c1163dc670d853dd6add4766f10dbd/objects/rct2/ride/rct2.ride.wmmine.json,wooden_wild_mouse,9,rollercoaster,,3,4,,2;0,300;,183036;34864,2,not verified against original; not a production implementation registry,original media excluded; independently authored asset pending
rct2.ride.wmouse,rct2,rct2;rct1,ride,0A188C80|WMOUSE  |32C36628,8,legacy identity metadata,objects/rct2/ride/rct2.ride.wmouse.json,8ec2efc8cec1d9076a34088e23bf17ff5aa437b73772e0da5e054a4151810ad5,https://github.com/OpenRCT2/objects/blob/978f596972c1163dc670d853dd6add4766f10dbd/objects/rct2/ride/rct2.ride.wmouse.json,wooden_wild_mouse,9,rollercoaster,,3,3,,2;0,300;,148172;34864,2,not verified against original; not a production implementation registry,original media excluded; independently authored asset pending
rct2.ride.wmspin,rct2,rct2,ride,0A188C80|WMSPIN  |0E117B71,8,legacy identity metadata,objects/rct2/ride/rct2.ride.wmspin.json,5cfc0133930afa382456bca624b000997323291f44af2fc43d8b4d36487c8a24,https://github.com/OpenRCT2/objects/blob/978f596972c1163dc670d853dd6add4766f10dbd/objects/rct2/ride/rct2.ride.wmspin.json,spinning_wild_mouse,54,rollercoaster,,,,,4,950,209184,,not verified against original; not a production implementation registry,original media excluded; independently authored asset pending
rct2.ride.wonton,rct2,rct2,ride,0A188C80|WONTON  |81A2D3DE,8,legacy identity metadata,objects/rct2/ride/rct2.ride.wonton.json,ca110fd4972eef22b1b8abb92fb832442dd0502a0b583b60d9e4dfca63deae1e,https://github.com/OpenRCT2/objects/blob/978f596972c1163dc670d853dd6add4766f10dbd/objects/rct2/ride/rct2.ride.wonton.json,food_stall,28,stall,40,,,wonton_soup,,,,,not verified against original; not a production implementation registry,original media excluded; independently authored asset pending
rct2.ride.zldb,rct2,rct2,ride,0A188C80|ZLDB    |42D2D111,8,legacy identity metadata,objects/rct2/ride/rct2.ride.zldb.json,e28da83127b675b9f5756f30912cf1e36c2f16b2c4d987b31ee81a21f718739a,https://github.com/OpenRCT2/objects/blob/978f596972c1163dc670d853dd6add4766f10dbd/objects/rct2/ride/rct2.ride.zldb.json,junior_rc,4,rollercoaster,,5,15,,2;2;0,240;220;,148172;122024;34864,2,not verified against original; not a production implementation registry,original media excluded; independently authored asset pending
rct2.ride.zlog,rct2,rct2,ride,0A188C80|ZLOG    |EB0041B6,8,legacy identity metadata,objects/rct2/ride/rct2.ride.zlog.json,e52533f234483459a818c49df01ae278480ee6a898a21e13436d4795cd4467a0,https://github.com/OpenRCT2/objects/blob/978f596972c1163dc670d853dd6add4766f10dbd/objects/rct2/ride/rct2.ride.zlog.json,junior_rc,4,rollercoaster,,5,15,,2;2;0,240;220;,148172;122024;34864,2,not verified against original; not a production implementation registry,original media excluded; independently authored asset pending
rct2tt.ride.1920racr,rct2tt,rct2tt,ride,0E24F920|1920RACR|00BEAE26,2,legacy identity metadata,objects/rct2tt/ride/rct2tt.ride.1920racr.json,684aba76259d2b2ff4bccd7038953f096f72332ed8ce1846e42ea2970afa6ae7,https://github.com/OpenRCT2/objects/blob/978f596972c1163dc670d853dd6add4766f10dbd/objects/rct2tt/ride/rct2tt.ride.1920racr.json,go_karts,22,thrill,,,,,1,250,209100,,not verified against original; not a production implementation registry,original media excluded; independently authored asset pending
rct2tt.ride.1920sand,rct2tt,rct2tt,ride,0E24FA20|1920SAND|9B962B58,2,legacy identity metadata,objects/rct2tt/ride/rct2tt.ride.1920sand.json,addbf358df36add1fcb861c3bf684c53cf433c796dca7685e47f375d66d35eba,https://github.com/OpenRCT2/objects/blob/978f596972c1163dc670d853dd6add4766f10dbd/objects/rct2tt/ride/rct2tt.ride.1920sand.json,food_stall,28,stall,48,,,beef_noodles;lemonade,,,,,not verified against original; not a production implementation registry,original media excluded; independently authored asset pending
rct2tt.ride.1960tsrt,rct2tt,rct2tt,ride,0E24FA20|1960TSRT|4241E72B,2,legacy identity metadata,objects/rct2tt/ride/rct2tt.ride.1960tsrt.json,dde1519181d4fa54a27b4f9a90713d2055af706f931c483ffe9c3ea9b3dcbacf,https://github.com/OpenRCT2/objects/blob/978f596972c1163dc670d853dd6add4766f10dbd/objects/rct2tt/ride/rct2tt.ride.1960tsrt.json,shop,32,stall,40,,,tshirt,,,,,not verified against original; not a production implementation registry,original media excluded; independently authored asset pending
rct2tt.ride.barnstrm,rct2tt,rct2tt,ride,0E24F920|BARNSTRM|52510CB2,2,legacy identity metadata,objects/rct2tt/ride/rct2tt.ride.barnstrm.json,99e552d3b503ff16d6fcea7717976f099f6eeca49fbeac0c7713ca2142830e9d,https://github.com/OpenRCT2/objects/blob/978f596972c1163dc670d853dd6add4766f10dbd/objects/rct2tt/ride/rct2tt.ride.barnstrm.json,inverted_impulse_rc,86,rollercoaster,,4,9,,4,770,244048,,not verified against original; not a production implementation registry,original media excluded; independently authored asset pending
rct2tt.ride.battrram,rct2tt,rct2tt,ride,0E24F820|BATTRRAM|BDB0D715,2,legacy identity metadata,objects/rct2tt/ride/rct2tt.ride.battrram.json,dd821581eedfeeb604811f473db3a3d8f18668bf4e8b1557ea1db793bac25e22,https://github.com/OpenRCT2/objects/blob/978f596972c1163dc670d853dd6add4766f10dbd/objects/rct2tt/ride/rct2tt.ride.battrram.json,spiral_rc,0,rollercoaster,,,4,,6,1100,383504,,not verified against original; not a production implementation registry,original media excluded; independently authored asset pending
rct2tt.ride.blckdeth,rct2tt,rct2tt,ride,0E24F820|BLCKDETH|EDB1E78A,2,legacy identity metadata,objects/rct2tt/ride/rct2tt.ride.blckdeth.json,fc9464f223078a8ccf39cf03d8cbae88ba8adae2b5b0726bd4075b941fe55602,https://github.com/OpenRCT2/objects/blob/978f596972c1163dc670d853dd6add4766f10dbd/objects/rct2tt/ride/rct2tt.ride.blckdeth.json,bobsleigh_rc,13,rollercoaster,,,8,,2,600,278912,,not verified against original; not a production implementation registry,original media excluded; independently authored asset pending
rct2tt.ride.bmvoctps,rct2tt,rct2tt,ride,0E24FA20|BMVOCTPS|4A0F520E,2,legacy identity metadata,objects/rct2tt/ride/rct2tt.ride.bmvoctps.json,72ca23b0bd6d7649208b9aac338b0f32082e48b830183109280526c77b566537,https://github.com/OpenRCT2/objects/blob/978f596972c1163dc670d853dd6add4766f10dbd/objects/rct2tt/ride/rct2tt.ride.bmvoctps.json,observation_tower,14,gentle,,,,,32,2500,862884,,not verified against original; not a production implementation registry,original media excluded; independently authored asset pending
rct2tt.ride.cavmncar,rct2tt,rct2tt,ride,0E24F720|CAVMNCAR|52588A77,2,legacy identity metadata,objects/rct2tt/ride/rct2tt.ride.cavmncar.json,9bad725e993d3b215688a451759d1024f80e447398246b83f2a801b56b3202ff,https://github.com/OpenRCT2/objects/blob/978f596972c1163dc670d853dd6add4766f10dbd/objects/rct2tt/ride/rct2tt.ride.cavmncar.json,go_karts,22,thrill,,,,,1,250,152888,,not verified against original; not a production implementation registry,original media excluded; independently authored asset pending
rct2tt.ride.cerberus,rct2tt,rct2tt,ride,0E24F820|CERBERUS|7CE9E834,2,legacy identity metadata,objects/rct2tt/ride/rct2tt.ride.cerberus.json,2c5a7dbbccc5120b833fbced342fe25112ed8323322edc50a2bfc43c7711a15d,https://github.com/OpenRCT2/objects/blob/978f596972c1163dc670d853dd6add4766f10dbd/objects/rct2tt/ride/rct2tt.ride.cerberus.json,hyper_twister,51,rollercoaster,,4,10,,4;0,680;525,148172;130740,1,not verified against original; not a production implementation registry,original media excluded; independently authored asset pending
rct2tt.ride.cyclopsx,rct2tt,rct2tt,ride,0E24F820|CYCLOPSX|FFBAFCD6,2,legacy identity metadata,objects/rct2tt/ride/rct2tt.ride.cyclopsx.json,c1f99a31cd01e2fff722ace8e66a3ae844a9dad6d9a72a42d052083fab8e8edf,https://github.com/OpenRCT2/objects/blob/978f596972c1163dc670d853dd6add4766f10dbd/objects/rct2tt/ride/rct2tt.ride.cyclopsx.json,flying_saucers,70,gentle,,,,,1,190,139456,,not verified against original; not a production implementation registry,original media excluded; independently authored asset pending
rct2tt.ride.dinoeggs,rct2tt,rct2tt,ride,0E24F720|DINOEGGS|916AD64F,2,legacy identity metadata,objects/rct2tt/ride/rct2tt.ride.dinoeggs.json,ac6857f072c9b7302dbaf6279b3a85e5001f20325f2a6ce014be36f639d02a62,https://github.com/OpenRCT2/objects/blob/978f596972c1163dc670d853dd6add4766f10dbd/objects/rct2tt/ride/rct2tt.ride.dinoeggs.json,twist,46,thrill,,,,,18,200,139456,,not verified against original; not a production implementation registry,original media excluded; independently authored asset pending
rct2tt.ride.dragnfly,rct2tt,rct2tt,ride,0E24F720|DRAGNFLY|01534727,2,legacy identity metadata,objects/rct2tt/ride/rct2tt.ride.dragnfly.json,4c5ebf8944dfb7b6066fde5460cf9c770f5b084d1567e2bb59665c07d47be94f,https://github.com/OpenRCT2/objects/blob/978f596972c1163dc670d853dd6add4766f10dbd/objects/rct2tt/ride/rct2tt.ride.dragnfly.json,mini_suspended_rc,7,rollercoaster,,,,,2,320,313776,,not verified against original; not a production implementation registry,original media excluded; independently authored asset pending
rct2tt.ride.figtknit,rct2tt,rct2tt,ride,0E24F820|FIGTKNIT|ACA0B9C9,2,legacy identity metadata,objects/rct2tt/ride/rct2tt.ride.figtknit.json,fda93f2e6736f435b888b0fa20a05ce28f260e90fea498bda6ab85e03db041aa,https://github.com/OpenRCT2/objects/blob/978f596972c1163dc670d853dd6add4766f10dbd/objects/rct2tt/ride/rct2tt.ride.figtknit.json,dodgems,25,gentle,,,,,1,200,139456,,not verified against original; not a production implementation registry,original media excluded; independently authored asset pending
rct2tt.ride.flalmace,rct2tt,rct2tt,ride,0E24F820|FLALMACE|D18A4C96,2,legacy identity metadata,objects/rct2tt/ride/rct2tt.ride.flalmace.json,20ca3bd9e351ec7b4dfa4f23d00107f2e6be130e2e34f4779521e2e9b12c859c,https://github.com/OpenRCT2/objects/blob/978f596972c1163dc670d853dd6add4766f10dbd/objects/rct2tt/ride/rct2tt.ride.flalmace.json,space_rings,41,thrill,,,,,1,1000,139456,,not verified against original; not a production implementation registry,original media excluded; independently authored asset pending
rct2tt.ride.flwrpowr,rct2tt,rct2tt,ride,0E24FA20|FLWRPOWR|B620436B,2,legacy identity metadata,objects/rct2tt/ride/rct2tt.ride.flwrpowr.json,ab9f4b7b1763ad4a873e44b3d19a4a44160100693b2755ed507ad70be3046f61,https://github.com/OpenRCT2/objects/blob/978f596972c1163dc670d853dd6add4766f10dbd/objects/rct2tt/ride/rct2tt.ride.flwrpowr.json,flying_saucers,70,gentle,,,,,1,190,139456,,not verified against original; not a production implementation registry,original media excluded; independently authored asset pending
rct2tt.ride.flygboat,rct2tt,rct2tt,ride,0E24F920|FLYGBOAT|20A4036F,2,legacy identity metadata,objects/rct2tt/ride/rct2tt.ride.flygboat.json,ad3c30a12687d161e7470f608dbf7645a76022ec7fc4b0c0de26282a87b2f166,https://github.com/OpenRCT2/objects/blob/978f596972c1163dc670d853dd6add4766f10dbd/objects/rct2tt/ride/rct2tt.ride.flygboat.json,water_coaster,74,water;rollercoaster,,3,3,,6;0,950;,244048;87160,2,not verified against original; not a production implementation registry,original media excluded; independently authored asset pending
rct2tt.ride.funhouse,rct2tt,rct2tt,ride,0E24FA20|FUNHOUSE|C59E0E1D,2,legacy identity metadata,objects/rct2tt/ride/rct2tt.ride.funhouse.json,e68e4346f106f3540f2949c9c6d106742b543a0c3b8eb1ea580fd7839a545629,https://github.com/OpenRCT2/objects/blob/978f596972c1163dc670d853dd6add4766f10dbd/objects/rct2tt/ride/rct2tt.ride.funhouse.json,crooked_house,71,gentle,,,,,5,3000,139456,,not verified against original; not a production implementation registry,original media excluded; independently authored asset pending
rct2tt.ride.ganstrcr,rct2tt,rct2tt,ride,0E24F920|GANSTRCR|79CD04F1,2,legacy identity metadata,objects/rct2tt/ride/rct2tt.ride.ganstrcr.json,32896efb0663d9ab0f5d6c01a00dab519227f0f7022918b2284e19c81730884b,https://github.com/OpenRCT2/objects/blob/978f596972c1163dc670d853dd6add4766f10dbd/objects/rct2tt/ride/rct2tt.ride.ganstrcr.json,lim_launched_rc,90,rollercoaster,,3,7,,4;4,600;500,244048;296344,,not verified against original; not a production implementation registry,original media excluded; independently authored asset pending
rct2tt.ride.gintspdr,rct2tt,rct2tt,ride,0E24FA20|GINTSPDR|506598CA,2,legacy identity metadata,objects/rct2tt/ride/rct2tt.ride.gintspdr.json,b50633a86fc3ccfb4ff807327517c72b3828c5899ac88c9c06734dfa98e02c18,https://github.com/OpenRCT2/objects/blob/978f596972c1163dc670d853dd6add4766f10dbd/objects/rct2tt/ride/rct2tt.ride.gintspdr.json,twist,46,thrill,,,,,18,200,139456,,not verified against original; not a production implementation registry,original media excluded; independently authored asset pending
rct2tt.ride.halofmrs,rct2tt,rct2tt,ride,0E24FA20|HALOFMRS|3229CEDD,2,legacy identity metadata,objects/rct2tt/ride/rct2tt.ride.halofmrs.json,b950783cca369c3134da4a49914b72a0a3cf2357ad1011a90abf10c8dd05c064,https://github.com/OpenRCT2/objects/blob/978f596972c1163dc670d853dd6add4766f10dbd/objects/rct2tt/ride/rct2tt.ride.halofmrs.json,crooked_house,71,gentle,,,,,5,3000,139456,,not verified against original; not a production implementation registry,original media excluded; independently authored asset pending
rct2tt.ride.harpiesx,rct2tt,rct2tt,ride,0E24F820|HARPIESX|EB713E06,2,legacy identity metadata,objects/rct2tt/ride/rct2tt.ride.harpiesx/object.json,8d166c2b29d9d6b7e953999aea79ce54e6928d38fa5fe9e768e84d4a09740fae,https://github.com/OpenRCT2/objects/blob/978f596972c1163dc670d853dd6add4766f10dbd/objects/rct2tt/ride/rct2tt.ride.harpiesx/object.json,lay_down_rc,62,rollercoaster,,3,6,,4;4,950;950,209184;209184,,not verified against original; not a production implementation registry,original media excluded; independently authored asset pending
rct2tt.ride.hotrodxx,rct2tt,rct2tt,ride,0E24FA20|HOTRODXX|C6560675,2,legacy identity metadata,objects/rct2tt/ride/rct2tt.ride.hotrodxx.json,6e98df93e157805f1f918b3ba116595f60a7bde873f8199caba22cedd61524b7,https://github.com/OpenRCT2/objects/blob/978f596972c1163dc670d853dd6add4766f10dbd/objects/rct2tt/ride/rct2tt.ride.hotrodxx.json,air_powered_vertical_rc,75,rollercoaster,,5,9,,2;0,600;500,95876;95876,1,not verified against original; not a production implementation registry,original media excluded; independently authored asset pending
rct2tt.ride.hoverbke,rct2tt,rct2tt,ride,0E24FA20|HOVERBKE|404935A3,2,legacy identity metadata,objects/rct2tt/ride/rct2tt.ride.hoverbke.json,0e399a5608c52d68397b572396842143482757b7047badbab50ebc0f91ba7720,https://github.com/OpenRCT2/objects/blob/978f596972c1163dc670d853dd6add4766f10dbd/objects/rct2tt/ride/rct2tt.ride.hoverbke.json,steeplechase,10,rollercoaster,,,,,2,800,244048,,not verified against original; not a production implementation registry,original media excluded; independently authored asset pending
rct2tt.ride.hovercar,rct2tt,rct2tt,ride,0E24FA20|HOVERCAR|10724616,2,legacy identity metadata,objects/rct2tt/ride/rct2tt.ride.hovercar/object.json,f361e3a7b1581bb71cf33814ec89d70a76f8fece3bcca8901f1f5868208538a4,https://github.com/OpenRCT2/objects/blob/978f596972c1163dc670d853dd6add4766f10dbd/objects/rct2tt/ride/rct2tt.ride.hovercar/object.json,car_ride,11,gentle,,3,3,,1;0,330;,217900;34864,2,not verified against original; not a production implementation registry,original media excluded; independently authored asset pending
rct2tt.ride.hovrbord,rct2tt,rct2tt,ride,0E24FA20|HOVRBORD|28FAF04B,2,legacy identity metadata,objects/rct2tt/ride/rct2tt.ride.hovrbord.json,07b2e0c68d6b58d23f00d7f59c7d2957a0c27dac1c125a05528c5b85110564d9,https://github.com/OpenRCT2/objects/blob/978f596972c1163dc670d853dd6add4766f10dbd/objects/rct2tt/ride/rct2tt.ride.hovrbord.json,mini_suspended_rc,7,rollercoaster,,,,,2,320,313776,,not verified against original; not a production implementation registry,original media excluded; independently authored asset pending
rct2tt.ride.jetpackx,rct2tt,rct2tt,ride,0E24FA20|JETPACKX|781A25FB,2,legacy identity metadata,objects/rct2tt/ride/rct2tt.ride.jetpackx.json,d8a18479e069f2808140835423ae33beb4294f76872ca890f7b404833b50eebe,https://github.com/OpenRCT2/objects/blob/978f596972c1163dc670d853dd6add4766f10dbd/objects/rct2tt/ride/rct2tt.ride.jetpackx.json,reverse_freefall_rc,42,rollercoaster,,,,,8,5500,366072,,not verified against original; not a production implementation registry,original media excluded; independently authored asset pending
rct2tt.ride.jetplane,rct2tt,rct2tt,ride,0E24FA20|JETPLANE|27A7754A,2,legacy identity metadata,objects/rct2tt/ride/rct2tt.ride.jetplane.json,25afb49aa55239600a43d8c72e7d351571029fd3b94fd56e222aaaffb920436d,https://github.com/OpenRCT2/objects/blob/978f596972c1163dc670d853dd6add4766f10dbd/objects/rct2tt/ride/rct2tt.ride.jetplane.json,mini_rc,87,rollercoaster,,,,,4,700,278912,,not verified against original; not a production implementation registry,original media excluded; independently authored asset pending
rct2tt.ride.jousting,rct2tt,rct2tt,ride,0E24F820|JOUSTING|B8B67191,2,legacy identity metadata,objects/rct2tt/ride/rct2tt.ride.jousting.json,c77fec6ac7cd953bc8ebbcfe71102d7b8ed6d792c77d87f48ccfc245efbed236,https://github.com/OpenRCT2/objects/blob/978f596972c1163dc670d853dd6add4766f10dbd/objects/rct2tt/ride/rct2tt.ride.jousting.json,steeplechase,10,rollercoaster,,,,,2,800,278912,,not verified against original; not a production implementation registry,original media excluded; independently authored asset pending
rct2tt.ride.medisoup,rct2tt,rct2tt,ride,0E24F920|MEDISOUP|7FD6B0FF,2,legacy identity metadata,objects/rct2tt/ride/rct2tt.ride.medisoup.json,53b8154ab7df3ff410453738c39d66a2d2a4bf97fa3a47897409bc7909e70dd3,https://github.com/OpenRCT2/objects/blob/978f596972c1163dc670d853dd6add4766f10dbd/objects/rct2tt/ride/rct2tt.ride.medisoup.json,food_stall,28,stall,40,,,wonton_soup,,,,,not verified against original; not a production implementation registry,original media excluded; independently authored asset pending
rct2tt.ride.mgr2,rct2tt,rct2tt,ride,0E24F920|MGR2    |C660DD44,2,legacy identity metadata,objects/rct2tt/ride/rct2tt.ride.mgr2.json,ebf2f9ab6492d42ba2d22534e38f2c88fcfe4574e839e30564caf2c7f45c4bc1,https://github.com/OpenRCT2/objects/blob/978f596972c1163dc670d853dd6add4766f10dbd/objects/rct2tt/ride/rct2tt.ride.mgr2.json,merry_go_round,33,gentle,,,,,32,200,139456,,not verified against original; not a production implementation registry,original media excluded; independently authored asset pending
rct2tt.ride.microbus,rct2tt,rct2tt,ride,0E24FA20|MICROBUS|72D94CA8,2,legacy identity metadata,objects/rct2tt/ride/rct2tt.ride.microbus.json,1b96262c55a3f41a76a32f58c02e6f1032080ee4f73883e3d8e9798b3a8cf3bd,https://github.com/OpenRCT2/objects/blob/978f596972c1163dc670d853dd6add4766f10dbd/objects/rct2tt/ride/rct2tt.ride.microbus.json,motion_simulator,38,thrill,,,,,8,3000,139456,,not verified against original; not a production implementation registry,original media excluded; independently authored asset pending
rct2tt.ride.mktstal1,rct2tt,rct2tt,ride,0E24F920|MKTSTAL1|A7B01AFC,2,legacy identity metadata,objects/rct2tt/ride/rct2tt.ride.mktstal1.json,3468f116cc78b3029b27fffb2039d004d37bee43526581a7619cebe11c483956,https://github.com/OpenRCT2/objects/blob/978f596972c1163dc670d853dd6add4766f10dbd/objects/rct2tt/ride/rct2tt.ride.mktstal1.json,food_stall,28,stall,32,,,toffee_apple,,,,,not verified against original; not a production implementation registry,original media excluded; independently authored asset pending
rct2tt.ride.mktstal2,rct2tt,rct2tt,ride,0E24F920|MKTSTAL2|8FCBFEB0,2,legacy identity metadata,objects/rct2tt/ride/rct2tt.ride.mktstal2.json,9f5547f4d2ebdb29aaa670dedff96057789bd0ff068c2d9f34a0a02f363021bc,https://github.com/OpenRCT2/objects/blob/978f596972c1163dc670d853dd6add4766f10dbd/objects/rct2tt/ride/rct2tt.ride.mktstal2.json,drink_stall,30,stall,32,,,lemonade,,,,,not verified against original; not a production implementation registry,original media excluded; independently authored asset pending
rct2tt.ride.moonjuce,rct2tt,rct2tt,ride,0E24FB20|MOONJUCE|6C54E05B,2,legacy identity metadata,objects/rct2tt/ride/rct2tt.ride.moonjuce.json,63fb69023601bf26222fc17b16993fe0e8ad5ac87c4b41a3ad860e8959ff4d05,https://github.com/OpenRCT2/objects/blob/978f596972c1163dc670d853dd6add4766f10dbd/objects/rct2tt/ride/rct2tt.ride.moonjuce.json,drink_stall,30,stall,32,,,drink,,,,,not verified against original; not a production implementation registry,original media excluded; independently authored asset pending
rct2tt.ride.mythosea,rct2tt,rct2tt,ride,0E24F820|MYTHOSEA|443507E2,2,legacy identity metadata,objects/rct2tt/ride/rct2tt.ride.mythosea.json,92fd1e0fbc95ab6a23ac6bf0f283f1da57704c971712c5cf568531a89efd0b25,https://github.com/OpenRCT2/objects/blob/978f596972c1163dc670d853dd6add4766f10dbd/objects/rct2tt/ride/rct2tt.ride.mythosea.json,food_stall,28,stall,40,,,tentacle,,,,,not verified against original; not a production implementation registry,original media excluded; independently authored asset pending
rct2tt.ride.neptunex,rct2tt,rct2tt,ride,0E24F820|NEPTUNEX|68A41E56,2,legacy identity metadata,objects/rct2tt/ride/rct2tt.ride.neptunex/object.json,fa895d44b90b94d8f2ce286d6d35e25200539ba60b7885ae7207dc73bfff4263,https://github.com/OpenRCT2/objects/blob/978f596972c1163dc670d853dd6add4766f10dbd/objects/rct2tt/ride/rct2tt.ride.neptunex/object.json,twist,46,thrill,,,,,18,200,139456,,not verified against original; not a production implementation registry,original media excluded; independently authored asset pending
rct2tt.ride.oakbarel,rct2tt,rct2tt,ride,0E24F820|OAKBAREL|BB210474,2,legacy identity metadata,objects/rct2tt/ride/rct2tt.ride.oakbarel.json,4b288fe9249d5e73eb995ccf330a295d2b30871b4ffba1a3a1181374cdbba17d,https://github.com/OpenRCT2/objects/blob/978f596972c1163dc670d853dd6add4766f10dbd/objects/rct2tt/ride/rct2tt.ride.oakbarel.json,river_rapids,24,water;thrill,,,,,8,450,296344,,not verified against original; not a production implementation registry,original media excluded; independently authored asset pending
rct2tt.ride.pegasusx,rct2tt,rct2tt,ride,0E24F820|PEGASUSX|488EFEF6,2,legacy identity metadata,objects/rct2tt/ride/rct2tt.ride.pegasusx.json,d2d06c7c22a45c8e10e2a626c8b2d8d03dcfdff45da472f9616ee8e8253822f1,https://github.com/OpenRCT2/objects/blob/978f596972c1163dc670d853dd6add4766f10dbd/objects/rct2tt/ride/rct2tt.ride.pegasusx.json,car_ride,11,gentle,,3,3,,2;0,3000;,244048;34864,2,not verified against original; not a production implementation registry,original media excluded; independently authored asset pending
rct2tt.ride.polchase,rct2tt,rct2tt,ride,0E24F920|POLCHASE|8BACAB3E,2,legacy identity metadata,objects/rct2tt/ride/rct2tt.ride.polchase.json,cca2403885c0b992a210cdbbe5af67f8f66695587ba2366a680bbc8de14c3849,https://github.com/OpenRCT2/objects/blob/978f596972c1163dc670d853dd6add4766f10dbd/objects/rct2tt/ride/rct2tt.ride.polchase.json,looping_rc,15,rollercoaster,,2,8,,4;4,700;600,278912;261480,,not verified against original; not a production implementation registry,original media excluded; independently authored asset pending
rct2tt.ride.policecr,rct2tt,rct2tt,ride,0E24F920|POLICECR|FC44F45E,2,legacy identity metadata,objects/rct2tt/ride/rct2tt.ride.policecr.json,8dec43e2f8a0c16acb9babfe71b1e91d3297d7a5dc1ec1a79c8891586a47705a,https://github.com/OpenRCT2/objects/blob/978f596972c1163dc670d853dd6add4766f10dbd/objects/rct2tt/ride/rct2tt.ride.policecr.json,reverser_rc,65,rollercoaster,,3,3,,6;6;0,900;900;,104592;104592;122024,2,not verified against original; not a production implementation registry,original media excluded; independently authored asset pending
rct2tt.ride.pterodac,rct2tt,rct2tt,ride,0E24F720|PTERODAC|83F40281,2,legacy identity metadata,objects/rct2tt/ride/rct2tt.ride.pterodac.json,b046cbff198254e1c2c1b6c904c9d375b5c82ce32dec26c6f12fcba0cb343959,https://github.com/OpenRCT2/objects/blob/978f596972c1163dc670d853dd6add4766f10dbd/objects/rct2tt/ride/rct2tt.ride.pterodac.json,flying_rc,57,rollercoaster,,3,8,,4;4,950;900,183036;183036,,not verified against original; not a production implementation registry,original media excluded; independently authored asset pending
rct2tt.ride.raptorxx,rct2tt,rct2tt,ride,0E24F720|RAPTORXX|F7E91DF1,2,legacy identity metadata,objects/rct2tt/ride/rct2tt.ride.raptorxx.json,517823f86be91fe75745ceb8f393d3426035bb09afc665d8700ef4e01061fde4,https://github.com/OpenRCT2/objects/blob/978f596972c1163dc670d853dd6add4766f10dbd/objects/rct2tt/ride/rct2tt.ride.raptorxx.json,steeplechase,10,rollercoaster,,,,,2,800,209184,,not verified against original; not a production implementation registry,original media excluded; independently authored asset pending
rct2tt.ride.rivrstyx,rct2tt,rct2tt,ride,0E24F820|RIVRSTYX|E701FD53,2,legacy identity metadata,objects/rct2tt/ride/rct2tt.ride.rivrstyx/object.json,8019aaf8d9ed711c1ce8b1241070c66a0c602eb99f7d46e6e034b41db237c05b,https://github.com/OpenRCT2/objects/blob/978f596972c1163dc670d853dd6add4766f10dbd/objects/rct2tt/ride/rct2tt.ride.rivrstyx/object.json,river_rafts,79,water;transport,,,,,4,950,313776,,not verified against original; not a production implementation registry,original media excluded; independently authored asset pending
rct2tt.ride.schoolbs,rct2tt,rct2tt,ride,0E24FA20|SCHOOLBS|BF619A2B,2,legacy identity metadata,objects/rct2tt/ride/rct2tt.ride.schoolbs.json,0a13ab61dde97924106181fea29785463c8011286fa4db4dfe6478f3a0ff8b50,https://github.com/OpenRCT2/objects/blob/978f596972c1163dc670d853dd6add4766f10dbd/objects/rct2tt/ride/rct2tt.ride.schoolbs.json,miniature_railway,5,transport,,2,2,,6;0,3000;,278912;139456,2,not verified against original; not a production implementation registry,original media excluded; independently authored asset pending
rct2tt.ride.seaplane,rct2tt,rct2tt,ride,0E24F920|SEAPLANE|5502749C,2,legacy identity metadata,objects/rct2tt/ride/rct2tt.ride.seaplane.json,8418389cd1740543630f1ee53f3d9d614e7a466fc03518742e4a319e1735ca56,https://github.com/OpenRCT2/objects/blob/978f596972c1163dc670d853dd6add4766f10dbd/objects/rct2tt/ride/rct2tt.ride.seaplane.json,suspended_swinging_rc,2,rollercoaster,,,8,,4,950,348640,,not verified against original; not a production implementation registry,original media excluded; independently authored asset pending
rct2tt.ride.softoyst,rct2tt,rct2tt,ride,0E24F720|SOFTOYST|38EB9911,2,legacy identity metadata,objects/rct2tt/ride/rct2tt.ride.softoyst.json,5c58847db018a5f562eb3fb900d22fbb9ed1759d6c9b3cdd4b3701f101158b5f,https://github.com/OpenRCT2/objects/blob/978f596972c1163dc670d853dd6add4766f10dbd/objects/rct2tt/ride/rct2tt.ride.softoyst.json,shop,32,stall,32,,,toy,,,,,not verified against original; not a production implementation registry,original media excluded; independently authored asset pending
rct2tt.ride.spokprsn,rct2tt,rct2tt,ride,0E24F920|SPOKPRSN|91DCE322,2,legacy identity metadata,objects/rct2tt/ride/rct2tt.ride.spokprsn.json,7eb87c2cad8488d2515bdeff5e644f2509b13b5595f5125daf9a536626d5fec0,https://github.com/OpenRCT2/objects/blob/978f596972c1163dc670d853dd6add4766f10dbd/objects/rct2tt/ride/rct2tt.ride.spokprsn.json,crooked_house,71,gentle,,,,,16,3000,139456,,not verified against original; not a production implementation registry,original media excluded; independently authored asset pending
rct2tt.ride.stamphrd,rct2tt,rct2tt,ride,0E24F720|STAMPHRD|8C185561,2,legacy identity metadata,objects/rct2tt/ride/rct2tt.ride.stamphrd.json,2b945aef992036fa4f21f8bd1573ecbd0ca7c8cb523f5bceb6beb1d2c8fc7dd0,https://github.com/OpenRCT2/objects/blob/978f596972c1163dc670d853dd6add4766f10dbd/objects/rct2tt/ride/rct2tt.ride.stamphrd.json,stand_up_rc,1,rollercoaster,,2,9,,4;4;0,730;730;50,217900;200468;17432,1,not verified against original; not a production implementation registry,original media excluded; independently authored asset pending
rct2tt.ride.telepter,rct2tt,rct2tt,ride,0E24FA20|TELEPTER|F17CB5D9,2,legacy identity metadata,objects/rct2tt/ride/rct2tt.ride.telepter.json,45179ac3b2d29477302cb80a18a991a84db7d306253a6778860cbcde5a535911,https://github.com/OpenRCT2/objects/blob/978f596972c1163dc670d853dd6add4766f10dbd/objects/rct2tt/ride/rct2tt.ride.telepter.json,lift,43,transport,,,,,16,1000,862884,,not verified against original; not a production implementation registry,original media excluded; independently authored asset pending
rct2tt.ride.timemach,rct2tt,rct2tt,ride,0E24FA20|TIMEMACH|8FA57E56,2,legacy identity metadata,objects/rct2tt/ride/rct2tt.ride.timemach.json,e28b9e4e34fc38b9b3c7af17711668b8bcf8272b23891b5dddf9159109ddc7f6,https://github.com/OpenRCT2/objects/blob/978f596972c1163dc670d853dd6add4766f10dbd/objects/rct2tt/ride/rct2tt.ride.timemach.json,space_rings,41,gentle,,,,,1,1000,139456,,not verified against original; not a production implementation registry,original media excluded; independently authored asset pending
rct2tt.ride.tommygun,rct2tt,rct2tt,ride,0E24F920|TOMMYGUN|ECE2B3D3,2,legacy identity metadata,objects/rct2tt/ride/rct2tt.ride.tommygun.json,5d7a0e4abd65e7f6ee89e93474fb4610a252d652f1e97c08d6a3c0d26990cf75,https://github.com/OpenRCT2/objects/blob/978f596972c1163dc670d853dd6add4766f10dbd/objects/rct2tt/ride/rct2tt.ride.tommygun.json,twist,46,thrill,,,,,18,200,139456,,not verified against original; not a production implementation registry,original media excluded; independently authored asset pending
rct2tt.ride.trebucht,rct2tt,rct2tt,ride,0E24F820|TREBUCHT|4056417D,2,legacy identity metadata,objects/rct2tt/ride/rct2tt.ride.trebucht.json,e83ad4b0dbb803756def378716853a892b8c091a4ef7e800d84f6f0aa2811b5b,https://github.com/OpenRCT2/objects/blob/978f596972c1163dc670d853dd6add4766f10dbd/objects/rct2tt/ride/rct2tt.ride.trebucht.json,top_spin,40,thrill,,,,,8,3000,139456,,not verified against original; not a production implementation registry,original media excluded; independently authored asset pending
rct2tt.ride.tricatop,rct2tt,rct2tt,ride,0E24F720|TRICATOP|AB340BCD,2,legacy identity metadata,objects/rct2tt/ride/rct2tt.ride.tricatop.json,c8b93d984c78e89f15ad4c0a6b45a1a90e105ffe7f7bad1af59c840dbcdf20b0,https://github.com/OpenRCT2/objects/blob/978f596972c1163dc670d853dd6add4766f10dbd/objects/rct2tt/ride/rct2tt.ride.tricatop.json,dodgems,25,gentle,,,,,1,200,139456,,not verified against original; not a production implementation registry,original media excluded; independently authored asset pending
rct2tt.ride.trilobte,rct2tt,rct2tt,ride,0E24F720|TRILOBTE|4F91E524,2,legacy identity metadata,objects/rct2tt/ride/rct2tt.ride.trilobte.json,5f351127e53d89b9c269a7dafd3bd22ab60ba50a9380b33c2c8d392137bbb50c,https://github.com/OpenRCT2/objects/blob/978f596972c1163dc670d853dd6add4766f10dbd/objects/rct2tt/ride/rct2tt.ride.trilobte.json,water_coaster,74,water;rollercoaster,,3,3,,6;0,950;,313776;87160,2,not verified against original; not a production implementation registry,original media excluded; independently authored asset pending
rct2tt.ride.valkyrie,rct2tt,rct2tt,ride,0E24F820|VALKYRIE|38768495,2,legacy identity metadata,objects/rct2tt/ride/rct2tt.ride.valkyrie.json,5bcf54743ed8dc70854210fb8e02cfdb42f75b807bb3ffc6c1e9caff6272756d,https://github.com/OpenRCT2/objects/blob/978f596972c1163dc670d853dd6add4766f10dbd/objects/rct2tt/ride/rct2tt.ride.valkyrie.json,vertical_drop_rc,44,rollercoaster,,,3,,6,2000,174320,,not verified against original; not a production implementation registry,original media excluded; independently authored asset pending
rct2tt.ride.zeplelin,rct2tt,rct2tt,ride,0E24F920|ZEPLELIN|DBCFDAE2,2,legacy identity metadata,objects/rct2tt/ride/rct2tt.ride.zeplelin.json,adecfddf1f1d886bfbef6ea8e8c5f29eabf27fa4efd40171aec03effcc21e5eb,https://github.com/OpenRCT2/objects/blob/978f596972c1163dc670d853dd6add4766f10dbd/objects/rct2tt/ride/rct2tt.ride.zeplelin.json,suspended_monorail,63,transport,,,4,,8,1100,383504,,not verified against original; not a production implementation registry,original media excluded; independently authored asset pending
rct2ww.ride.anaconda,rct2ww,rct2ww,ride,0CC31B10|ANACONDA|9070B4A0,1,legacy identity metadata,objects/rct2ww/ride/rct2ww.ride.anaconda.json,a59dec2afe1b633f21defc4a13e33208522efe58c7c38f555d96e50adddc170d,https://github.com/OpenRCT2/objects/blob/978f596972c1163dc670d853dd6add4766f10dbd/objects/rct2ww/ride/rct2ww.ride.anaconda.json,hypercoaster,19,rollercoaster,,2,8,,6;6;0,650;610;150,261480;252764;78444,1,not verified against original; not a production implementation registry,original media excluded; independently authored asset pending
rct2ww.ride.blackcab,rct2ww,rct2ww,ride,0CBD0810|BLACKCAB|2E5D8CFF,1,legacy identity metadata,objects/rct2ww/ride/rct2ww.ride.blackcab.json,77eac65e220c53447cb0476b250650acf0ff013e12737f665677dd2f73eba927,https://github.com/OpenRCT2/objects/blob/978f596972c1163dc670d853dd6add4766f10dbd/objects/rct2ww/ride/rct2ww.ride.blackcab.json,car_ride,11,gentle,,3,3,,2;0,300;,174320;34864,2,not verified against original; not a production implementation registry,original media excluded; independently authored asset pending
rct2ww.ride.bomerang,rct2ww,rct2ww,ride,0CBD0E10|BOMERANG|AD9AB191,1,legacy identity metadata,objects/rct2ww/ride/rct2ww.ride.bomerang.json,0765f0fcc88b04d361ce1192d7b8caf1031409c8769800131d82fa0d02e459cd,https://github.com/OpenRCT2/objects/blob/978f596972c1163dc670d853dd6add4766f10dbd/objects/rct2ww/ride/rct2ww.ride.bomerang.json,air_powered_vertical_rc,75,rollercoaster,,5,9,,2;0,600;500,95876;95876,1,not verified against original; not a production implementation registry,original media excluded; independently authored asset pending
rct2ww.ride.bullet,rct2ww,rct2ww,ride,0CBCFB10|BULLET  |73B9B46F,1,legacy identity metadata,objects/rct2ww/ride/rct2ww.ride.bullet.json,cfc61541cc72104729258f0e8f509191e06fc61749de009945542b07e180d8bd,https://github.com/OpenRCT2/objects/blob/978f596972c1163dc670d853dd6add4766f10dbd/objects/rct2ww/ride/rct2ww.ride.bullet.json,corkscrew_rc,19,rollercoaster,,3,9,,4;4;0,600;500;50,261480;226616;52296,1,not verified against original; not a production implementation registry,original media excluded; independently authored asset pending
rct2ww.ride.caddilac,rct2ww,rct2ww,ride,0CBD0810|CADDILAC|C0E23C24,1,legacy identity metadata,objects/rct2ww/ride/rct2ww.ride.caddilac.json,1b52f7b23d60fa28abfc95ed06105810c24e2a0c9678fb2334c44f4e235db349,https://github.com/OpenRCT2/objects/blob/978f596972c1163dc670d853dd6add4766f10dbd/objects/rct2ww/ride/rct2ww.ride.caddilac.json,corkscrew_rc,19,rollercoaster,,3,9,,4;4;0,600;500;50,261480;226616;52296,1,not verified against original; not a production implementation registry,original media excluded; independently authored asset pending
rct2ww.ride.coffeecu,rct2ww,rct2ww,ride,0CC31B10|COFFEECU|E104B3ED,1,legacy identity metadata,objects/rct2ww/ride/rct2ww.ride.coffeecu.json,71b0696e26d70821624f061cb2ef46265987598278450ac19d877b32ceb005f4,https://github.com/OpenRCT2/objects/blob/978f596972c1163dc670d853dd6add4766f10dbd/objects/rct2ww/ride/rct2ww.ride.coffeecu.json,twist,46,thrill,,,,,18,200,139456,,not verified against original; not a production implementation registry,original media excluded; independently authored asset pending
rct2ww.ride.condorrd,rct2ww,rct2ww,ride,0CC31B10|CONDORRD|12189574,1,legacy identity metadata,objects/rct2ww/ride/rct2ww.ride.condorrd.json,bc32af5c67c9551035e116f99f1dd9ee3320f612adbaa63d32906c5f7773f0b1,https://github.com/OpenRCT2/objects/blob/978f596972c1163dc670d853dd6add4766f10dbd/objects/rct2ww/ride/rct2ww.ride.condorrd.json,flying_rc,57,rollercoaster,,3,8,,4;4,950;950,183036;183036,,not verified against original; not a production implementation registry,original media excluded; independently authored asset pending
rct2ww.ride.congaeel,rct2ww,rct2ww,ride,0CBD0E10|CONGAEEL|BA9C3EE9,1,legacy identity metadata,objects/rct2ww/ride/rct2ww.ride.congaeel.json,2364b6aba8d5b0517fb67b2f2bf0340690c6479c39a9ac61cdf87f695dec6f93,https://github.com/OpenRCT2/objects/blob/978f596972c1163dc670d853dd6add4766f10dbd/objects/rct2ww/ride/rct2ww.ride.congaeel.json,corkscrew_rc,19,rollercoaster,,3,9,,4;4;0,600;500;50,261480;226616;52296,1,not verified against original; not a production implementation registry,original media excluded; independently authored asset pending
rct2ww.ride.crnvbfly,rct2ww,rct2ww,ride,0CC31C10|CRNVBFLY|C054937D,1,legacy identity metadata,objects/rct2ww/ride/rct2ww.ride.crnvbfly.json,c5d8e8763a6e1f2b598eedd43a47b04ccae75104ebdf3d8f022b651262e2f760,https://github.com/OpenRCT2/objects/blob/978f596972c1163dc670d853dd6add4766f10dbd/objects/rct2ww/ride/rct2ww.ride.crnvbfly.json,car_ride,11,gentle,,3,3,,2;0,300;,174320;34864,2,not verified against original; not a production implementation registry,original media excluded; independently authored asset pending
rct2ww.ride.crnvfrog,rct2ww,rct2ww,ride,0CC31C10|CRNVFROG|5C24055D,1,legacy identity metadata,objects/rct2ww/ride/rct2ww.ride.crnvfrog.json,146956b696f23fb34f7372b706d41ce90c7f6ed5165f35a835313194b96d2df0,https://github.com/OpenRCT2/objects/blob/978f596972c1163dc670d853dd6add4766f10dbd/objects/rct2ww/ride/rct2ww.ride.crnvfrog.json,car_ride,11,gentle,,3,3,,2;0,300;,174320;34864,2,not verified against original; not a production implementation registry,original media excluded; independently authored asset pending
rct2ww.ride.crnvlzrd,rct2ww,rct2ww,ride,0CC31C10|CRNVLZRD|4CE0E220,1,legacy identity metadata,objects/rct2ww/ride/rct2ww.ride.crnvlzrd.json,103736fdd6e339306f2825693d9528da3316466a30124f83040d6d54b73ebf81,https://github.com/OpenRCT2/objects/blob/978f596972c1163dc670d853dd6add4766f10dbd/objects/rct2ww/ride/rct2ww.ride.crnvlzrd.json,car_ride,11,gentle,,3,3,,2;0,300;,174320;34864,2,not verified against original; not a production implementation registry,original media excluded; independently authored asset pending
rct2ww.ride.crocflum,rct2ww,rct2ww,ride,0CBD0E10|CROCFLUM|E73057F7,1,legacy identity metadata,objects/rct2ww/ride/rct2ww.ride.crocflum.json,f35bc0fb00e5a39f9757d3efec715cbcc1fb09764f53e7ed6a0a9ccadb81e894,https://github.com/OpenRCT2/objects/blob/978f596972c1163dc670d853dd6add4766f10dbd/objects/rct2ww/ride/rct2ww.ride.crocflum.json,log_flume,23,water,,,,,4;4,250;250,278912;8716,,not verified against original; not a production implementation registry,original media excluded; independently authored asset pending
rct2ww.ride.dhowwatr,rct2ww,rct2ww,ride,0CBCFB10|DHOWWATR|A290AEE5,1,legacy identity metadata,objects/rct2ww/ride/rct2ww.ride.dhowwatr.json,7bb08ab97c0e9256728ed7b45ab4f9c721e5edbf1bf6265e57907ffd885af3e9,https://github.com/OpenRCT2/objects/blob/978f596972c1163dc670d853dd6add4766f10dbd/objects/rct2ww/ride/rct2ww.ride.dhowwatr.json,boat_hire,8,water;gentle,,,,,2,180,278912,,not verified against original; not a production implementation registry,original media excluded; independently authored asset pending
rct2ww.ride.diamondr,rct2ww,rct2ww,ride,0CBD0210|DIAMONDR|1486247C,1,legacy identity metadata,objects/rct2ww/ride/rct2ww.ride.diamondr.json,2a123e0234e38c4b12db0c8fe6ec4f7eac098e4aa7783cbc635afdaf10552c86,https://github.com/OpenRCT2/objects/blob/978f596972c1163dc670d853dd6add4766f10dbd/objects/rct2ww/ride/rct2ww.ride.diamondr.json,twist,46,thrill,,,,,18,200,139456,,not verified against original; not a production implementation registry,original media excluded; independently authored asset pending
rct2ww.ride.dolphinr,rct2ww,rct2ww,ride,0CBD0E10|DOLPHINR|54291652,1,legacy identity metadata,objects/rct2ww/ride/rct2ww.ride.dolphinr.json,61ac4f0b3943d86da319ab94419c30e3d27f067b76a64737710353faceb598d1,https://github.com/OpenRCT2/objects/blob/978f596972c1163dc670d853dd6add4766f10dbd/objects/rct2ww/ride/rct2ww.ride.dolphinr.json,boat_hire,8,water;thrill,,,,,1,160,278912,,not verified against original; not a production implementation registry,original media excluded; independently authored asset pending
rct2ww.ride.dragdodg,rct2ww,rct2ww,ride,0CBCFB10|DRAGDODG|747E159E,1,legacy identity metadata,objects/rct2ww/ride/rct2ww.ride.dragdodg.json,6a6756dea0e5f94172fdf7a8f538e0190c52335b61b433671ca14685dc9533b9,https://github.com/OpenRCT2/objects/blob/978f596972c1163dc670d853dd6add4766f10dbd/objects/rct2ww/ride/rct2ww.ride.dragdodg.json,flying_saucers,70,gentle,,,,,1,190,139456,,not verified against original; not a production implementation registry,original media excluded; independently authored asset pending
rct2ww.ride.dragon,rct2ww,rct2ww,ride,0CBCFC10|DRAGON  |B6850D40,1,legacy identity metadata,objects/rct2ww/ride/rct2ww.ride.dragon.json,25eadc02f343d4b1d8ca86e8382fd04808fe7fcb33ce2ec15de4f827b1ecfbee,https://github.com/OpenRCT2/objects/blob/978f596972c1163dc670d853dd6add4766f10dbd/objects/rct2ww/ride/rct2ww.ride.dragon.json,corkscrew_rc,19,rollercoaster,,3,9,,4;4;0,600;500;50,261480;226616;52296,1,not verified against original; not a production implementation registry,original media excluded; independently authored asset pending
rct2ww.ride.faberge,rct2ww,rct2ww,ride,0CBD0810|FABERGE |4ED43F8A,1,legacy identity metadata,objects/rct2ww/ride/rct2ww.ride.faberge.json,1b6b6d6b8046780f111a2857392b454a4a35bd5d60afc9a38bb640fa05b638be,https://github.com/OpenRCT2/objects/blob/978f596972c1163dc670d853dd6add4766f10dbd/objects/rct2ww/ride/rct2ww.ride.faberge.json,twist,46,thrill,,,,,18,200,139456,,not verified against original; not a production implementation registry,original media excluded; independently authored asset pending
rct2ww.ride.fightkit,rct2ww,rct2ww,ride,0CBCFC10|FIGHTKIT|E429BFB3,1,legacy identity metadata,objects/rct2ww/ride/rct2ww.ride.fightkit.json,ae1b9e907927beedf49e417c0f4d11407b984876bc45add6ccab9b8ee96ee6c2,https://github.com/OpenRCT2/objects/blob/978f596972c1163dc670d853dd6add4766f10dbd/objects/rct2ww/ride/rct2ww.ride.fightkit.json,twist,46,thrill,,,,,18,200,139456,,not verified against original; not a production implementation registry,original media excluded; independently authored asset pending
rct2ww.ride.firecrak,rct2ww,rct2ww,ride,0CBCFC10|FIRECRAK|4153A187,1,legacy identity metadata,objects/rct2ww/ride/rct2ww.ride.firecrak.json,c7aff0b7e502f89df23390f3d02fc201223fddb8eef3f9d4e2004e01e536ac62,https://github.com/OpenRCT2/objects/blob/978f596972c1163dc670d853dd6add4766f10dbd/objects/rct2ww/ride/rct2ww.ride.firecrak.json,enterprise,81,thrill,,,,,16,200,139456,,not verified against original; not a production implementation registry,original media excluded; independently authored asset pending
rct2ww.ride.football,rct2ww,rct2ww,ride,0CC31C10|FOOTBALL|80A1B1A4,1,legacy identity metadata,objects/rct2ww/ride/rct2ww.ride.football.json,bd9da87f93ad5f57f7ce59fa7340df6db88f2343fbe1181227b4d099863f1ab0,https://github.com/OpenRCT2/objects/blob/978f596972c1163dc670d853dd6add4766f10dbd/objects/rct2ww/ride/rct2ww.ride.football.json,suspended_swinging_rc,2,rollercoaster,,,8,,4,950,331208,,not verified against original; not a production implementation registry,original media excluded; independently authored asset pending
rct2ww.ride.gorilla,rct2ww,rct2ww,ride,0CBD0210|GORILLA |E8224108,1,legacy identity metadata,objects/rct2ww/ride/rct2ww.ride.gorilla.json,18a00d489f8ec411e322c7cc903a9a5af6c8b9e3a0e13b9bb6fe721835444460,https://github.com/OpenRCT2/objects/blob/978f596972c1163dc670d853dd6add4766f10dbd/objects/rct2ww/ride/rct2ww.ride.gorilla.json,suspended_swinging_rc,2,rollercoaster,,,8,,4,950,287628,,not verified against original; not a production implementation registry,original media excluded; independently authored asset pending
rct2ww.ride.gratwhte,rct2ww,rct2ww,ride,0CBD0E10|GRATWHTE|A67F5258,1,legacy identity metadata,objects/rct2ww/ride/rct2ww.ride.gratwhte.json,af28a206a8915eb6bf1b75fea377ffd07ff08d691523cd0c5e43e949ec6ae6e1,https://github.com/OpenRCT2/objects/blob/978f596972c1163dc670d853dd6add4766f10dbd/objects/rct2ww/ride/rct2ww.ride.gratwhte.json,corkscrew_rc,19,rollercoaster,,3,9,,4;4;0,600;500;50,244048;244048;191752,1,not verified against original; not a production implementation registry,original media excluded; independently authored asset pending
rct2ww.ride.hipporid,rct2ww,rct2ww,ride,0CBD0210|HIPPORID|89FABFD7,1,legacy identity metadata,objects/rct2ww/ride/rct2ww.ride.hipporid.json,796d09ca8c9207a83631893e9e6164b7d8db09ff1ba3c233bb157c5b9c504c9c,https://github.com/OpenRCT2/objects/blob/978f596972c1163dc670d853dd6add4766f10dbd/objects/rct2ww/ride/rct2ww.ride.hipporid.json,submarine_ride,78,gentle;water,,,,,5,300,278912,,not verified against original; not a production implementation registry,original media excluded; independently authored asset pending
rct2ww.ride.huskie,rct2ww,rct2ww,ride,0CBD0010|HUSKIE  |24E6EAB8,1,legacy identity metadata,objects/rct2ww/ride/rct2ww.ride.huskie.json,5e0d264073e793a9c1d1f36068422324e01d8fa9250269ce6c8002937f81a7d7,https://github.com/OpenRCT2/objects/blob/978f596972c1163dc670d853dd6add4766f10dbd/objects/rct2ww/ride/rct2ww.ride.huskie.json,car_ride,11,gentle,,3,3,,2;0,3000;,244048;34864,2,not verified against original; not a production implementation registry,original media excluded; independently authored asset pending
rct2ww.ride.italypor,rct2ww,rct2ww,ride,0CBD0810|ITALYPOR|9AD8D1E5,1,legacy identity metadata,objects/rct2ww/ride/rct2ww.ride.italypor.json,cc4631297c017a406039be0edaf33d95726306ebc11aa10ff25f4849563560a2,https://github.com/OpenRCT2/objects/blob/978f596972c1163dc670d853dd6add4766f10dbd/objects/rct2ww/ride/rct2ww.ride.italypor.json,twist,46,thrill,,,,,18,200,139456,,not verified against original; not a production implementation registry,original media excluded; independently authored asset pending
rct2ww.ride.jaguarrd,rct2ww,rct2ww,ride,0CC31C10|JAGUARRD|56C7DB7E,1,legacy identity metadata,objects/rct2ww/ride/rct2ww.ride.jaguarrd.json,6d4583f5079e2dcfc0b6e4eddd8022a04a8fdca3bdca9ae077ba6e99b255f73e,https://github.com/OpenRCT2/objects/blob/978f596972c1163dc670d853dd6add4766f10dbd/objects/rct2ww/ride/rct2ww.ride.jaguarrd.json,mini_rc,87,rollercoaster,,,,,4,790,235332,,not verified against original; not a production implementation registry,original media excluded; independently authored asset pending
rct2ww.ride.junkswng,rct2ww,rct2ww,ride,0CBCFC10|JUNKSWNG|88A9282C,1,legacy identity metadata,objects/rct2ww/ride/rct2ww.ride.junkswng.json,8bc8cc66af9256222a9ad0c6f6811c24ae0c31be7809dead8ab9322e3852f75d,https://github.com/OpenRCT2/objects/blob/978f596972c1163dc670d853dd6add4766f10dbd/objects/rct2ww/ride/rct2ww.ride.junkswng.json,swinging_inverter_ship,27,thrill,,,,,12,200,139456,,not verified against original; not a production implementation registry,original media excluded; independently authored asset pending
rct2ww.ride.killwhal,rct2ww,rct2ww,ride,0CBD0110|KILLWHAL|8617DD85,1,legacy identity metadata,objects/rct2ww/ride/rct2ww.ride.killwhal.json,9550a83ff51b96416363a3010a0d5ae4cda6ce36bc94df37609dfbe53ebf0db4,https://github.com/OpenRCT2/objects/blob/978f596972c1163dc670d853dd6add4766f10dbd/objects/rct2ww/ride/rct2ww.ride.killwhal.json,submarine_ride,78,gentle;water,,,,,5,300,278912,,not verified against original; not a production implementation registry,original media excluded; independently authored asset pending
rct2ww.ride.kolaride,rct2ww,rct2ww,ride,0CBD0E10|KOLARIDE|53611988,1,legacy identity metadata,objects/rct2ww/ride/rct2ww.ride.kolaride.json,7e6d5552bce3ce9cafe44355a05e445add49bbd87656630b9dcfa86360dad5f6,https://github.com/OpenRCT2/objects/blob/978f596972c1163dc670d853dd6add4766f10dbd/objects/rct2ww/ride/rct2ww.ride.kolaride.json,reverse_freefall_rc,42,rollercoaster,,,,,8,5500,348640,,not verified against original; not a production implementation registry,original media excluded; independently authored asset pending
rct2ww.ride.lionride,rct2ww,rct2ww,ride,0CBD0210|LIONRIDE|81B59D19,1,legacy identity metadata,objects/rct2ww/ride/rct2ww.ride.lionride.json,ce9e4d01a39c96079baf272565cf3b55bea7d39d083408cc3c7fae862e5d3635,https://github.com/OpenRCT2/objects/blob/978f596972c1163dc670d853dd6add4766f10dbd/objects/rct2ww/ride/rct2ww.ride.lionride.json,mini_rc,87,rollercoaster,,,,,4,790,235332,,not verified against original; not a production implementation registry,original media excluded; independently authored asset pending
rct2ww.ride.londonbs,rct2ww,rct2ww,ride,0CBD0810|LONDONBS|20DA2498,1,legacy identity metadata,objects/rct2ww/ride/rct2ww.ride.londonbs.json,c9f002e6ea16b22ef16e6909b230fac07066ff98cf9c185c1b60c193fe0c9eae,https://github.com/OpenRCT2/objects/blob/978f596972c1163dc670d853dd6add4766f10dbd/objects/rct2ww/ride/rct2ww.ride.londonbs.json,miniature_railway,5,transport,,2,2,,10;0,3000;,278912;139456,2,not verified against original; not a production implementation registry,original media excluded; independently authored asset pending
rct2ww.ride.mandarin,rct2ww,rct2ww,ride,0CBCFC10|MANDARIN|A46F57A6,1,legacy identity metadata,objects/rct2ww/ride/rct2ww.ride.mandarin.json,e9f9b36bec19879964a66bbaf4b443e030d254c1b0cd4479b7b941bc46cc0960,https://github.com/OpenRCT2/objects/blob/978f596972c1163dc670d853dd6add4766f10dbd/objects/rct2ww/ride/rct2ww.ride.mandarin.json,boat_hire,8,water;gentle,,,,,2,350,278912,,not verified against original; not a production implementation registry,original media excluded; independently authored asset pending
rct2ww.ride.mantaray,rct2ww,rct2ww,ride,0CBD0E10|MANTARAY|F70C5508,1,legacy identity metadata,objects/rct2ww/ride/rct2ww.ride.mantaray.json,a426e070b95aacd0448ac441a90f308fb5f5e000c84d4053e6de865c57b67986,https://github.com/OpenRCT2/objects/blob/978f596972c1163dc670d853dd6add4766f10dbd/objects/rct2ww/ride/rct2ww.ride.mantaray.json,water_coaster,74,water;rollercoaster,,3,3,,6;0,950;,191752;87160,2,not verified against original; not a production implementation registry,original media excluded; independently authored asset pending
rct2ww.ride.minecart,rct2ww,rct2ww,ride,0CBD0210|MINECART|CC5270CE,1,legacy identity metadata,objects/rct2ww/ride/rct2ww.ride.minecart.json,457e6cc504296711e8cd7b454b35fccfc2ef816f721307d093e542552dfb0318,https://github.com/OpenRCT2/objects/blob/978f596972c1163dc670d853dd6add4766f10dbd/objects/rct2ww/ride/rct2ww.ride.minecart.json,wooden_rc,52,rollercoaster,,2,7,,4,540,209184,,not verified against original; not a production implementation registry,original media excluded; independently authored asset pending
rct2ww.ride.minelift,rct2ww,rct2ww,ride,0CBD0210|MINELIFT|C3FDFB8B,1,legacy identity metadata,objects/rct2ww/ride/rct2ww.ride.minelift.json,489fbdd7461702588ba430194404ab1c557f39f05987e679919adefaace1db04,https://github.com/OpenRCT2/objects/blob/978f596972c1163dc670d853dd6add4766f10dbd/objects/rct2ww/ride/rct2ww.ride.minelift.json,lift,43,transport,,,,,16,1000,862884,,not verified against original; not a production implementation registry,original media excluded; independently authored asset pending
rct2ww.ride.ostrich,rct2ww,rct2ww,ride,0CBD0310|OSTRICH |54A96483,1,legacy identity metadata,objects/rct2ww/ride/rct2ww.ride.ostrich.json,2e629dfaf8819bc702ce39a16a568820ca2650eff0bbec79c716e07b2d2b5964,https://github.com/OpenRCT2/objects/blob/978f596972c1163dc670d853dd6add4766f10dbd/objects/rct2ww/ride/rct2ww.ride.ostrich.json,stand_up_rc,1,rollercoaster,,2,9,,4;4;0,730;730;50,200468;174320;52296,1,not verified against original; not a production implementation registry,original media excluded; independently authored asset pending
rct2ww.ride.outriggr,rct2ww,rct2ww,ride,0CBD0810|OUTRIGGR|CEE2B803,1,legacy identity metadata,objects/rct2ww/ride/rct2ww.ride.outriggr.json,1a65c59cbb4ff04ce71fc38053b7b855e7ff04e376b831dc1c4504c153e421fa,https://github.com/OpenRCT2/objects/blob/978f596972c1163dc670d853dd6add4766f10dbd/objects/rct2ww/ride/rct2ww.ride.outriggr.json,boat_hire,8,water;gentle,,,,,2,180,278912,,not verified against original; not a production implementation registry,original media excluded; independently authored asset pending
rct2ww.ride.penguinb,rct2ww,rct2ww,ride,0CBD0110|PENGUINB|D859D92B,1,legacy identity metadata,objects/rct2ww/ride/rct2ww.ride.penguinb.json,9e57c558d4a547c759cd5bfb926c7011abab120ad824a21a87c0fb526bd66ba4,https://github.com/OpenRCT2/objects/blob/978f596972c1163dc670d853dd6add4766f10dbd/objects/rct2ww/ride/rct2ww.ride.penguinb.json,bobsleigh_rc,13,rollercoaster,,,8,,2,600,200468,,not verified against original; not a production implementation registry,original media excluded; independently authored asset pending
rct2ww.ride.polarber,rct2ww,rct2ww,ride,0CBD0110|POLARBER|42F8E9E2,1,legacy identity metadata,objects/rct2ww/ride/rct2ww.ride.polarber.json,20cdee707f4f2ca7fd1dc1618589381ddb378dfb4a4b0a42729d452a23bff992,https://github.com/OpenRCT2/objects/blob/978f596972c1163dc670d853dd6add4766f10dbd/objects/rct2ww/ride/rct2ww.ride.polarber.json,compact_inverted_rc,73,rollercoaster,,2,7,,4,580,200468,,not verified against original; not a production implementation registry,original media excluded; independently authored asset pending
rct2ww.ride.rhinorid,rct2ww,rct2ww,ride,0CBD0310|RHINORID|CCE62FC6,1,legacy identity metadata,objects/rct2ww/ride/rct2ww.ride.rhinorid.json,9d7bdf6c94fbbc4c202d7cefed510c7b9b3a5f70df1c6ec7d34610c4d335778b,https://github.com/OpenRCT2/objects/blob/978f596972c1163dc670d853dd6add4766f10dbd/objects/rct2ww/ride/rct2ww.ride.rhinorid.json,spiral_rc,0,rollercoaster,,,4,,6,1100,357356,,not verified against original; not a production implementation registry,original media excluded; independently authored asset pending
rct2ww.ride.rocket,rct2ww,rct2ww,ride,0CBD0810|ROCKET  |D16519F9,1,legacy identity metadata,objects/rct2ww/ride/rct2ww.ride.rocket.json,20d2b6221e8bf353a4665a370708ab216abab4e189f250862d38e07e68c1c5f0,https://github.com/OpenRCT2/objects/blob/978f596972c1163dc670d853dd6add4766f10dbd/objects/rct2ww/ride/rct2ww.ride.rocket.json,suspended_swinging_rc,2,rollercoaster,,,8,,4,950,418368,,not verified against original; not a production implementation registry,original media excluded; independently authored asset pending
rct2ww.ride.rssncrrd,rct2ww,rct2ww,ride,0CBD0910|RSSNCRRD|3CDC14A6,1,legacy identity metadata,objects/rct2ww/ride/rct2ww.ride.rssncrrd.json,fca97195bae2f15f478cb5f92823e30263e35c5baf5634f1a813f898b5a822fc,https://github.com/OpenRCT2/objects/blob/978f596972c1163dc670d853dd6add4766f10dbd/objects/rct2ww/ride/rct2ww.ride.rssncrrd.json,mini_rc,87,rollercoaster,,,,,4,790,235332,,not verified against original; not a production implementation registry,original media excluded; independently authored asset pending
rct2ww.ride.sanftram,rct2ww,rct2ww,ride,0CBD0810|SANFTRAM|C15AC087,1,legacy identity metadata,objects/rct2ww/ride/rct2ww.ride.sanftram.json,9f7f0c1795c05e886cc4a5eebb071a5f4f0f00e974dc5a1a27e59b0496266a83,https://github.com/OpenRCT2/objects/blob/978f596972c1163dc670d853dd6add4766f10dbd/objects/rct2ww/ride/rct2ww.ride.sanftram.json,miniature_railway,5,transport,,3,4,,10;0,3000;,357356;34864,2,not verified against original; not a production implementation registry,original media excluded; independently authored asset pending
rct2ww.ride.seals,rct2ww,rct2ww,ride,0CBD0110|SEALS   |EC944C51,1,legacy identity metadata,objects/rct2ww/ride/rct2ww.ride.seals.json,a0d8e717bb51d6cc6fcbefcd58cd723418ba1a33238e839c40ccbb4e465c367e,https://github.com/OpenRCT2/objects/blob/978f596972c1163dc670d853dd6add4766f10dbd/objects/rct2ww/ride/rct2ww.ride.seals.json,corkscrew_rc,19,rollercoaster,,3,9,,4;4;0,600;500;50,261480;226616;52296,1,not verified against original; not a production implementation registry,original media excluded; independently authored asset pending
rct2ww.ride.skidoo,rct2ww,rct2ww,ride,0CBD0110|SKIDOO  |6C9D01B6,1,legacy identity metadata,objects/rct2ww/ride/rct2ww.ride.skidoo.json,00e7151373831610ccd27e3a1cdb5b645882e54d71b6583605fbc8db6b88b8e6,https://github.com/OpenRCT2/objects/blob/978f596972c1163dc670d853dd6add4766f10dbd/objects/rct2ww/ride/rct2ww.ride.skidoo.json,flying_saucers,70,gentle,,,,,1,190,139456,,not verified against original; not a production implementation registry,original media excluded; independently authored asset pending
rct2ww.ride.sloth,rct2ww,rct2ww,ride,0CC31B10|SLOTH   |575F4CAB,1,legacy identity metadata,objects/rct2ww/ride/rct2ww.ride.sloth.json,8488104032cd89adcd2e017516858ed1cb0afe97d14c4c205abdd39c7dcf48b7,https://github.com/OpenRCT2/objects/blob/978f596972c1163dc670d853dd6add4766f10dbd/objects/rct2ww/ride/rct2ww.ride.sloth.json,suspended_swinging_rc,2,rollercoaster,,,8,,4,950,313776,,not verified against original; not a production implementation registry,original media excluded; independently authored asset pending
rct2ww.ride.sputnikr,rct2ww,rct2ww,ride,0CBD0910|SPUTNIKR|8EA42112,1,legacy identity metadata,objects/rct2ww/ride/rct2ww.ride.sputnikr.json,a32521585fb4ff71a3f5b6b9cd3816a6ed81ba1883159e5eb11a8f01c543d0ca,https://github.com/OpenRCT2/objects/blob/978f596972c1163dc670d853dd6add4766f10dbd/objects/rct2ww/ride/rct2ww.ride.sputnikr.json,mini_suspended_rc,7,rollercoaster,,,,,2,320,165604,,not verified against original; not a production implementation registry,original media excluded; independently authored asset pending
rct2ww.ride.steamtrn,rct2ww,rct2ww,ride,0CBCFC10|STEAMTRN|F4C15AAC,1,legacy identity metadata,objects/rct2ww/ride/rct2ww.ride.steamtrn.json,85d1cfea14a308ddf8b2ada9a36bb344d0c9c3f82052deeb821c71166fb636ec,https://github.com/OpenRCT2/objects/blob/978f596972c1163dc670d853dd6add4766f10dbd/objects/rct2ww/ride/rct2ww.ride.steamtrn.json,miniature_railway,5,transport,,3,8,,0;0;6,3000;110;600,296344;183036;270196,2,not verified against original; not a production implementation registry,original media excluded; independently authored asset pending
rct2ww.ride.stgccstr,rct2ww,rct2ww,ride,0CC4F710|STGCCSTR|C9C465F5,1,legacy identity metadata,objects/rct2ww/ride/rct2ww.ride.stgccstr.json,5ead024df3243019e755a9b288db67fc9384a8bd95ee52dd279203cf1b539395,https://github.com/OpenRCT2/objects/blob/978f596972c1163dc670d853dd6add4766f10dbd/objects/rct2ww/ride/rct2ww.ride.stgccstr.json,wooden_rc,52,rollercoaster,,,,,4,2160,209184,,not verified against original; not a production implementation registry,original media excluded; independently authored asset pending
rct2ww.ride.surfbrdc,rct2ww,rct2ww,ride,0CBD0810|SURFBRDC|D0447CB8,1,legacy identity metadata,objects/rct2ww/ride/rct2ww.ride.surfbrdc.json,f25815ec97817896f13a241fffc502030358fa8f9157531439a05c85d0ae6517,https://github.com/OpenRCT2/objects/blob/978f596972c1163dc670d853dd6add4766f10dbd/objects/rct2ww/ride/rct2ww.ride.surfbrdc.json,twister_rc,51,rollercoaster,,4,9,,4;0,740;525,130740;69728,1,not verified against original; not a production implementation registry,original media excluded; independently authored asset pending
rct2ww.ride.taxicstr,rct2ww,rct2ww,ride,0CC4D810|TAXICSTR|1724490B,1,legacy identity metadata,objects/rct2ww/ride/rct2ww.ride.taxicstr.json,1fea7ec0b92b1b941e3d2e1aa33e5e6fb537abb5a00a89f7b065f1575283d660,https://github.com/OpenRCT2/objects/blob/978f596972c1163dc670d853dd6add4766f10dbd/objects/rct2ww/ride/rct2ww.ride.taxicstr.json,giga_rc,68,rollercoaster,,3,8,,4;4;0,600;500;50,244048;226616;52296,1,not verified against original; not a production implementation registry,original media excluded; independently authored asset pending
rct2ww.ride.tgvtrain,rct2ww,rct2ww,ride,0CBD0910|TGVTRAIN|B9C286EC,1,legacy identity metadata,objects/rct2ww/ride/rct2ww.ride.tgvtrain.json,18553e73c06bd0eda8d29b3676c351b27ad4faf1ac99704f2fbbafe48a22c890,https://github.com/OpenRCT2/objects/blob/978f596972c1163dc670d853dd6add4766f10dbd/objects/rct2ww/ride/rct2ww.ride.tgvtrain.json,lim_launched_rc,90,rollercoaster,,3,8,,4;4;0,600;500;50,244048;244048;78444,1,not verified against original; not a production implementation registry,original media excluded; independently authored asset pending
rct2ww.ride.tigrtwst,rct2ww,rct2ww,ride,0CBCFC10|TIGRTWST|16352D82,1,legacy identity metadata,objects/rct2ww/ride/rct2ww.ride.tigrtwst/object.json,358e8b9e6e4e114a231da1f130dc84fb4fad44b35197eabce5a67a5f1c0faf20,https://github.com/OpenRCT2/objects/blob/978f596972c1163dc670d853dd6add4766f10dbd/objects/rct2ww/ride/rct2ww.ride.tigrtwst/object.json,heartline_twister_rc,66,rollercoaster,,,,,4;4,950;950,278912;278912,,not verified against original; not a production implementation registry,original media excluded; independently authored asset pending
rct2ww.ride.tutlboat,rct2ww,rct2ww,ride,0CBD0E10|TUTLBOAT|DF756C74,1,legacy identity metadata,objects/rct2ww/ride/rct2ww.ride.tutlboat.json,90f0aa1831a3a309fa48c9dda033773ce2b64330c98620869fa74321990e2072,https://github.com/OpenRCT2/objects/blob/978f596972c1163dc670d853dd6add4766f10dbd/objects/rct2ww/ride/rct2ww.ride.tutlboat.json,boat_hire,8,water;thrill,,,,,2,140,270196,,not verified against original; not a production implementation registry,original media excluded; independently authored asset pending
rct2ww.ride.whicgrub,rct2ww,rct2ww,ride,0CBD0E10|WHICGRUB|EC26BF09,1,legacy identity metadata,objects/rct2ww/ride/rct2ww.ride.whicgrub.json,1554481885b9a7d80db42e6e5393776c3bf9a03722a1e0fcd70fe250b90dd4b5,https://github.com/OpenRCT2/objects/blob/978f596972c1163dc670d853dd6add4766f10dbd/objects/rct2ww/ride/rct2ww.ride.whicgrub.json,junior_rc,4,rollercoaster,,5,15,,2;2;0,240;220;,148172;122024;34864,2,not verified against original; not a production implementation registry,original media excluded; independently authored asset pending
